word_mf2,label_raw,c_numerical,num_cnum,sentence_sep
您好很高兴为您服务哎你好哎你好哎想把这个号码设置呼叫转移咋整您是所有来电都要转移吗那边您知道密码吧我不知道那您可以通过手机上来进行设置如果呼叫转移成功以后的话他是要收费的转接到别的号码上一分钟一毛钱呃我把这个设置的方式给您发过去一会您按照短信提示就能设置还有其他的方法也发给您随时您的也可以取消好谢谢啊不客气啊请问还有什么可以帮您吗没有,办理下载/设置,30,2,您好很高兴为您服务[SEP]哎你好[SEP]哎你好[SEP]哎想把这个号码设置呼叫转移咋整[SEP]您是所有来电都要转移吗[SEP]那边[SEP]您知道密码吧[SEP]我不知道[SEP]那您可以通过手机上来进行设置如果呼叫转移成功以后的话他是要收费的转接到别的号码上一分钟一毛钱呃我把这个设置的方式给您发过去一会您按照短信提示就能设置还有其他的方法也发给您随时您的也可以取消好谢谢啊不客气啊请问还有什么可以帮您吗[SEP]没有
您好您好请讲哎你好你给我那个呃那个这个手机里彩铃给我换一下呗我原先是那个他们现在彩铃都能的声音的都忘了都是了谢谢好的请稍等一下啊我问一下我那天提示嗯女士您是说您的这个彩铃怎么了我想就换一个彩铃听为什么就东西喂你好我在听了女士您说一下您现在说什么我这现在这彩铃打一个电话一个升一个打一个电话一个彩铃啊就您现在彩铃循环播放的您是想给他改成了一个是吧对呀拨打幺二五三零人工台然后跟他说就行这些完了费用还是不花还是是不还是这个费用您打幺二五三零是正常收通话费的啊那行嗯请问还有其他能帮助到您的吗没有了没有了,办理下载/设置,30,2,您好您好请讲哎你好你给我那个呃那个这个手机里彩铃给我换一下呗我原先是那个他们现在彩铃都能的声音的都忘了都是了谢谢[SEP]好的[SEP]请稍等一下啊[SEP]我问一下我那天提示嗯女士您是说您的这个彩铃怎么了[SEP]我想就换一个彩铃听为什么就东西喂你好[SEP]我在听了女士您说一下您现在说什么我这现在这彩铃打一个电话一个升一个打一个电话一个彩铃啊就您现在彩铃循环播放的您是想给他改成了一个是吧对呀拨打幺二五三零人工台然后跟他说就行这些完了费用还是不花还是是不还是这个费用[SEP]您打幺二五三零是正常收通话费的啊那行嗯请问还有其他能帮助到您的吗[SEP]没有了没有了
您好请讲哎你好那个我想把我这个我把我手机那个彩铃设置成那个嗯你所拨打的电话无法接通呃女士我们这边直接给您设不了彩铃我们只能负责帮您开彩铃这项业务的话谢谢请您先讲啊开完了之后完我今天下载完直接设置才可以啊对但是说您开完彩铃业务之后您得需要拨打幺二五三零去问一下他们人工服务有没有这样的铃音如果有的话您就可以进行设置给我查一下一百你这边给我开通我说打幺二五三零完再在那边再跟他说对或者是说我因为我不确定他们现在有没有这种这种明年的您也可以先问一下他们如果有这种铃音之后您再办理这个彩铃要不然您办完之后设不了的话可能就得扣钱了就白瞎这个费用了啊好的好的谢谢啊不客气自己然后打幺二五三零是正常收通话费的啊好的好的支付宝谢谢啊不客气对祝您节日愉快再见再见,办理下载/设置,30,2,您好请讲哎你好[SEP]那个我想把我这个我把我手机那个彩铃设置成那个嗯你所拨打的电话无法接通[SEP]呃女士我们这边直接给您设不了彩铃我们只能负责帮您开彩铃这项业务[SEP]的话谢谢[SEP]请您先讲[SEP]啊开完了之后完我今天下载完直接设置才可以啊[SEP]对但是说您开完彩铃业务之后您得需要拨打幺二五三零去问一下他们人工服务有没有这样的铃音如果有的话您就可以进行设置[SEP]给我查一下一百你这边给我开通我说打幺二五三零完再在那边再跟他说[SEP]对或者是说我因为我不确定他们现在有没有这种这种明年的您也可以先问一下他们如果有这种铃音之后您再办理这个彩铃要不然您办完之后设不了的话可能就得扣钱了就白瞎这个费用了啊好的好的谢谢啊不客气[SEP]自己[SEP]然后打幺二五三零是正常收通话费的啊好的好的[SEP]支付宝[SEP]谢谢啊不客气[SEP]对[SEP]祝您节日愉快再见[SEP]再见
您好请讲哎你好哎你给我开一个那个流量那个加油包吧女士请问是十块钱一百兆的流量加油包吗还有多少钱的除了十块钱一百兆呢有二十三百兆三十五百兆呃再多一些的话也有但是今天办的话都是收您一半的费用给您一半的流量的女士啊那你给我开三十五百兆的吧然后那个我刚才听了语音提示说什么玩意还能送一g流量啥的那个活动吗您说的这个一个g呀女士是您下载咱们幺零零八六ip客户端成功登陆之后里面有个现在送豪礼的活动您点击一键签到获取流量币通过流量币呀最多能获赠一个g的省内流量的咱们现在有这个活动了啊啊那行先给我开个加油包吧那那个就是什么幺零零八六客户端那个咋下载呀你给我发一个链接呀还怎么的对我给您下发一个王纸然后我建议您呢在wifi的情况下给它登陆一下进行参与好吗啊行一会给我发过来吧完了加油包呢先给我开的请问您的手机尾号是八幺幺八请问对吗啊对那这现在办理的话收您十五块钱给您两百五十兆行请问您想长期用还是月底自动取消女士我月底想要取消那这个流量啊只能当月用超出的资费了我给您下发到手机上只要您稍后收到短信就能用了女士啊行谢谢啊吧三天就自动取消了呀恩对就不用您再拨打过来了啊行行谢谢你啊不客气王纸我也发送了请问还有什么可以帮助您啊没有了好了再见恩祝您生活愉快再见,办理下载/设置,30,2,您好请讲[SEP]哎你好哎你给我开一个那个流量那个加油包吧[SEP]女士请问是十块钱一百兆的流量加油包吗[SEP]还有多少钱的[SEP]除了十块钱一百兆呢有二十三百兆三十五百兆呃再多一些的话也有但是今天办的话都是收您一半的费用给您一半的流量的女士[SEP]啊那你给我开三十五百兆的吧然后那个我刚才听了语音提示说什么玩意还能送一g流量啥的那个活动吗[SEP]您说的这个一个g呀女士是您下载咱们幺零零八六ip客户端成功登陆之后里面有个现在送豪礼的活动您点击一键签到获取流量币通过流量币呀最多能获赠一个g的省内流量的[SEP]咱们现在有这个活动了啊啊那行先给我开个加油包吧那那个就是什么幺零零八六客户端那个咋下载呀你给我发一个链接呀还怎么的[SEP]对我给您下发一个王纸然后我建议您呢在wifi的情况下给它登陆一下进行参与好吗[SEP]啊行一会给我发过来吧完了加油包呢先给我开的[SEP]请问您的手机尾号是八幺幺八请问对吗[SEP]啊对[SEP]那这现在办理的话收您十五块钱给您两百五十兆[SEP]行[SEP]请问您想长期用还是月底自动取消女士[SEP]我月底想要取消[SEP]那这个流量啊只能当月用超出的资费了我给您下发到手机上只要您稍后收到短信就能用了女士[SEP]啊行谢谢啊吧三天就自动取消了呀[SEP]恩对就不用您再拨打过来了[SEP]啊行行谢谢你啊[SEP]不客气王纸我也发送了请问还有什么可以帮助您[SEP]啊没有了好了[SEP]再见恩祝您生活愉快再见
您好请讲哎你好帮我查一下我这有多少套餐怎么套餐都都怎么消费的请稍等我帮您查询一下您好我帮您查了一下您这张卡有一个八块钱的月租十块钱七十兆的流量智能套餐五块钱的彩铃最低消费十块或者用完的了这个八块钱不不不不包括你了那个八块钱里边不带彩铃的我知道最低消费十块钱那个是怎么事啊您现在每个月扣您费用的一共是二十三已经超过最低消费了不用再考虑最低消费了你把那个流量给我取消可以取消之后剩的流量能用到月末不能结转到下个月用请问可以了你们给我取消你你那彩铃我的彩铃怎么换呢那您是不是原来的铃音已经到期了那这个您可以拨打幺二五三零您问一下幺二五八零啊幺二五三零幺二五三零是吧对拨打幺二五三零正常收取通话费的然后十块钱的流量我帮您取消了啊你这个彩铃能能取消啊彩铃可以取消取消之后现在立即就不能用了您看现在取消还是月末取消哎这钱不已经花了吗对本月的钱已经花了但是现在取消彩铃是立即就不能用了这样话我这反映怎么换换歌呢就是换换换别的不是原来这个了那就证明您原来的那个铃音有可能会到期所以说您可以拨打幺二五三零您先问一下啊行行行他这能查出那个那个记录是不是嗯这个我这边没有具体显示您拨打幺二五三零二零也是进入到人工台您问一下行行行行幺二三个六对然后拨打这个幺二五三零正常收取通话费的啊行谢谢不客气彩铃没有帮您取消十块钱的流量已经帮您取消了所有的费用不客气请问还有什么可以帮助您没有了谢谢不客气祝您生活愉快再见,办理下载/设置,30,2,您好请讲[SEP]哎你好帮我查一下我这[SEP]有多少套餐怎么套餐[SEP]都都怎么消费的[SEP]请稍等我帮您查询一下您好我帮您查了一下您这张卡有一个八块钱的月租十块钱七十兆的流量智能套餐五块钱的彩铃最低消费十块或者用完的了[SEP]这个八块钱不不不不包括你了那个[SEP]八块钱里边不带彩铃的[SEP]我知道最低消费十块钱那个是怎么事啊[SEP]您现在每个月扣您费用的一共是二十三已经超过最低消费了不用再考虑最低消费了[SEP]你把那个流量给我取消[SEP]可以取消之后剩的流量能用到月末不能结转到下个月用请问可以了你们给我取消你你那彩铃我的彩铃怎么换呢那您是不是原来的铃音已经到期了那这个您可以拨打幺二五三零您问一下[SEP]幺二五八零啊[SEP]幺二五三零[SEP]幺二五三零是吧[SEP]对拨打幺二五三零正常收取通话费的然后十块钱的流量我帮您取消了[SEP]啊你这个彩铃能能取消啊[SEP]彩铃可以取消取消之后现在立即就不能用了您看现在取消还是月末取消[SEP]哎这钱不已经花了吗[SEP]对本月的钱已经花了但是现在取消彩铃是立即就不能用了[SEP]这样话我这反映怎么换换歌呢就是换换换别的不是原来这个了[SEP]那就证明您原来的那个铃音有可能会到期所以说您可以拨打幺二五三零您先问一下[SEP]啊行行行他这能查出那个那个记录是不是[SEP]嗯这个我这边没有具体显示您拨打幺二五三零二零也是进入到人工台您问一下[SEP]行行行行幺二[SEP]三个六对然后拨打这个幺二五三零正常收取通话费的啊行谢谢不客气彩铃没有帮您取消十块钱的流量已经帮您取消了[SEP]所有的费用[SEP]不客气请问还有什么可以帮助您没有了谢谢不客气祝您生活愉快再见
您好很高兴为您服务您好请讲要有号他停机了麻烦你给他开通一下吧好您报一下号码呃幺五零幺五零九三三八九三三八三四三四三四三四请稍等现在卡三个g好这边已经帮您开好了现在可以放心用了好行好好,办理停复机,20,2,您好很高兴为您服务您好请讲[SEP]要有号他停机了麻烦你给他开通一下吧[SEP]好您报一下号码呃幺五零幺五零[SEP]九三三八[SEP]九三三八[SEP]三四三四[SEP]三四三四请稍等现在卡三个g好这边已经帮您开好了现在可以放心用了[SEP]好行好好
很高兴服务呃你好就是我有个号段之前办那个紧急停机我想要它开机卡报一下号码呃幺三七幺三七二三六二二三零二还是二三六二二三六二二十二然后就呃三五三五您是有身份证号码还是服务密码这个身份证号码好的请您输入身份证号码验证唉块好的帮您开过机了啊好谢谢啊好不客气还有什么疑问吗啊没有了,办理停复机,20,2,很高兴服务[SEP]呃你好就是我有个号段之前办那个紧急停机我想要它开机[SEP]卡报一下号码[SEP]呃幺三七[SEP]幺三七[SEP]二三六二[SEP]二三零二还是二三六二[SEP]二三六二[SEP]二十二然后[SEP]就呃三五三五[SEP]您是有身份证号码还是服务密码[SEP]这个身份证号码[SEP]好的请您输入身份证号码验证唉块好的帮您开过机了[SEP]啊好谢谢啊[SEP]好不客气还有什么疑问吗[SEP]啊没有了
您好请讲哎你好我那个怎么说就是我这个绑定到报停了完别的了请问号码是多少那个四四八五唉呀四四八八可以请问有密码吗尤请根据提示输入密码请您请您稍等一下哎幺三五呃要密码的您好啊您好讲我们真的输入正确帮您复通之后当月的固定费用和最低消费正常收取的短信互通的是吧喂行好的已经开通了先生啊行请问您还有其他问题需要咨询吗没了好了谢谢哦,办理停复机,20,2,您好请讲[SEP]哎你好我那个怎么说就是我这个绑定到报停了完别的了[SEP]请问号码是多少[SEP]那个四四八五[SEP]唉呀[SEP]四四八八可以[SEP]请问有密码吗[SEP]尤[SEP]请根据提示输入密码请您请您稍等一下[SEP]哎幺三五呃要密码的[SEP]您好[SEP]啊您好讲我们[SEP]真的输入正确帮您复通之后当月的固定费用和最低消费正常收取的短信互通的是吧[SEP]喂行[SEP]好的已经开通了先生[SEP]啊行[SEP]请问您还有其他问题需要咨询吗[SEP]没了好了谢谢哦
您好很高兴为您服务谢谢啊喂呃是不是喂你好我是那个手机号报开呃办理紧急开机是吗啊我手机昨天昨天咋挂失啊昨天挂失了今天我开先帮我开一下啊好的那您说一下那个手机号码幺三六幺三七幺八四幺二幺三七幺三七幺八四幺八幺八四幺二八好的请稍等好的好的嗯那您记得身份证号码还是服务密码的再见呃身份证身份证号码给给你说吧好的那您输入一下身份证号码不要挂机什么啊嗯嗯嗯好的请稍等啊现在这个业务已经帮您办理成功了已经帮您紧急开机啦我已经成功了是吧好的好谢谢啊哎行好,办理停复机,20,2,您好很高兴为您服务[SEP]谢谢啊喂呃是不是喂你好我是那个手机号报开[SEP]呃办理紧急开机是吗[SEP]啊我手机昨天昨天咋挂失啊昨天挂失了今天我开先帮我开一下[SEP]啊好的那您说一下那个手机号码[SEP]幺三六幺三七幺八四幺二幺三七[SEP]幺三七[SEP]幺八四幺八[SEP]幺八四幺二[SEP]八[SEP]好的请稍等[SEP]好的[SEP]好的嗯那您记得身份证号码还是服务密码的[SEP]再见呃身份证身份证号码给给你说吧[SEP]好的那您输入一下身份证号码不要挂机[SEP]什么啊[SEP]嗯嗯嗯好的请稍等啊现在这个业务已经帮您办理成功了已经帮您紧急开机啦[SEP]我已经成功了是吧好的好谢谢啊哎行好
哦早上好欢迎使用幺零零八六应急处理查询请将呃对咱们卡上那个我想让它说挂失一下手机上了请问号码多少幺三八四三零四幺六三八幺三八四三零四幺六三八对吗啊对请问有这张卡的服务密码吗什么忙这张卡的服务密码六位的哦我不知道那个您这卡是用身份证办的吗对提供一下身份证号码好二二零三八幺一九九五零五二八什么七二一九姓名忘审二二零三八幺一九九五零五二八七二幺九对吧对很抱歉这卡不是您身份证办的呀先生不是这个身份证办的不是我身份证办的这个不是您说这身份证号手机号是幺三八四三零四幺六三八对吧对嗯就是您这个二二零三八幺一九九五零五二八七幺幺酒办的不是的身份证啊不是的身份证啊啊我我知道就是您在问一下对然后再与我们联系帮您办理报停好好好还有什么可以帮助您啊没有祝您生活愉快再见,办理停复机,20,2,哦[SEP]早上好欢迎使用幺零零八六应急处理查询请将[SEP]呃对咱们卡上那个我想让它说挂失一下手机上了[SEP]请问号码多少[SEP]幺三八四三零四幺六三八[SEP]幺三八四三零四幺六三八对吗[SEP]啊对[SEP]请问有这张卡的服务密码吗[SEP]什么忙[SEP]这张卡的服务密码六位的[SEP]哦我不知道那个[SEP]您这卡是用身份证办的吗[SEP]对[SEP]提供一下身份证号码[SEP]好二二零三八幺一九九五零五二八什么七二一九[SEP]姓名[SEP]忘审[SEP]二二零三八幺一九九五零五二八七二幺九对吧[SEP]对[SEP]很抱歉这卡不是您身份证办的呀先生不是这个身份证办的[SEP]不是我身份证办的[SEP]这个不是您说这身份证号手机号是幺三八四三零四幺六三八对吧[SEP]对嗯[SEP]就是您这个二二零三八幺一九九五零五二八七幺幺酒办的不是的身份证[SEP]啊不是的身份证啊啊我我知道[SEP]就是您在问一下对然后再与我们联系帮您办理报停[SEP]好好好[SEP]还有什么可以帮助您[SEP]啊没有[SEP]祝您生活愉快再见
您好很高兴为您服务喂你好我那个手机那个流量三十元的那个加油包到到期了帮我关了吧,办理取消,1,2,您好很高兴为您服务[SEP]喂你好我那个手机那个流量三十元的那个加油包到到期了帮我关了吧
高兴服务喂你好给我查一下这手机都开通啥业务您现在收费的十八套餐一个三十元的流量包校讯通是两个学生哦那个三十元流量包给我去掉给我去可以去掉吧啊行那就不用了吗不用了行那它这个取消立即生效我看里面还有赠送的省内流量那取消之后就不能再用了好吧好不用了不是去掉了还有那个一个一个还有一个校讯通可以给我去掉不能给我送那个校讯通还有可以去掉吗嗯我说一个一个来咱们先取消这个流量包再用那个校讯通的好吧,办理取消,1,2,高兴服务[SEP]喂你好给我查一下这手机都开通啥业务[SEP]您现在收费的十八套餐一个三十元的流量包校讯通是两个学生[SEP]哦那个三十元流量包给我去掉给我去可以去掉吧[SEP]啊行那就不用了吗[SEP]不用了[SEP]行那它这个取消立即生效我看里面还有赠送的省内流量那取消之后就不能再用了好吧[SEP]好不用了不是去掉了还有那个一个一个还有一个校讯通可以给我去掉不能给我送那个校讯通还有可以去掉吗[SEP]嗯我说一个一个来咱们先取消这个流量包再用那个校讯通的好吧
呃您好很高兴为您服务喂你好我想我想问一下就是说什么开一个八块钱的彩铃啊开了吗你看看啊我帮您核实一下在这边显示彩铃已经开了请问不想要吗不是就开了个人说扣了吗这个费用的话在这边显示扣了就是说现在没扣它稍后也会扣的啊就是那我现在不要就是不敢骗了呗对是的请按一那那要是我下个月不想让我等下个月再取消吧那您需要在这个月的月末之前取消哎行怎么谁说的我都不道那行好了那我这边帮您取消了不是怎么写现在取消不也扣费了吗对是的那您要记得月末之前联系我们取消要不然下个月收费可以吗啊我就我就说我用啊来天呗这钱都花了可以的那请问还有什么可以帮助您的没事了好了,办理取消,1,2,呃[SEP]您好很高兴为您服务[SEP]喂你好我想我想问一下就是说什么开一个八块钱的彩铃啊开了吗你看看[SEP]啊我帮您核实一下在这边显示彩铃已经开了请问不想要吗[SEP]不是就开了个人说扣了吗[SEP]这个费用的话在这边显示扣了就是说现在没扣它稍后也会扣的[SEP]啊就是那我现在不要就是不敢骗了呗[SEP]对是的请[SEP]按一那那要是我下个月不想让我等下个月再取消吧[SEP]那您需要在这个月的月末之前取消[SEP]哎行[SEP]怎么[SEP]谁说的我都不道那行[SEP]好了那我这边帮您取消了[SEP]不是怎么写现在取消不也扣费了吗[SEP]对是的那您要记得月末之前联系我们取消要不然下个月收费可以吗[SEP]啊我就我就说我用啊来天呗这钱都花了[SEP]可以的那请问还有什么可以帮助您的[SEP]没事了好了
您好请讲喂你好你能查查我手机都有啥业务好的我帮您看一下您这张卡现在用的是神州行大众卡每个月月租是三块钱包含彩铃包月额外您开了一个四十元七百兆的国内流量包十元一百兆的国内流量包基本上那个呗是吧十块钱那个给我取消吗十块钱那个取消是到月末它自动就失效了下个月就没有了啊四十块钱的是什么意思四十块钱七百兆的国内流量包不说完到那个晚上返二十吗那您办的时候有跟您说是吗对呀说了吗那这个具体的我们这边不清楚可能办的时候告诉您有返还他要是告诉您了就是有返还啊完了说还是什么四十元七百兆完赠送八百兆呀您是接到的电话吗还是通过哪里面就接电话是幺零八六打电话您这里有七百兆的国内流量他说不赠送八百兆那个那可能是现在赠送的还没有到账因为看到您这是刚开通的建议您这几天再打电话关注一下啊啊您还有其他的问题吗啊我,办理取消,1,2,您好请讲[SEP]喂你好你能查查我手机都有啥业务[SEP]好的我帮您看一下您这张卡现在用的是神州行大众卡每个月月租是三块钱包含彩铃包月额外您开了一个四十元七百兆的国内流量包十元一百兆的国内流量包[SEP]基本上那个呗是吧十块钱那个给我取消吗[SEP]十块钱那个取消是到月末它自动就失效了下个月就没有了[SEP]啊四十块钱的是什么意思[SEP]四十块钱七百兆的国内流量包[SEP]不说完到那个晚上返二十吗[SEP]那您办的时候有跟您说是吗[SEP]对呀说了吗[SEP]那这个具体的我们这边不清楚可能办的时候告诉您有返还他要是告诉您了就是有返还[SEP]啊完了说还是什么四十元七百兆完赠送八百兆呀[SEP]您是接到的电话吗还是通过哪里面[SEP]就接电话是幺零八六打电话[SEP]您这里有七百兆的国内流量[SEP]他说不赠送八百兆那个[SEP]那可能是现在赠送的还没有到账因为看到您这是刚开通的建议您这几天再打电话关注一下[SEP]啊啊[SEP]您还有其他的问题吗[SEP]啊我
哎呀您好很高兴为您服务谢谢喂你好现在这个因为这个这个号看了一下服务他是假的那个那个确实先使用这个是飞享套餐全国版的三十八一个月另外开通校讯通平安家校十块流量包还有这个校讯通三教育彩信那其他我帮您查询了一下没有什么收费业务了教育彩信都是按月两块这个亲情包不要了行但是需要发短信取消指令我发给您了是四个零您稍后先把它发送给幺零零八六发送完之后呢系统会给您回个信息提示您订购业务一是什么二是什么您看一下哪一项不需要在短信回复对应的序列号数字就可以进行取消卡这个平安家校多少钱那个挂了这是三十八了吧三十八了包月那个我三十八三十八包是县区那个五十分钟全国通话三百兆国内流量送十二个月每月送一百三十分钟本地通话和一百五十兆省内流量还有来电显示都包含在里面我把套餐资费也发给您看一下好你帮我把这看看行好的那您看其他需要能够帮到您的吗都是我不要了去了要不要流量开流量啊您说把十块流量包取消对对对行立即生效直接累计的也不能用按个一我帮您取消按一好确认成功我帮您取消过了好的谢谢啊不客气那其他需要帮到您的吗啊不需要了,办理取消,1,2,哎呀您好很高兴为您服务[SEP]谢谢喂你好现在这个因为这个这个号看了一下服务他是假的那个那个[SEP]确实先使用这个是飞享套餐全国版的三十八一个月另外开通校讯通平安家校十块流量包还有这个校讯通三教育彩信那其他我帮您查询了一下没有什么收费业务了[SEP]教育彩信都是按月[SEP]两块[SEP]这个亲情包不要了[SEP]行但是需要发短信取消指令我发给您了是四个零您稍后先把它发送给幺零零八六发送完之后呢系统会给您回个信息提示您订购业务一是什么[SEP]二是什么[SEP]您看一下哪一项不需要在短信回复对应的序列号数字就可以进行取消[SEP]卡这个平安家校多少钱那个挂了这是三十八了吧三十八了包月那个我三十八三十八包是县区那个[SEP]五十分钟全国通话三百兆国内流量送十二个月每月送一百三十分钟本地通话和一百五十兆省内流量还有来电显示都包含在里面我把套餐资费也发给您看一下[SEP]好你帮我把这看看[SEP]行好的那您看其他需要能够帮到您的吗[SEP]都是我不要了去了要不要流量开流量啊[SEP]您说把十块流量包取消[SEP]对对对[SEP]行立即生效直接累计的也不能用按个一我帮您取消按一好确认成功我帮您取消过了[SEP]好的谢谢啊[SEP]不客气那其他需要帮到您的吗[SEP]啊不需要了
您好很高兴为您服务呃呃我有一个号码你帮我转成十八元套餐吧号码是幺五九七八六零二三九九转套餐需要本机打过来才可以哦那行,办理变更,15,2,您好很高兴为您服务[SEP]呃呃我有一个号码你帮我转成十八元套餐吧号码是幺五九七八六零二三九九转套餐需要本机打过来才可以[SEP]哦那行
您好很高兴为您服务哎你好麻烦你帮我把这手机三十八套餐改成十八的套餐的呃这个套餐的话我看一下换的话您这个需要到营业厅来进行办理了呃为什么原来是原来幺零零八六不是能操作吗嗯因为这个现在降低套餐的话我们这边现在系统不支持的这个得到营业厅那边来厅直接办了哦去去新路营业厅哦都可以的只要是正规的移动营业大厅都行哦好谢谢啊,办理变更,15,2,您好很高兴为您服务[SEP]哎你好麻烦你帮我把这手机三十八套餐改成十八的套餐的[SEP]呃这个套餐的话我看一下换的话您这个需要到营业厅来进行办理了[SEP]呃为什么原来是原来幺零零八六不是能操作吗[SEP]嗯因为这个现在降低套餐的话我们这边现在系统不支持的这个得到营业厅那边来厅直接办了[SEP]哦去去新路营业厅[SEP]哦都可以的只要是正规的移动营业大厅都行[SEP]哦好谢谢啊
您好请讲你好就是你帮我换一个套餐吧这个手机请问有密码吗有有密码那个密码好像有吧试一下子请稍等给您提示音稍后输入一下四毛九诶我看一下我诶诶您好四四二零六二五百好嘞喂你好还有我现在谢谢您好请讲包月再见诶您好您好你好就是为您服务刚才诶一百五十兆呃您需要验密码输入错误了啊我那个手机密码好像我没有设置啊应该是随机密码吧又又回来说它自己随机的那请问这张卡是用您身份证入网办的吗对我身份证入网办的我稍后给您转到语音台用身份证号重新设置一下密码然后再联系我们好吧请您稍等一下不客气,办理变更,15,2,您好请讲[SEP]你好就是你帮我换一个套餐吧这个手机[SEP]请问有密码吗[SEP]有有密码那个密码好像有吧试一下子[SEP]请稍等给您提示音稍后输入一下[SEP]四[SEP]毛九诶我看一下我诶诶[SEP]您好[SEP]四四二零六二五百好嘞喂你好还有[SEP]我[SEP]现在谢谢您好请讲包月再见诶您好您好你好就是为您服务刚才诶一百五十兆呃您需要验密码输入错误了[SEP]啊我那个手机密码好像我没有设置啊应该是随机密码吧又又回来说它自己随机的[SEP]那请问这张卡是用您身份证入网办的吗[SEP]对我身份证入网办的[SEP]我稍后给您转到语音台用身份证号重新设置一下密码然后再联系我们好吧请您稍等一下[SEP]不客气
您好请讲哎您好你好刚才给我打电话说要给我办那个一月五十八的套餐嗯嗯是不是刚才给我打了非常抱歉这个通话记录咱们系统是查不到的之前是有接到这样电话吗刚才给我刚才给我打个给我办我自己的套餐这个一月给多少流量我就不用了我还用每月十块钱的套餐就够用恩您当时让他同同意让他给您办了吗他说从下个月开始我完我一下子同意爱丹路那边也说根本用不着好的那您稍等一下我帮您记录上报一下先生呃感谢耐心等待先生这个情况我帮您进行记录上报了然后由我们上级部门处理好了会给您打电话的请您关注一下回复电话嗯那请问还有什么问题可以帮您的没啥问题是这个问题我就不办了还是按原前那个就行了参加那一块钱一月十块钱恩好的您等待一下回复电话吧行,办理变更,15,2,您好请讲哎[SEP]您好[SEP]你好刚才给我打电话说要给我办那个一月五十八的套餐[SEP]嗯嗯[SEP]是不是刚才给我打了[SEP]非常抱歉这个通话记录咱们系统是查不到的之前是有接到这样电话吗[SEP]刚才给我刚才给我打个给我办我自己的套餐这个一月给多少流量我就不用了我还用每月十块钱的套餐就够用[SEP]恩您当时让他同同意让他给您办了吗[SEP]他说从下个月开始我完我一下子同意爱丹路那边也说根本用不着[SEP]好的那您稍等一下我帮您记录上报一下先生[SEP]呃[SEP]感谢耐心等待先生这个情况我帮您进行记录上报了然后由我们上级部门处理好了会给您打电话的请您关注一下回复电话嗯那请问还有什么问题可以帮您的[SEP]没啥问题是这个问题我就不办了还是按原前那个就行了[SEP]参加那[SEP]一块钱一月十块钱[SEP]恩好的您等待一下回复电话吧[SEP]行
您好请讲喂你好我这个想修改一下套餐您要改什么套餐就改那个最低那个八块钱那个不要流量的行身份证密码吗为您办理再见有请按照提示输入密码按井号键结束你好好嘞谢谢啊不客气请稍等三百哦卡套餐月租八块赠送给您五十分钟全国通话还有来电显超过之后呢全国打一毛九接免费那它那个办理的话下月生效哎好嘞然后额外咱们现在有一个来电提醒业务这个留着吗还是取消一个月三块来电提醒一月三块留着还是取消没了啊这个留着吧那就以后十一块钱消费了行吗啊好的谢谢然后不客气然后改完这个套餐之后的话咱们现在手机里面有一个除了这个您现在不是三十八套餐嘛它额外给您赠一个五百兆省内量如果现在就改完这个五百兆省内流量是立即失效现在就不能使用了行吗他那我那五百兆不要了行然后现在改套餐之后的话您原套餐的流量也是也截止啊这流量不不结转月末清零哎那行吧好的请稍等正在办理别着急啊请说对对对为您改完了八元套餐七月一号生效好嘞下月一号能生效是吧对是的啊好嘞谢谢不客气请问还有什么能帮您啊没有了没有了好的祝您生活愉快再见,办理变更,15,2,您好请讲[SEP]喂你好我这个想修改一下套餐[SEP]您要改什么套餐[SEP]就改那个最低那个八块钱那个不要流量的行身份证密码吗为您办理再见[SEP]有[SEP]请按照提示输入密码按井号键结束你好好嘞谢谢啊不客气请稍等[SEP]三百[SEP]哦[SEP]卡套餐月租八块赠送给您五十分钟全国通话还有来电显[SEP]超过之后呢全国打一毛九接免费那它那个办理的话下月生效哎好嘞[SEP]然后额外咱们现在有一个来电提醒业务这个留着吗还是取消一个月三块[SEP]来电提醒一月三块留着还是取消[SEP]没了[SEP]啊这个留着吧那就以后十一块钱消费了行吗啊好的谢谢然后不客气然后改完这个套餐之后的话咱们现在手机里面[SEP]有一个除了这个您现在不是三十八套餐嘛它额外给您赠一个五百兆省内量如果现在就改完这个五百兆省内流量是立即失效现在就不[SEP]能使用了行吗[SEP]他那我那五百兆不要了行然后现在改套餐之后的话您原套餐的流量也是也截止啊[SEP]这流量不[SEP]不结转月末清零哎那行吧好的请稍等正在办理别着急[SEP]啊请说[SEP]对对对[SEP]为您改完了八元套餐七月一号生效好嘞下月一号能生效是吧[SEP]对[SEP]是的啊好嘞谢谢[SEP]不客气请问还有什么能帮您啊没有了没有了好的祝您生活愉快再见
您好很高兴为您服务呃你再给我开个那个三块钱五百块钱那个五百兆那个流量包啊,办理开通,7,2,您好很高兴为您服务[SEP]呃你再给我开个那个三块钱五百块钱那个五百兆那个流量包啊
您好请讲哎你好我想办理一个流量套餐然后那个今天最合适的能用的是到今天为止就一天了我建议您要是就今天的话可以办个日套餐有效期二十四个小时的十块钱五百兆十五块钱一个g十块钱五百兆十五块钱一个g的对是的给我办个一块钱五百兆的吧好的开通立刻生效到期之后自动取消流量呢不结转有效期二十四个小时提前用完提前取消到期后也是自动取消超出流量后每兆两毛九请问号码幺五八零四三幺四六九七办十块钱五百兆日套餐对吧哎哎行已经给您开通了先生哎好的直接生效了是吧对是的哎那好的谢谢啊不客气那祝您生活愉快再见哎再见,办理开通,7,2,您好请讲[SEP]哎你好我想办理一个流量套餐然后那个今天最合适的能用的是到今天为止就一天了[SEP]我建议您要是就今天的话可以办个日套餐有效期二十四个小时的十块钱五百兆十五块钱一个g[SEP]十块钱五百兆十五块钱一个g的[SEP]对是的[SEP]给我办个一块钱五百兆的吧[SEP]好的开通立刻生效到期之后自动取消流量呢不结转有效期二十四个小时提前用完提前取消到期后也是自动取消超出流量后每兆两毛九请问号码幺五八零四三幺四六九七办十块钱五百兆日套餐对吧[SEP]哎哎[SEP]行已经给您开通了先生[SEP]哎好的直接生效了是吧[SEP]对是的[SEP]哎那好的谢谢啊[SEP]不客气那祝您生活愉快再见[SEP]哎再见
您好请讲你好我这个手机想办理一下咱们现在那个活动就三十元五百兆流量那个三十五百兆的啊就是一个月一个月三十然后每个月返回二十的那个请问您是收到这个营销的短信了吗啊我的这个移动手机就接到接电话了很抱歉接电话的话只有接电话当时能办现在办是不返费的啊就接电话的时候可以办对啊行那我知道了好了行那现在还有啥活动吗就是优惠活动什么的流量的优惠有个假日流量十块钱一个g时间是一月二十七号零点到二月二号二十四点之间用的啊啊那那个那我就是接电话的那个流量是啥意思那个是存不是不也是咱们零八幺零零八六做的活动吗现在只有外呼的这个客户经理的活动人工台办理没有这项活动啊用户没有行那我知道了谢谢啊不客气请问还有什么可以帮助您没有了谢谢不客气祝您生活愉快再见,办理开通,7,2,您好请讲[SEP]你好我这个手机想办理一下咱们现在那个活动就三十元五百兆流量那个[SEP]三十五百兆的[SEP]啊就是一个月一个月三十然后每个月返回二十的那个[SEP]请问您是收到这个营销的短信了吗[SEP]啊我的这个移动手机就接到接电话了[SEP]很抱歉接电话的话只有接电话当时能办现在办是不返费的[SEP]啊就接电话的时候可以办[SEP]对啊行那我知道了[SEP]好了行那现在还有啥活动吗就是[SEP]优惠活动什么的流量的优惠有个假日流量十块钱一个g时间是一月二十七号零点到二月二号二十四点之间用的啊[SEP]啊那那个那我就是接电话的那个流量是啥意思那个是存[SEP]不是不也是咱们零八幺零零八六做的活动吗现在只有外呼的这个客户经理的活动人工台办理没有这项活动啊用户没有行那我知道了谢谢啊不客气请问还有什么可以帮助您没有了谢谢不客气祝您生活愉快再见
您好请讲你好麻烦你帮我开一下那个流量那个六十元六个g了呢嗯可以的女士我为您核实一下您是咱们四g飞享套餐十八元的可以参与咱们的活动然后这样女士咱们是六个月内这套餐十八元是不允许变更的然后这流量呢是不能共享的请问咱们自己用的啊行但是现在办理呢有这种方式相对的话短信方式是比较简单我这边可以直接告诉您对呀短信方式比较方便我嗯短信了吗办呢嗯请您稍后发送短信内容是幺六零六请您放心就在你这直接办办不了吗啊您好女士我为您核实了因为人工台真的是没有这办理的权限但是我可以为您提供更加便捷的便办理方式好吗啊行恩请您发送内容是幺六零六直接发到咱们幺零零八六就可以了发送信息是免费的啊行幺零幺六零六然后对是的哎行好嘞这一次性是女士收取您六十元钱给您六个g的国内流量有效期一百八十天套餐到期或流量用尽呢是自动取消的啊行行行好的请问您还有其他问题需要咨询吗没有了谢谢恩好的那祝您呀生活愉快再见再见好再见,办理开通,7,2,您好请讲[SEP]你好麻烦你帮我开一下那个流量那个六十元六个g了呢[SEP]嗯可以的女士我为您核实一下您是咱们四g飞享套餐十八元的可以参与咱们的活动然后这样女士咱们是六个月内这套餐十八元是不允许变更的然后这流量呢是不能共享的请问咱们自己用的[SEP]啊行[SEP]但是现在办理呢有这种方式相对的话短信方式是比较简单我这边可以直接告诉您对呀短信方式比较方便我嗯[SEP]短信了吗办呢[SEP]嗯请您稍后发送短信内容是幺六零六[SEP]请您放心就在你这直接办办不了吗[SEP]啊您好女士我为您核实了因为人工台真的是没有这办理的权限但是我可以为您提供更加便捷的便办理方式好吗[SEP]啊行恩[SEP]请您发送内容是幺六零六直接发到咱们幺零零八六就可以了发送信息是免费的[SEP]啊行幺零幺六零六然后[SEP]对是的哎行好嘞这一次性是女士收取您六十元钱给您六个g的国内流量有效期一百八十天套餐到期或流量用尽呢是自动取消的[SEP]啊行行行[SEP]好的请问您还有其他问题需要咨询吗[SEP]没有了谢谢[SEP]恩好的那祝您呀生活愉快再见再见好再见
谢谢你好方便高兴服务你好哎给我开通本机的套餐所以您看看这个咱们人工开不了没有接到过什么电话或者是短信通知您转这种套餐没有就是哎好的哎等于说的这不好意思我打断一下您声音有点小可以声音稍微大一点吗啊声音大一点您电话稍微近一点好像电话比较远胜于点小听不到啊您请讲声音比较小现在才交啊您请讲可以听到就是我朋友昨天都打了东西那个套餐开了吗就是打电话开通吧我为什么开不了啊嗯嗯人工开不了先生您有没有收到过什么短信提醒或者打电话帮您转这种套餐没有啊我那您是想了解多少钱的我给您发个短信这都没用短信试一下我开呃那那国内的吧谢谢谢谢啊什么的一百八十八您说那个国内不限量那种是吧哎它那个是五百分钟国内通话两千五百分钟的省内打国内通话国内流量不限量国内的流量使用就能达到十二个g之后会限速但是还是不限量的好吧行那不需要了我看不了我给您把这个短信代码发您手机上了等一下需要麻烦您转发给幺零零八六您自己尝试他成功或者不成功都有短信提醒您注意条短信如果成功了会立即生效原来一百五十八作废按照一百八十八重新计算行好嘞是一下你给我转发到幺零零八六啊啊是的四三六八我发您手机上了直接转发给幺零零八六看短信提示行好的其他还有什么可以帮您的不客气的,办理开通,7,2,谢谢[SEP]你好方便[SEP]高兴服务[SEP]你好哎给我开通本机的套餐[SEP]所以您看看这个咱们人工开不了没有接到过什么电话或者是短信通知您转这种套餐没有[SEP]就是哎好的哎等于说的这[SEP]不好意思我打断一下您声音有点小可以声音稍微大一点吗[SEP]啊声音大一点[SEP]您电话稍微近一点好像电话比较远胜于点小[SEP]听不到[SEP]啊您请讲声音比较小[SEP]现在才交啊[SEP]您请讲可以听到[SEP]就是我朋友昨天都打了东西那个套餐开了吗就是打电话开通吧我为什么开不了啊[SEP]嗯嗯人工开不了先生您有没有收到过什么短信提醒或者打电话帮您转这种套餐[SEP]没有啊[SEP]我那您是想了解多少钱的我给您发个短信这都没用短信试一下[SEP]我开呃那那国内的吧谢谢谢谢啊什么的[SEP]一百八十八您说那个国内不限量那种是吧[SEP]哎[SEP]它那个是五百分钟国内通话两千五百分钟的省内打国内通话国内流量不限量国内的流量使用就能达到十二个g之后会限速但是还是不限量的好吧[SEP]行那不需要[SEP]了我看不了我给您把这个短信代码发您手机上了等一下需要麻烦您转发给幺零零八六您自己尝试他成功或者不成功都有短信提醒您注意条短信如果成功了会立即生效原来一百五十八作废按照一百八十八重新计算[SEP]行好嘞是一下你给我转发到幺零零八六啊[SEP]啊是的四三六八我发您手机上了直接转发给幺零零八六看短信提示[SEP]行好的[SEP]其他还有什么可以帮您的不客气的
您好很高兴为您服务我那他说我那话费还有多少话费这个咱人工没法直接看到我稍后给您发个信息是截止到现在您的余额稍后可以直接看一下可以啊好您注意查收不客气嗯嗯请问什么可以帮您说我为啥帮助嗯好那祝您生活愉快再见,办理打印/邮寄,26,2,您好很高兴为您服务[SEP]我那他说我那话费还有多少[SEP]话费这个咱人工没法直接看到我稍后给您发个信息是截止到现在您的余额稍后可以直接看一下[SEP]可以啊好您注意查收不客气嗯嗯[SEP]请问什么可以帮您[SEP]说我为啥帮助[SEP]嗯好那祝您生活愉快再见
您好很高兴为您服务阳免费再见好你好那就这样那它那那个二十扣了没事哎你好哦你你能帮忙查一下就是这个号码从这个月初到现在那个话费消费那个单子账单能帮忙发一下吗这个月的话需要您稍后直接拨打幺零零八六按一下一号键按一下三号键九月份的账单就给您发过去了嗯一还有算是吧对是的天按一号键听好提示音再按三号键就可以发过去了嗯好谢谢啊好不客气的还有其他需要帮助吗啊没有了好祝您生活愉快再见,办理打印/邮寄,26,2,您好很高兴为您服务[SEP]阳免费再见好你好那就这样那它那那个二十扣了没事哎你好哦你你能帮忙查一下就是这个号码从这个月初到现在那个话费消费那个单子账单能帮忙发一下吗[SEP]这个月的话需要您稍后直接拨打幺零零八六按一下一号键按一下三号键九月份的账单就给您发过去了[SEP]嗯一还有算是吧[SEP]对是的天按一号键听好提示音再按三号键就可以发过去了[SEP]嗯好谢谢啊[SEP]好不客气的还有其他需要帮助吗[SEP]啊没有了[SEP]好祝您生活愉快再见
二零零六很高兴为您服务我想请问一下我现在手机上现在话费多少啊帮您查看了一下现在您这个手机卡上的话费是正常的不欠费我将您截止到现在实时的余额发给您号码上了您查看一下我昨天几点的时候交了三十然后昨天凌晨几点的时候然后又交了二十为什么我昨天查的只有二十多您的手机是在昨天交了三十今天早上凌晨三点多缴了二十已经都交上了我结合咱们这个信息记录下发查看您这个本机余额有四十五块三毛四那为什么昨天上午就二十九块钱我我来说您是没有昨天交过三十块钱话费的时候您的余额确实只有二十多因为您交的这个二十是今天缴的不是昨天今天是九号昨天十八号可以了我知道呀我觉得您今天凌晨的时候我交了一个二十块钱的是的已经交上了现在您的话费余额有四十多四g流量那为什么昨天我查到就是二十九那应该没超的时候它只能查询截止到昨天的费用当天的费用不显示那行那你先把我现在的话费发过来吧我已经发过去了看一下那好谢谢不客气卡没有啦没有啦,办理打印/邮寄,26,2,二零零六很高兴为您服务[SEP]我想请问一下我现在手机上现在话费多少[SEP]啊帮您查看了一下现在您这个手机卡上的话费是正常的不欠费我将您截止到现在实时的余额发给您号码上了您查看一下[SEP]我昨天几点的时候交了三十然后昨天凌晨几点的时候然后又交了二十为什么我昨天查的只有二十多[SEP]您的手机是在昨天交了三十今天早上凌晨三点多缴了二十已经都交上了我结合咱们这个信息记录下发查看您这个本机余额有四十五块三毛四[SEP]那为什么昨天上午就二十九块钱我我来说[SEP]您[SEP]是[SEP]没有昨天交过三十块钱话费的时候您的余额确实只有二十多因为您交的这个二十是今天缴的不是昨天[SEP]今天是九号昨天十八号可以了我知道呀我觉得您今天凌晨的时候我交了一个二十块钱的是的已经交上了现在您的话费余额有四十多四g流量那为什么昨天我查到就是二十九那[SEP]应该没超的时候它只能查询截止到昨天的费用当天的费用不显示[SEP]那行那你先把我现在的话费发过来吧[SEP]我已经发过去了看一下[SEP]那好谢谢不客气[SEP]卡[SEP]没有啦没有啦
您好很高兴为您服务您好哎你好我就想问一下我这个手机现在是办了什么套餐你能帮我查一下吗哦是一个飞享套餐一个月十八知道了呃一个月十八对对捆绑也没说那个宽带有捆绑没有而且我看办的有个宽带有个五十兆的宽带的那这个宽带每个月的话会收三十块钱的费用哦三十块钱的费用加十八块钱电话费是吧对十八的套餐加上一个三十的宽带费一个月总共四十八块钱哦四十八块钱这个宽带费你看这个电话费十八块钱是从电话费就扣这三十元是也是从电话费里扣费都是从话费里面扣都是通话费一百多都是从电话费里扣我现在就说我就想问你一下啊我这个十八块钱的套餐有什么服务月租十八元里面包的有一百兆国内流量来电显示然后送了二十兆省内流量还有八十分钟本地打国内电话这个就是十八套餐里面包括的是本地打本地电话本地打国内电话帮我打国内电话那就是说可以随便哪去打八十分钟是吧对只要您在本地打国内电话问题吗呃咋打全国电话都是分钟然后就是说等于是呃三十块钱是就是那个上网的流那个那个费用这十八块钱是包括呃包括一百兆的流量包和二十兆的省内流量包括八十分钟的就是呃两免话费是吧赠送了八十分钟话费就这意思吗对哦那我现在就是说是我就麻烦问一下你能不能给我发一个短信吧今年一月份到现在的账单能给我发过来就是他那个账单只能查六个月之内的我这边给您发了一个信息您稍后收到之后打开这个短信上的网站直接就能看到可以查到您六个月以内的网站我还打开是吧哦是六个月六个月以内的流那个我的费用包吧对到账单好的好的好的那行行行好好你看其他需要帮助吗哎对麻烦你问一下现在能查我账户上还有多少钱没有我可以帮您把截止到现在话费余额剩余的情况发到您手机您看一下短信哦也是发过来的行行行好好好好谢谢你啊,办理打印/邮寄,26,2,您好很高兴为您服务您好哎你好[SEP]我就想问一下我这个手机现在是办了什么套餐你能帮我查一下吗[SEP]哦是一个飞享套餐一个月十八[SEP]知道了呃一个月十八[SEP]对对[SEP]捆绑也没说那个宽带有捆绑没有而且我看办的有个宽带[SEP]有个五十兆的宽带的那这个宽带每个月的话会收三十块钱的费用[SEP]哦三十块钱的费用加十八块钱电话费是吧[SEP]对十八的套餐加上一个三十的宽带费一个月总共四十八块钱[SEP]哦四十八块钱这个宽带费你看这个电话费十八块钱是从电话费就扣这三十元是也是从电话费里扣费都是从话费里面扣都是通话费一百多都是从电话费里扣我现在就说我就想问你一下啊我这个十八块钱的套餐有什么服务[SEP]月租十八元里面包的有一百兆国内流量来电显示然后送了二十兆省内流量还有八十分钟本地打国内电话这个就是十八套餐里面包括的[SEP]是本地打本地电话[SEP]本地打国内电话[SEP]帮我打国内电话那就是说可以随便哪去打八十分钟是吧[SEP]对只要您在本地打国内电话问题吗呃咋打全国电话都是分钟[SEP]然后就是说等于是呃三十块钱是就是那个上网的流那个那个费用[SEP]这十八块钱是包括[SEP]呃包括一百兆的流量包和二十兆的省内流量包括八十分钟的就是呃两免话费是吧赠送了八十分钟话费就这意思吗[SEP]对[SEP]哦那我现在就是说是我就麻烦问一下你能不能给我发一个短信吧今年一月份到现在的账单能给我发过来[SEP]就是他那个账单只能查六个月之内的我这边给您发了一个信息您稍后收到之后打开这个短信上的网站直接就能看到可以查到您六个月以内的[SEP]网站我还打开是吧哦是六个月六个月以内的流那个我的费用包吧对到账单[SEP]好的好的好的[SEP]那行行行好好你看其他需要帮助吗哎对麻烦你问一下现在能查我账户上还有多少钱没有[SEP]我可以帮您把截止到现在话费余额剩余的情况发到您手机您看一下短信[SEP]哦也是发过来的行行行好好好好谢谢你啊
您好高兴为您服务喂喂你好嗯那个我想问一下就是我这手机我在九月初的时候交了五十块钱然后到今天为止怎么又欠那么多你能给我查一下就是最低消费啥情况吗愉快您稍等这张卡的话套餐费一个月的话是十八块钱就是这个套餐十八块钱之外其他的话有个三十元的手机上网流量包嗯其他就没有了时候都正常您这个月收费二十多的原因你说有一个三十块钱上网流量包是啥情况就是您另外在套餐外有开通一个三十元流量包这个我没有开呀没有没有开如果您没有开的话这个月流量会这个话费会送话对因为您这个有开通这个业务然后你的套餐内一百二十兆流量用完紧接着您使用了三十元五百兆流量基本上现在的话就快用完了我三十元话费他扣完所以说现在扣了四十多哦不好意思让你等下这个三十元这个流量流量是之前你们有一个活动是不赠送嘞嗯嗯对就是那是现在不是活动到期了您没有取消依然的话还有这个但是这个取消的话当时是哪您这应该是当时还是自动取消了吧然后我肯定不是开因为这个是管这个管这个情况我又忘记我基本上都可以开了呀那您不取消一直都有呀它不会这个我那问题是你们给全部都已经打电话应该打电话吧到时候发信息然后我也会咨询一下子如果真是您是自动取消的话我基本上都是开如果说不会自动取消了就不会开呀那不清楚您当时是什么原因才能看到现在用那你现在给我取消吧行那现取消立即生效二点五g的省内流量全部取消我的这个月末再取消因为您流量用的这个算这个三这个三十块他现在稍微大一点吗我听不清哦您说这个三十这个三十元的流量这个是现在我就显示一次性扣钱不您五百兆流量之前用完它已经扣了二十多了如果取消掉之后那您现在的话等于说还是二点五g省内流量没有用比较吃亏反正三十元话费马上扣完一天扣了二十多了我建议您我就取消这个三十元流量是一共多少是跟是多少g流量显示无百兆全国的和原来一样但是现在返活动给您赠送二点五g的省内流量还有前提下赠送二点五g要开通这个三十元流量包就没有这个三十元流量包呐里面登陆都要二点五g省内流量也全部失效再用啊不是那如果说我假设如果说我现在取消的话那我手机里边现在可用流量那个还有还有多少没有了没有了这流量不是这流量不是累积的吗这个不累计啊今天充的现在用完了就不累计我说那个套餐流量不是理解吗就我不知道十块钱套餐吗用完了现在一百二十兆但是我之前我我我七天手机上两个月对我都没有用流量呀那没有那不累计累计的流量也就只能累计一个月那那一个月嘛在长期不用的话到第二个月这个上上个月累计流量磁场就自动取消是吧还是分哦那就是说现在我基本上我流量费扣了二十多了是不如果他就是我那它这个剩下扣二十总共三十块钱它扣了二十多了那是二十九块钱但是还还剩多少流量里面还有二点五g多那三十元总共多少兆总共多少总共送多少流量总共是三个g是吧对五百兆全国的五百兆流量用完三十元话费送二点五g的省内流量免费使用啊不是我的意思是你你刚才已经给我说了我我这三十元流量总共是总共是二总共是二点五g流量是吧那我现在那我现在就已经扣了二十多了信息说我已经把这二十块钱流量已经用完了吗三十元是按照五百兆流量来用的五百兆用完三十元话费扣完二点我就不参与一下里面那就二点五g是啥免费给您赠送的不要钱的是免费赠送了呀对如果您在取消掉三十元流量包也是免费赠送了啊如果说三十元流量的话如果我不开通这个就二点五g就没有了对是这个意思那现在就是我这个五百兆用完之后三十元扣完扣完之后这个二点五g我还是可以用了行是这个情况是吧意思对如果您取消掉之后那就不能用现在就一直在跟您说这个问题挽留也可以哦那就说其实我把这个用完用完之后这个三十块钱他不会再多扣我钱了是吧我这多少钱然后其他的我用流量都是免费了对是这意思吧那就我要取消的话啥时候取消这个月最后一天取消就比较划算月末最后一天是吧吧哦那个你就是你刚才能给我发一份就是包括我打电话平时打电话了一个一个一个就是账单吗这个看不到必须要到营业厅查询这是哪条街已经营业厅查询是吧今天扣费才回来了密码我知道了,办理打印/邮寄,26,2,您好高兴为您服务[SEP]喂喂你好嗯那个我想问一下就是我这手机我在九月初的时候交了五十块钱然后到今天为止怎么又欠那么多你能给我查一下就是最低消费啥情况吗[SEP]愉快您稍等这张卡的话套餐费一个月的话是十八块钱就是这个套餐十八块钱之外其他的话有个三十元的手机上网流量包嗯其他就没有了时候都正常您这个月收费二十多的原因你说[SEP]有一个三十块钱上网流量包是啥情况[SEP]就是您另外在套餐外有开通一个三十元流量包[SEP]这个我没有开呀[SEP]没有没有开如果您没有开的话这个月流量会这个话费会送话对因为您这个有开通这个业务然后你的套餐内一百二十兆流量用完紧接着您使用了三十元五百兆流量基本上现在的话就快用完了我三十元话费他扣完所以说现在扣了四十多[SEP]哦不好意思让你等下这个三十元这个流量流量是之前你们有一个活动是不赠送嘞嗯嗯[SEP]对就是那是现在不是活动到期了您没有取消依然的话还有这个但是这个取消的话当时是[SEP]哪您这应该是当时还是自动取消了吧然后我肯定不是开因为这个是管这个管这个情况我又忘记我基本上都可以开了呀[SEP]那您不取消一直都有呀它不会这个[SEP]我那问题是你们给全部都已经打电话应该打电话吧到时候发信息然后我也会咨询一下子如果真是您是自动取消的话我基本上都是开如果说不会自动取消了就不会开呀[SEP]那不清楚您当时是什么原因才能看到现在用[SEP]那你现在给我取消吧[SEP]行那现取消立即生效二点五g的省内流量全部取消我的这个月末再取消因为您流量用的这个算[SEP]这个三这个三十块他现在稍微大一点吗我听不清[SEP]哦您说[SEP]这个三十这个三十元的流量这个是现在我就显示一次性扣钱不[SEP]您五百兆流量之前用完它已经扣了二十多了如果取消掉之后那您现在的话等于说还是二点五g省内流量没有用比较吃亏反正三十元话费马上扣完一天扣了二十多了我建议您我就取消[SEP]这个三十元流量是一共多少是跟是多少g流量[SEP]显示无百兆全国的和原来一样但是现在返活动给您赠送二点五g的省内流量还有前提下赠送二点五g要开通这个三十元流量包就没有这个三十元流量包呐里面登陆都要二点五g省内流量也全部失效再用[SEP]啊不是那如果说我假设如果说我现在取消的话那我手机里边现在可用流量那个还有还有多少[SEP]没有了[SEP]没有了这流量不是这流量不是累积的吗[SEP]这个不累计啊今天充的现在用完了就不累计[SEP]我说那个套餐流量不是理解吗就我不知道十块钱套餐吗[SEP]用完了现在一百二十兆[SEP]但是我之前我我我七天手机上两个月对我都没有用流量呀[SEP]那没有那不累计累计的流量也就只能累计一个月那那一个月嘛在长期不用的话到第二个月这个上上个月累计流量磁场[SEP]就自动取消是吧还是分哦那就是说现在我基本上我流量费扣了二十多了是不如果他就是我那它这个剩下扣二十总共三十块钱它扣了二十多了那是二十九块钱但是还还剩多少流量[SEP]里面还有二点五g多[SEP]那三十元总共多少兆总共多少总共送多少流量总共是三个g是吧[SEP]对五百兆全国的五百兆流量用完三十元话费送二点五g的省内流量免费使用[SEP]啊不是我的意思是你你刚才已经给我说了我我这三十元流量总共是总共是二总共是二点五g流量是吧那我现在那我现在就已经扣了二十多了信息说我已经把这二十块钱流量已经用完了吗[SEP]三十元是按照五百兆流量来用的五百兆用完三十元话费扣完二点我就不参与一下里面[SEP]那就二点五g是啥[SEP]免费给您赠送的不要钱的[SEP]是免费赠送了呀[SEP]对如果您在取消掉三十元流量包也是免费赠送了[SEP]啊如果说三十元流量的话如果我不开通这个就二点五g就没有了[SEP]对[SEP]是这个意思那现在就是我这个五百兆用完之后三十元扣完扣完之后这个二点五g我还是可以用了[SEP]行是这个情况是吧意思对如果您取消掉之后那就不能用现在就一直在跟您说这个问题挽留也可以[SEP]哦那就说其实我把这个用完用完之后这个三十块钱他不会再多扣我钱了是吧我这多少钱然后其他的我用流量都是免费了[SEP]对[SEP]是这意思吧那就我要取消的话啥时候取消[SEP]这个月最后一天取消就比较划算[SEP]月末最后一天是吧[SEP]吧[SEP]哦那个你就是你刚才能给我发一份就是包括我打电话平时打电话了一个一个一个就是账单吗[SEP]这个看不到必须要到营业厅查询[SEP]这是哪条街[SEP]已经[SEP]营业厅查询是吧今天扣费才回来了密码我知道了
您好很高兴为您服务哎你好你好哎你好我问一下咱们那个移机就说是想用咱们那个八五四五的光光怎么办呐就需要什么手续还是就需要重新办宽带呢那咱有那个宽带专席帮您转过去您问一下先生行好嘞好那如果没有其他需要帮助帮您转过去别挂机听好提示音好吗,办理移机/装机/拆机,28,2,您好很高兴为您服务[SEP]哎你好[SEP]你好[SEP]哎你好我问一下咱们那个移机就说是想用咱们那个八五四五的光光怎么办呐就需要什么手续还是就需要重新办宽带呢[SEP]那咱有那个宽带专席帮您转过去您问一下先生[SEP]行好嘞[SEP]好那如果没有其他需要帮助帮您转过去别挂机听好提示音好吗
哦上网知道您好高兴服务哎喂你好我想办理一下移机没有了宽带移机对吗女士啊对是的这个需要您带着身份证通过咱营业厅办理的不用了我上次打电话直接都过来了好的那这样吧女士我给您把您那个区域的设置经理他负责宽带这一块我把他电话打给您您通过它办理好吗一百兆号码发给我吧行好稍等啊啊谢谢啊稍等稍等一下女士啊啊什么什么什么九九嗯嗯取消了好的这边已经把手机短信发给您了稍后注意查收,办理移机/装机/拆机,28,2,哦上网知道[SEP]您好高兴服务[SEP]哎喂你好我想办理一下移机没有了[SEP]宽带移机对吗女士[SEP]啊对是的[SEP]这个需要您带着身份证通过咱营业厅办理的[SEP]不用了我上次打电话直接都过来了[SEP]好的那这样吧女士我给您把您那个区域的设置经理他负责宽带这一块我把他电话打给您您通过它办理好吗[SEP]一百兆号码发给我吧[SEP]行好稍等啊啊[SEP]谢谢啊稍等[SEP]稍等一下女士[SEP]啊啊[SEP]什么什么[SEP]什么九九嗯嗯取消了[SEP]好的这边已经把手机短信发给您了稍后注意查收
不需要服务专线请讲喂我想装个你们移动那个宽带那有没有查询过您这个位置有没有我们宽带覆盖没有我也有跟您说一下您的位置您说这个是我帮您记录然后咱们会有工作人员帮您查询您这张卡费用客运站西侧我这不是您本地的您详细说一下嗯得多详细吉林用说吗嗯吉林市或者是哪个县蛟河市吉林地区蛟河市啊嗯然后呢客运站西侧客运站西侧然后呢没了我这不道你们牌号多少骑车那你这是一个门市还什么没事门市经营什么叫什么名小贺洗洗车盘科室哪个贺先后的鹤还是祝贺呀加贝洗车行是吧对联系电话留您本机就可以吗行这个我帮您记录了工作人员查询完之后会给您回复电话请问还有其他问题吗没有祝您生活愉快再见,办理移机/装机/拆机,28,2,不需要服务专线请讲喂我想装个你们移动那个宽带[SEP]那有没有查询过您这个位置有没有我们宽带覆盖[SEP]没有[SEP]我也有跟您说一下您的位置[SEP]您说这个是我帮您记录然后咱们会有工作人员帮您查询[SEP]您[SEP]这张卡费用客运站西侧[SEP]我这不是您本地的您详细说一下[SEP]嗯得多详细吉林用说吗[SEP]嗯吉林市或者是哪个县[SEP]蛟河市[SEP]吉林地区蛟河市啊嗯然后呢[SEP]客运站西侧[SEP]客运站西侧[SEP]然后呢没了我这不道你们牌号多少[SEP]骑车那你这是一个门市还什么[SEP]没事[SEP]门市经营什么叫什么名[SEP]小贺洗洗车盘[SEP]科室哪个贺先后的鹤还是祝贺呀[SEP]加贝[SEP]洗车行是吧[SEP]对[SEP]联系电话留您本机就可以吗[SEP]行[SEP]这个我帮您记录了工作人员查询完之后会给您回复电话请问还有其他问题吗[SEP]没有[SEP]祝您生活愉快再见
谢谢您好实习生七六五很高兴为您服务哦你好恩你好我想问一下那个就是你就是这个放假期间那个宽带新高你们还有没有人过来装啊您说是安装宽带是吗啊对啊您好我们您方便说一下您具体位置吗我给您提供一下营业厅的电话您问一下放假期间他们是否正常上门安装哦老感觉嗯嗯您是说您是在哪一块儿呢您是信阳市哪个区或者哪个县的啊谢谢老板子第一线好请稍等金县好请稍等帮您看一下啊对提现嗯嗯推荐您具体说一下位置这个七街老单机大批g嗯嗯恩您是说在那个市区里面是吗我没您说在市区里面是吗哦对市区里面的话登记有一个东华路营业厅还有一个车站路营业厅您在哪个离您比较近的嗯移动那个中华路营业厅啊好的我把这个营业厅地址还有电话发给您您具体问一下营业厅这边是否有放假好吧哦好的谢谢啊不客气已经发给您了您稍后联系一下恩好再见,办理移机/装机/拆机,28,2,谢谢您好实习生七六五很高兴为您服务[SEP]哦你好[SEP]恩你好[SEP]我想问一下那个就是你就是这个放假期间那个宽带新高你们还有没有人过来装[SEP]啊您说是安装宽带是吗[SEP]啊对[SEP]啊您好我们您方便说一下您具体位置吗我给您提供一下营业厅的电话您问一下放假期间他们是否正常上门安装[SEP]哦老感觉[SEP]嗯嗯您是说您是在哪一块儿呢您是信阳市哪个区或者哪个县的[SEP]啊谢谢老板子[SEP]第一线好请稍等金县好请稍等帮您看一下[SEP]啊对提现[SEP]嗯嗯推荐您具体说一下位置[SEP]这个七街老单机大批g[SEP]嗯嗯恩您是说在那个市区里面是吗[SEP]我没[SEP]您说在市区里面是吗[SEP]哦对[SEP]市区里面的话登记有一个东华路营业厅还有一个车站路营业厅您在哪个离您比较近的[SEP]嗯移动那个中华路营业厅[SEP]啊好的我把这个营业厅地址还有电话发给您您具体问一下营业厅这边是否有放假好吧[SEP]哦好的谢谢[SEP]啊不客气已经发给您了您稍后联系一下[SEP]恩好再见
好好好啊您好很高兴服务哎你好我想问一下就我这个号码哎呀我要哦就我上面有一条宽带是免费用的宽带哦要是想报停就把这号码销了现在能消不了啊那您是需要先解除宽带把宽带解决掉解除掉以后才能办理销号因为我看了一下一个你好您是还有一个那上面有一个送话费的那个手机是刚用了呃用多长时间那手机坏了然后也不用了像那个能取消了不能那这个就是我刚才给您想要收到因为您在五月份参加那个买手机送话费的活动它这种活动的话一般在活动期间号码是不能办理销号他既然这手机是坏掉的话那就需要您到营业厅直接到营业厅值班经理跟他说一下这种情况套餐那边能不能帮您把这活动申请撤销的这种咱们这边操作不了啊它这个是需要到哪个银行呀这个还是建议您最好到您本地的推荐咱们当地移动营业厅不要其他办理或专营店哦就到营业厅然后看这个活动能不能取消取消了之后怎么消费是吧对好的谢谢啊不客气还需要其他帮助吗,办理移机/装机/拆机,28,2,好好[SEP]好[SEP]啊您好很高兴服务[SEP]哎你好我想问一下就我这个号码哎呀我要哦就我上面有一条宽带是免费用的宽带哦要是想报停就把这号码销了现在能消不了啊[SEP]那您是需要先解除宽带把宽带解决掉解除掉以后才能办理销号[SEP]因为我看了一下一个你好您是还有一个那上面有一个送话费的那个手机是刚用了呃用多长时间那手机坏了然后也不用了像那个能取消了不能[SEP]那这个就是我刚才给您想要收到因为您在五月份参加那个买手机送话费的活动它这种活动的话一般在活动期间号码是不能办理销号他既然这手机是坏掉的话那就需要您到营业厅直接到营业厅值班经理跟他说一下这种情况套餐那边能不能帮您把这活动申请撤销的这种咱们这边操作不了[SEP]啊它这个是需要到哪个银行呀[SEP]这个还是建议您最好到您本地的推荐咱们当地移动营业厅不要其他办理或专营店[SEP]哦就到营业厅然后看这个活动能不能取消取消了之后怎么消费是吧[SEP]对[SEP]好的谢谢啊[SEP]不客气还需要其他帮助吗
您好高兴服务喂你好帮忙我家庭成员账户转一百元话费哦您在手机上先按个一号键嗯嗯哦您是从您的话费里转一百到家庭账户让他再成员是吗对有一个服务密码没有吗就是有好您先输入密码账号吗九对吧我给您发个验证码请您看一下多少幺三四六零零零九九八的啊验证码您收到了吗这个您来输入验证一下扣十块啊您好您这嗯好您先稍等六九九二零啊网那个您今天是否已经转过来呀反过来再另外再转一下因为它那个每天的限额是有这个额度的您要超过两百就不能转了当天是不是已经转成功过了呀哦那我明天联系好吧好,办理缴费,29,2,您好高兴服务[SEP]喂你好帮忙我家庭成员账户转一百元话费哦[SEP]您在手机上先按个一号键嗯嗯哦您是从您的话费里转一百到家庭账户让他再成员是吗[SEP]对有一个服务密码没有吗就是有[SEP]好您先输入密码[SEP]账号吗九对吧[SEP]我给您发个验证码请您看一下多少[SEP]幺三四六零零零九九八的[SEP]啊验证码您收到了吗[SEP]这个[SEP]您来输入验证一下[SEP]扣十块[SEP]啊您好您这[SEP]嗯好您先稍等六九九二零啊网那个[SEP]您今天是否已经转过来呀[SEP]反过来再另外再转一下[SEP]因为它那个每天的限额是有这个额度的您要超过两百就不能转了当天是不是已经转成功过了呀[SEP]哦那我[SEP]明天联系好吧[SEP]好
您好很高兴为您服务喂你好嗯我想我想账户就是另外一个哪个手机号充点值转话费是吧哎对嗯行本机密码知道吗嗯知道您现在输入密码二四一般退款再见啊谢谢对你好你好啊欠多少钱呢不返不用您手机上发送一个短信验证码看到之后输入验证一下好吧好再见啊那他都是手机号转到那个家庭成员的号码上是吧对啊喔他再给您发送一个短信验证码输入验证一下幺您好好好哎九三三八九二喂谢谢啊我再见再见的这个是谢谢啊有收到验证码吗都输过了呀又给您发了就没有收到是吧哦那你再给我发一个吧啊行我再给您发一下七七二幺六二谢谢对好的好稍等一下好的他给您转过了好谢谢啊不客气嗯,办理缴费,29,2,您好很高兴为您服务[SEP]喂你好嗯我想我想账户就是另外一个哪个手机号充点值[SEP]转话费是吧[SEP]哎对嗯[SEP]行本机密码知道吗[SEP]嗯知道[SEP]您现在输入密码二四一般退款再见啊谢谢对你好你好啊欠多少钱呢不返[SEP]不用[SEP]您手机上发送一个短信验证码看到之后输入验证一下好吧[SEP]好[SEP]再见啊那他[SEP]都是手机号[SEP]转到那个家庭成员的号码上是吧对啊喔他再给您发送一个短信验证码输入验证一下幺您好好好[SEP]哎九三三八九二[SEP]喂谢谢啊我[SEP]再见[SEP]再见的这个是谢谢啊有收到验证码吗[SEP]都输过了呀[SEP]又给您发了就没有收到是吧[SEP]哦那你再给我发一个吧啊[SEP]行我再给您发一下[SEP]七七二幺六二谢谢[SEP]对好的好稍等一下好的他给您转过了[SEP]好谢谢啊不客气嗯
您好很高兴为您服务喂你好呃我想问一下那个家庭账户里转账但是刚才按短信发吧他一直是系统吗这两天都转过去我想打电话转一下您说交话费是吧对您有服务密码没有我帮您操作有就您本机上转是吧转多少钱啊呃从家庭账户里转一百兆五六六那您稍等一下转一百到五六六呢别人那行那您输一下密码不要挂电话输密码井号键结束不知道嗯哼嗯哼不是为您嗯嗯我给您发了验证码您看收到了吗我看一下啊您好按键了哎呀那您听好语音提示输一下您看到的验证码输完井号键请输验证码不要挂电话哎啊中验证成功了那一百块钱我就给您转到五六六这个号码上了好吧呃然后再转一个到五六八基本四千一百吗啊对我嗯然后这时候我呃五六五六八给您转了一百已经转过去了好的嗯其他能帮您的吗,办理缴费,29,2,您好很高兴为您服务[SEP]喂你好呃我想问一下那个家庭账户里转账但是刚才按短信发吧他一直是系统吗这两天都转过去我想打电话转一下[SEP]您说交话费是吧[SEP]对[SEP]您有服务密码没有我帮您操作[SEP]有[SEP]就您本机上转是吧转多少钱啊[SEP]呃从家庭账户里转一百兆五六六[SEP]那您稍等一下转一百到五六六[SEP]呢别人[SEP]那行那您输一下密码不要挂电话输密码井号键结束[SEP]不知道嗯哼嗯哼[SEP]不是为您嗯嗯我给您发了验证码您看收到了吗[SEP]我看一下啊您好按键了哎呀[SEP]那您听好语音提示输一下您看到的验证码输完井号键请输验证码不要挂电话[SEP]哎啊中[SEP]验证成功了那一百块钱我就给您转到五六六这个号码上了好吧[SEP]呃然后再转一个到五六八基本四千一百吗啊对我嗯然后这时候我呃五六五六八给您转了一百已经转过去了好的[SEP]嗯其他能帮您的吗
您好很高兴为您服务呃你你帮我我我那个号转二百块钱吧话费稍等一下嗯不客气请您按一号键咨询确认一下按一比如说感谢来电再见那个你好太大您现在在这个家庭账户里面没有费用您说是把您的费用二百条到家庭账户里面对吗对对对对对稍等那请您听好提示音输入一下密码您好不是哦系统给您发一个短信的验证码请您看一下有没有收到短信信息四好哦收到了吗那您听好提示音进行验证对你好我再见不客气哦哦帮我对的好的经转账在江苏账户里面了是要转给其他成员吗转接哪个号码不幺三五嗯然后呢二六六知道八零零四个五第四个我对两百元全转吗啊对是的好你帮我给您发的第二条验证码您稍后看一下啊哼卡有收到吗好的请听好提示音区对不客气再见稍等一下咨询一下哦好好好的已经帮您转过了好还有其他需要帮助的吗没了没了,办理缴费,29,2,您好很高兴为您服务[SEP]呃你你帮我我我那个号转二百块钱吧话费[SEP]稍等一下[SEP]嗯[SEP]不客气请您按一号键咨询确认一下[SEP]按一[SEP]比如说[SEP]感谢来电再见[SEP]那个[SEP]你好[SEP]太大您现在在这个家庭账户里面没有费用您说是把您的费用二百条到家庭账户里面对吗对对对对对稍等那请您听好提示音输入一下密码[SEP]您好不是哦[SEP]系统给您发一个短信的验证码请您看一下有没有收到短信信息四[SEP]好[SEP]哦收到了吗那您听好提示音进行验证[SEP]对你好我再见不客气哦哦帮我对[SEP]的好的经转账在江苏账户里面了是要转给其他成员吗转接哪个号码[SEP]不幺三五[SEP]嗯然后呢[SEP]二六六知道[SEP]八零零四个五第四个我[SEP]对[SEP]两百元全转吗[SEP]啊对[SEP]是的[SEP]好[SEP]你帮我给您发的第二条验证码您稍后看一下[SEP]啊哼[SEP]卡有收到吗好的请听好提示音[SEP]区对[SEP]不客气再见稍等一下咨询一下[SEP]哦好好[SEP]好的已经帮您转过了好还有其他需要帮助的吗[SEP]没了没了
您好实习生六零七很高兴服务喂你好把我那个手机家庭账户里边的费用给我的家庭账户那个成员调一下吧嗯谢谢您是户主吗我是户主好稍等一下按一号键确认一下您稍等上面家庭账户现在有一百块钱我好像是不是我那个机子里本身还要有能转了转到这个家庭账户的钱是吧本身余额还有两千多对啊那是不是还可以调调家庭账户里只能调一百块钱只能调一百那你给我调一百八嗯再见然后家庭账户里面是吗对啊再见嗯行请讲啊啊其他再见您好嗯嗯对输一下密码你好不好意思您的密码输入错误了那我记不住了那那还有啥办法吗这个没有密码转不了的呀七那我报身份证号重新设置密码不行吗嗯嗯您稍等稍等一下恩找什么费用你好吧好的那我稍后把那个家庭成员调账方式以短信形式下发给您可以吗短信的形式是吧不是发送给您也行啊我稍后发到您手机上稍后您查看一下好谢谢啊还有其他需要帮助吗没有了感谢来电再见,办理缴费,29,2,您好实习生六零七很高兴服务[SEP]喂你好把我那个手机家庭账户里边的费用给我的家庭账户那个成员调一下吧[SEP]嗯谢谢您是户主吗[SEP]我是户主[SEP]好稍等一下按一号键确认一下您稍等上面家庭账户现在有一百块钱[SEP]我好像是不是我那个机子里本身还要有能转了转到这个家庭账户的钱是吧[SEP]本身余额还有两千多对[SEP]啊那是不是还可以调调家庭账户里[SEP]只能调一百块钱[SEP]只能调一百那你给我调一百八嗯再见[SEP]然后家庭账户里面是吗[SEP]对啊再见[SEP]嗯行[SEP]请[SEP]讲[SEP]啊[SEP]啊[SEP]其他再见您好嗯嗯对输一下密码你好[SEP]不好意思您的密码输入错误了[SEP]那我记不住了那那还有啥办法吗[SEP]这个没有密码转不了的呀[SEP]七那我报身份证号重新设置密码不行吗嗯嗯[SEP]您稍等[SEP]稍等一下恩找什么费用你好吧好的[SEP]那我稍后把那个家庭成员调账方式以短信形式下发给您可以吗[SEP]短信的形式是吧[SEP]不是发送给您[SEP]也行啊[SEP]我稍后发到您手机上稍后您查看一下[SEP]好谢谢啊[SEP]还有其他需要帮助吗[SEP]没有了[SEP]感谢来电再见
您好很高兴为您服务啊你好刚才我打电话那个我说要补了一个哦河南的卡我现在在东莞呃然后就是那个密码我不知道这边可不可以补那这个就没法补您在省外跨省份补的话呢对必须要知道密码密码一般是手机的后六位您这个以前试过没有啊没试过要不您看到营业厅试一下要不然这个在省外别的办法只能说到时候要真不不了那只能回来再补了哦就是这个卡是呃,办理补换卡,31,2,您好很高兴为您服务啊你好刚才我打电话那个我说要补了一个哦河南的卡[SEP]我现在在东莞[SEP]呃然后就是那个密码我不知道[SEP]这边可不可以补那这个就没法补您在省外跨省份补的话呢对必须要知道密码密码一般是手机的后六位您这个以前试过没有啊没试过要不您看到营业厅试一下要不然这个在省外别的办法只能说到时候要真不不了那只能回来再补了[SEP]哦就是这个卡是呃
请问哎谢谢啊您好很高兴为您服务喂你好昨天我那个手机丢了然后嗯手机号码挂失了你现在帮我看一下我这现在再补卡行您报一下手机号幺三四幺三四六二七幺嗯嗯六五七零好您当时通过身份证号办的还是密码办的身份证吧嗯身份证号呃你说副卡的时候是吧对当时的时候是密码吧好像他让我验证密码好那我帮您转接您得输下密码好意思哦我说好行您稍等一下好的嗯嗯不客气嗯嗯好的已经帮您办理开机还有什么需要帮助吗好号好谢谢你啊好不客气嗯好祝您生活愉快再见,办理补换卡,31,2,请问[SEP]哎谢谢啊[SEP]您好很高兴为您服务[SEP]喂你好昨天我那个手机丢了然后嗯手机号码挂失了你现在帮我看一下我这现在再补卡[SEP]行您报一下手机号[SEP]幺三四[SEP]幺三四[SEP]六二七幺嗯嗯[SEP]六五七零好您当时通过身份证号办的还是密码办的身份证吧嗯身份证号[SEP]呃你说副卡的时候是吧[SEP]对[SEP]当时的时候是密码吧好像他让我验证密码[SEP]好那我帮您转接您得输下密码[SEP]好[SEP]意思[SEP]哦我说[SEP]好行您稍等一下[SEP]好的嗯嗯不客气嗯嗯[SEP]好的已经帮您办理开机还有什么需要帮助吗好[SEP]号好谢谢你啊好[SEP]不客气嗯好祝您生活愉快再见
您好请讲啊银行就是那个要补卡的话是多少钱啊请问您针对于您的这个补卡的话是长春地区的还是哪里边就长春的我现在在沈阳都没你好这个沈阳的话咱们我们这边只能因为您使用为准看一下它是不支持跨区补卡的业务如果您当日支持快捷支付卡的业务呢具体要求以营业厅为准因为咱们吉林省内呢已经是正常可以办理快捷支付卡的业务了但需要到一些指定营业厅办理的哦你能不能给我查一下子那请您按键联系咱们沈阳的客服来进行帮您核实因为它咱们这面吉林省的话呢所以有一些到指定的营业厅办理快捷支付看的业务的啊行就是补卡多少钱的是上去看看咯在如果是长您这个卡是长春的卡是吗对如果是长春的卡的话呢如果您客户星级是担心记一下那补卡费的话呢是三十块钱一张那我这就就这三天如果您是三千及以上的补卡费是免费的在长春如果当地不开那包含三星是吧这包含在兴的啊那那个五百别的消费是这么给我开出来吗假如说你要好看他们说了具体的话以营业厅为准来详细核实一下啊行那好了请问还有什么可以帮您的没有问题吗祝您生活愉快再见,办理补换卡,31,2,您好请讲[SEP]啊银行就是那个要补卡的话是多少钱啊[SEP]请问您针对于您的这个补卡的话是长春地区的还是哪里边[SEP]就长春的我现在在沈阳都没你好[SEP]这个沈阳的话咱们我们这边只能因为您使用为准看一下它是不支持跨区补卡的业务如果您当日支持快捷支付卡的业务呢具体要求以营业厅为准因为咱们吉林省内呢已经是正常可以办理快捷支付卡的业务了但需要到一些指定营业厅办理的[SEP]哦你能不能给我查一下子[SEP]那请您按键联系咱们沈阳的客服来进行帮您核实因为它咱们这面吉林省的话呢所以有一些到指定的营业厅办理快捷支付看的业务的[SEP]啊行就是补卡多少钱的是上去看看咯[SEP]在如果是长您这个卡是长春的卡是吗[SEP]对[SEP]如果是长春的卡的话呢如果您客户星级是担心记一下那补卡费的话呢是三十块钱一张[SEP]那我这就就这三天[SEP]如果您是三千及以上的补卡费是免费的在长春如果当地不开[SEP]那包含三星是吧[SEP]这包含在兴的[SEP]啊那那个五百别的消费是这么给我开出来吗假如[SEP]说[SEP]你要好看他们说了[SEP]具体的话以营业厅为准来详细核实一下[SEP]啊行那好了[SEP]请问还有什么可以帮您的[SEP]没有问题吗[SEP]祝您生活愉快再见
您好请讲你好我想问一下就是我有一张那个延吉的卡我现在那个在长春我那张卡丢了我在长春能补吗很抱歉先生现在暂时没有办法直接跨省补卡呀那你的意思我就还得回到延吉修复呗再就回到延边地区进行补办延边地区都可以还是就是延吉如果说您这张卡是延吉的咱们延吉市内的话都可以或者说其他的外五县比如敦化市安图县都可以补办都可以是吧对但是仅限于普通号码如果说您这是优良号码比如说是三个八的四十八了这种号码优良号码那您说那不是补卡对吧我看一下啊对可以就是说只要不是正常的就是要是优良号码身份证号码也应该也能补还没有提及这方面啊可以补都可以就只要是延边地区就行零四三四范围内的嗯对那就是长春现在还没办法补是吧对放心补卡的话这边暂时没有这个相关的活动啊哎那我就是说那我能能不能让他们给我邮过来呀这个不能先生代办的话您补卡的话就是说代办我看一下啊代办人持有效证件原件及代办人有效证件原件啊啊那我记得我当时那个换四g卡的时候就是他给我邮过来的那不一样换四g卡的话是邮寄您补卡是补卡它是两个业务不能就是说放到一块啊那行谢谢啊不客气请问您还有其他问题需要咨询吗呃没了谢谢不客气祝您生活愉快再见哎再见,办理补换卡,31,2,您好请讲[SEP]你好我想问一下就是我有一张那个延吉的卡我现在那个在长春我那张卡丢了我在长春能补吗[SEP]很抱歉先生现在暂时没有办法直接跨省补卡呀[SEP]那你的意思我就还得回到延吉修复呗[SEP]再就回到延边地区进行补办[SEP]延边地区都可以还是就是延吉[SEP]如果说您这张卡是延吉的咱们延吉市内的话都可以或者说其他的外五县比如敦化市安图县都可以补办[SEP]都可以是吧[SEP]对但是仅限于普通号码如果说您这是优良号码比如说是三个八的四十八了这种号码[SEP]优良号码[SEP]那您说[SEP]那不是[SEP]补卡对吧我看一下啊对可以就是说只要不是正常的就是要是优良号码身份证号码也应该也能补还没有提及这方面啊可以补都可以就只要是延边地区就行零四三四范围内的嗯对[SEP]那就是长春现在还没办法补是吧[SEP]对放心补卡的话这边暂时没有这个相关的活动[SEP]啊[SEP]哎[SEP]那我就是说那我能能不能让他们给我邮过来呀[SEP]这个不能先生代办的话您补卡的话就是说代办我看一下啊代办人持有效证件原件及代办人有效证件原件啊[SEP]啊那我记得我当时那个换四g卡的时候就是他给我邮过来的[SEP]那不一样换四g卡的话是邮寄您补卡是补卡它是两个业务不能就是说放到一块[SEP]啊那行谢谢啊[SEP]不客气请问您还有其他问题需要咨询吗[SEP]呃没了谢谢[SEP]不客气祝您生活愉快再见哎再见
您好请讲哎我想换一个四g卡换四g卡的话机主本人拿着有效身份证件原件拿着您的卡到当地的移动大厅就能更换我在我自己这现在有卡系统关于您说收到邮寄的卡了想要激活是吧啊请问您是老卡通讯录电话本备份了吗备份了请您提供一下机主的身份证号码还有姓名请问身份证号码是多少身份证号码是二二零二二零幺二二幺二二幺九六六一九六六零八二八四零八二八七零四九七零四九嗯请您再提供一下这提示不对呢请问是二二零多少二二零哦幺二二幺二二嗯幺九六六幺三六六零八二八零八二八七七零四九七零四九嗯这回对姓名栾栾立新嗯嗯然后我现在给您发一个短信验证码您不要挂机把验证码告诉我验证码是啥呀我也不懂我刚给您发的您看短信您要看不到短信验证码五分之内五分钟之内有效分钟之内的卡进来嗯嗯请问现在能看到吗验证码嗯我刚发的月你你告诉我验证码是什么给您发个短信请您看短信您要现在看不到短信您稍后看一下记下来五分钟之内联系我们哎哦那您别忘了联系我们现在没给您联系后台激活呢得验证完验证码才行啊如果您现在看不到请您稍后记一下验证码五分钟之内联系我们啊请问还有什么可以帮助您啊那个今天完了再给您打这人工服务对然后把验证码告诉我们哦,办理补换卡,31,2,您好请讲[SEP]哎我想换一个四g卡[SEP]换四g卡的话机主本人拿着有效身份证件原件拿着您的卡到当地的移动大厅就能更换[SEP]我在我自己这现在有卡[SEP]系统关于您说收到邮寄的卡了想要激活是吧[SEP]啊[SEP]请问您是老卡通讯录电话本备份了吗[SEP]备份了[SEP]请您提供一下机主的身份证号码还有姓名请问身份证号码是多少[SEP]身份证号码是二二零[SEP]二二零[SEP]幺二二[SEP]幺二二[SEP]幺九六六[SEP]一九六六[SEP]零八二八四零八[SEP]二八[SEP]七零四九[SEP]七零四九[SEP]嗯[SEP]请您再提供一下这提示不对呢请问是二二零多少[SEP]二二零[SEP]哦[SEP]幺二二[SEP]幺二二[SEP]嗯幺九六六幺三六六零八二八[SEP]零八二八[SEP]七七零四九[SEP]七零四九嗯这回对姓名[SEP]栾栾立新[SEP]嗯嗯然后我现在给您发一个短信验证码您不要挂机把验证码告诉我[SEP]验证码是啥呀我也不懂[SEP]我刚给您发的您看短信您要看不到短信验证码五分之内五分钟之内有效分钟之内的卡进来[SEP]嗯嗯[SEP]请问现在能看到吗[SEP]验证码[SEP]嗯我刚发的[SEP]月你你告诉我验证码是什么[SEP]给您发个短信请您看短信您要现在看不到短信您稍后看一下记下来五分钟之内联系我们[SEP]哎[SEP]哦那您别忘了联系我们现在没给您联系后台激活呢得验证完验证码才行[SEP]啊[SEP]如果您现在看不到请您稍后记一下验证码五分钟之内联系我们[SEP]啊[SEP]请问还有什么可以帮助您[SEP]啊那个今天完了再给您打这人工服务[SEP]对然后把验证码告诉我们[SEP]哦
喂你好是幺八幺很高兴服呃你好你把我那个服务密码你给我发一下呗他他那边啊,办理重置/修改/补发,22,2,喂你好是幺八幺很高兴服[SEP]呃你好你把我那个服务密码你给我发一下呗他他[SEP]那边[SEP]啊
取消好的再见您好请问发到幺零零八六什么业务需要咨询没有服务密码把你那个你给我改一下那个服务密码密码好吗哦原密码您知道是吗接听不知道吗那身份证号码有吗有啊听到提示输入身份证号请您放心结束啊不客气好的我哦行嗯嗯就是我你好那么多啊啊谢谢好哦那好的淘宝您好吧就是你好好好,办理重置/修改/补发,22,2,取消好的[SEP]再见[SEP]您好请问发到幺零零八六什么业务需要咨询没有服务密码把你那个你给我改一下那个服务密码密码好吗哦原密码您知道是吗接听不知道吗那身份证号码有吗有啊听到提示输入身份证号请您放心结束[SEP]啊不客气好的我哦行嗯嗯就是我你好那么多啊啊谢谢好哦那好的淘宝[SEP]您好[SEP]吧[SEP]就是你好[SEP]好好
啊的您好很高兴为您服务啊你好我想想改一下我那个服务密码我忘了恩好咱们之前办理这张卡的身份证号是多少还知道吗g的那这样您最好提示音输入一下您的身份证号码我这边帮您重置一下好吗哎好的请您提示音就问一下啊对对对对对嗯嗯嗯嗯刚才了你好嗯嗯这个啊吧条对呀那好的您的密码已经发送给您了看一下哎好的谢谢您不客气还有其他疑问吗呃没有了,办理重置/修改/补发,22,2,啊的您好很高兴为您服务[SEP]啊你好我想想改一下我那个服务密码我忘了[SEP]恩好咱们之前办理这张卡的身份证号是多少还知道吗[SEP]g的[SEP]那这样您最好提示音输入一下您的身份证号码我这边帮您重置一下好吗[SEP]哎好的[SEP]请您提示音就问一下啊对对对对对嗯嗯嗯嗯刚才[SEP]了[SEP]你好嗯嗯这个啊吧条对呀那好的您的密码已经发送给您了看一下[SEP]哎好的谢谢您[SEP]不客气还有其他疑问吗[SEP]呃没有了
哎你好很高兴为您服务去过那个三十元流量包取消了哦我看一下嗯行我帮您取消立即生效取消以后三十流量包上网流量就不能用了好吧啊啊好按数字一听好再见啊啊再见哦您好确认成功三十流量包已经取消了现在就没有了好吧哎就是何查一下我那个小学那个卡密码额密码的话稍等一下您现在也发送初始密码发送成功了一下短信直接买手机上了号好好好好还有其他问题吗好没有好嗯按一号键我的服务免费评分好吧嗯祝您生活愉快再见,办理重置/修改/补发,22,2,哎你好很高兴为您服务去过那个三十元流量包取消了[SEP]哦我看一下嗯行我帮您取消立即生效[SEP]取消以后三十流量包上网流量就不能用了好吧啊啊好[SEP]按数字一听好再见[SEP]啊啊再见哦[SEP]您好确认成功三十流量包已经取消了现在就没有了好吧[SEP]哎就是何查一下我那个小学那个卡密码[SEP]额密码的话稍等一下您现在也发送初始密码发送成功了一下短信直接买手机上了[SEP]号好好好好[SEP]还有其他问题吗[SEP]好没有好嗯[SEP]按一号键我的服务免费评分好吧[SEP]嗯祝您生活愉快再见
好的您好请讲喂你好请讲呃你帮我重置一下那个手机号码的那个初始密码我给你说手机号初始密码是吗但您这个号码不是移动号您是联通的需要呃如果是移动号的话需要用移动号打过来才行密码涉及个人隐私只能用本机操作我用那个手机吗打不过去嗯那没办法密码涉及到隐私只能他自己手机打过来我用那个手机号码吧你给我发那个手机号码您用那个手机号码发信息是吗对对对好稍等七八那个是嗯嗯车上呢稍等啊没有谢谢然后我再给你说那个手机号码它您发送那个所以查询密码sxmm发到幺零零八六就行了嗯查询拨打的首写拼音大写字母知道发现密码发送到幺零零八六四sm就行了是吧对您这是联通的我们是,办理重置/修改/补发,22,2,好的[SEP]您好请讲[SEP]喂你好[SEP]请讲[SEP]呃你帮我重置一下那个手机号码的那个初始密码我给你说手机号[SEP]初始密码是吗但您这个号码不是移动号您是联通的需要呃如果是移动号的话需要用移动号打过来才行密码涉及个人隐私只能用本机操作[SEP]我用那个手机吗打不过去[SEP]嗯那没办法密码涉及到隐私只能他自己手机打过来我用那个手机号码吧你给我发那个手机号码您用那个手机号码发信息是吗[SEP]对对对好稍等七八那个是嗯嗯[SEP]车上[SEP]呢稍等啊没有谢谢然后我再给你说那个手机号码它[SEP]您发送那个所以查询密码sxmm发到幺零零八六就行了嗯查询拨打的首写拼音大写字母[SEP]知道发现密码[SEP]发送到幺零零八六四sm[SEP]就行了是吧[SEP]对您这是联通的我们是
您好请讲问一下子我上午有个电话号注销了但是我这个电话号搁这个有多少业务办完办的还能不能补回来了请稍等我帮您查询一下请问是哪个地方的手机就是朝阳区请稍等喂请稍等一下我说你知道我说哪个电话号码你就叫我稍等啊我不需要知道你的号码不是我本人的如果要是想办理恢复的话需要您在办理完之后的两个月之内拿着身份证有效身份证原件然后还有办理销号的回执单到归属地的沟通一百营业厅申请办理销号恢复啊可以过两月在两个月之内您可以去办理然后现在详单可以到营业厅咨询看今天能不能办哦如果要是超过两个月之后就不能办了我就今天刚刚才做的那您到移动大厅咨询一下就知道了以当地沟通一百营业厅办理的为准好的啊那好了谢谢啊不客气请问还有其他问题需要咨询吗没有了谢谢,办理销户/重开,32,2,您好请讲[SEP]问一下子我上午有个电话号注销了但是我这个电话号搁这个有多少业务办完办的还能不能补回来了[SEP]请稍等我帮您查询一下请问是哪个地方的手机[SEP]就是朝阳区[SEP]请稍等[SEP]喂[SEP]请稍等一下[SEP]我说你知道我说哪个电话号码你就叫我稍等啊[SEP]我不需要知道你的号码[SEP]不是我本人的[SEP]如果要是想办理恢复的话需要您在办理完之后的两个月之内拿着身份证有效身份证原件然后还有办理销号的回执单到归属地的沟通一百营业厅申请办理销号恢复[SEP]啊可以过两月[SEP]在两个月之内您可以去办理然后现在详单可以到营业厅咨询看今天能不能办[SEP]哦[SEP]如果要是超过两个月之后就不能办了[SEP]我就今天刚刚才做的[SEP]那您到移动大厅咨询一下就知道了以当地沟通一百营业厅办理的为准好的[SEP]啊那好了谢谢啊[SEP]不客气请问还有其他问题需要咨询吗[SEP]没有了谢谢
你好有什么服务啊你好你帮我查一下我的套餐可以降低吗对,咨询（含查询）业务规定,0,0,你好有什么服务啊你好你帮我查一下我的套餐可以降低吗[SEP]对
您好请讲你好我想问问你今天是九月一号是不是那个那个长途那啥那个漫游免不要了啊是的今天的话已经取消长途漫游费了那个那个咱们这个市内的电话费咋了吗嗯没有如果说您在那个就是优惠分区以内打电话的话是一毛钱一分钟啊那我打打长途呢您在优惠分区以内打市话长途都是一毛钱的嗯啊如果说除了优惠分区打电话是四毛接电话免费那优惠分区是咋回事啊因为分区是属于钟通话是您在电话是打电话的话就是一分钟包一毛钱嗯打长途呢打长途的话就是也是一毛钱一分钟啊那谢谢你啊不客气请问还有什么可以帮助您没了祝您生活愉快再见,咨询（含查询）业务规定,0,0,您好请讲[SEP]你好我想问问你今天是九月一号是不是那个那个长途那啥那个漫游免不要了[SEP]啊是的今天的话已经取消长途漫游费了[SEP]那个那个咱们这个市内的电话费咋了吗[SEP]嗯没有如果说您在那个就是优惠分区以内打电话的话是一毛钱一分钟[SEP]啊那我打打长途呢[SEP]您在优惠分区以内打市话长途都是一毛钱的嗯啊如果说除了优惠分区打电话是四毛接电话免费[SEP]那优惠分区是咋回事啊[SEP]因为分区是属于钟通话是您在电话是打电话的话就是一分钟包一毛钱嗯[SEP]打长途呢[SEP]打长途的话就是也是一毛钱一分钟[SEP]啊那谢谢你啊[SEP]不客气请问还有什么可以帮助您没了祝您生活愉快再见
您好很高兴为您服务哎你好我想查一下我这开通什么套餐我帮您查看目前您套餐三十八的啊包含有什么嗯套餐包含一百八十分钟通话四百五十兆流量另外赠送您来电显示全国接听免费打电话一分钟是一毛九哦那我这最近两个月是不是都是消费多少了是不是都用超了你稍等我帮您查看您本月套餐里您是不在本地是吧是在河南省但不在信阳哎对我现在郑州对因为我这边帮您查看到您的本地通话没有但省内流量有用呃您这个套餐里面总共是有五十分钟通话全国通用您在郑州就能用这五十分钟流量的话在郑州也能用那个打电话打超了流量显示接到昨天用完了流量也有超出的哦那那我这现在可以变更套餐吗可以变更的呃最低可以变更多少的那最低就是十八块钱这个哦好的那行我先了解一下到时候我再能不能在,咨询（含查询）业务规定,0,0,您好很高兴为您服务[SEP]哎你好我想查一下我这开通什么套餐[SEP]我帮您查看目前您套餐三十八的[SEP]啊包含有什么[SEP]嗯套餐包含一百八十分钟通话四百五十兆流量另外赠送您来电显示全国接听免费打电话一分钟是一毛九[SEP]哦那我这最近两个月是不是都是消费多少了是不是都用超了[SEP]你稍等我帮您查看您本月套餐里您是不在本地是吧是在河南省但不在信阳[SEP]哎对[SEP]我现在郑州对因为我这边帮您查看到您的本地通话没有但省内流量有用呃您这个套餐里面总共是有五十分钟通话全国通用您在郑州就能用这五十分钟流量的话在郑州也能用[SEP]那个[SEP]打电话打超了流量显示接到昨天用完了流量也有超出的[SEP]哦那那我这现在可以变更套餐吗[SEP]可以变更的[SEP]呃最低可以变更多少的[SEP]那最低就是十八块钱这个[SEP]哦好的那行我先了解一下到时候我再能不能在
您好很高兴为您服务请讲喂你好我这个流量只要还有多少的我这边帮您看了一下截止到昨天晚上二十四时您套餐里面包的国内流量还有六十八点一兆省内流量还有二点五一g哦就是这个是个啥省内这个国内流量它那那会用不能国内流量的话在河南省内也能用哦都能用吗只要在河南省内都能用但它不在河南省能用不能不在河南省内的话那就只能用国内流量省内流量就用不了了除了我本来是在咱河南省用的咱河南人来给我这不是三个三个g的流量包三个g然后所以我觉得五百兆的国内流量二点五g的省内流量嘛那现在五百兆的国内流量截止到昨天晚上二十四点就剩六十多兆了剩下都是省内流量您就只能在河南省内用出省用不了哦是出省用不了这是两个g的功能可以用但只能在河南省内用出省用不了哦只能在河南省用对是的哦中中这这不不支持那种对是的只要不出省就行哦我走到这一个人发信息我等他这个是他这个流量不要用了只要在河南省内都能用中中中中还有其他问题吗哦现在不需要了,咨询（含查询）业务规定,0,0,您好很高兴为您服务请讲[SEP]喂你好我这个流量只要还有多少的[SEP]我这边帮您看了一下截止到昨天晚上二十四时您套餐里面包的国内流量还有六十八点一兆省内流量还有二点五一g[SEP]哦就是这个是个啥省内这个国内流量它那那会用不能[SEP]国内流量的话在河南省内也能用[SEP]哦都能用吗[SEP]只要在河南省内都能用[SEP]但它不在河南省能用不能[SEP]不在河南省内的话那就只能用国内流量省内流量就用不了了[SEP]除了我本来是在咱河南省用的咱河南人来给我这不是三个三个g的流量包三个g然后所以我[SEP]觉得五百兆的国内流量二点五g的省内流量嘛那现在五百兆的国内流量截止到昨天晚上二十四点就剩六十多兆了剩下都是省内流量您就只能在河南省内用出省用不了[SEP]哦是出省用不了这是两个g的功能[SEP]可以用但只能在河南省内用出省用不了[SEP]哦只能在河南省用[SEP]对是的[SEP]哦中中这这不不支持那种[SEP]对是的只要不出省就行[SEP]哦我走到这一个人发信息我等他这个是他这个流量不要用了[SEP]只要在河南省内都能用[SEP]中中中中[SEP]还有其他问题吗[SEP]哦现在不需要了
您好请讲喂你好我想那个查一下我这卡都有啥费用好的请您稍等感谢您耐心等待您目前的主资费套餐是移动四g飞享八元您还有一个上网流量包三十元嗯还有一个电视移动互联网电视魔百盒基础包月二十元还有一个魔百和十五元包月您还有一个幸福家庭是五十元包年的就是一直啊您还有一个五元它五元套餐是全国流量三十兆的现在给我就是我就是打哪些费用呀取消对吗还有一个普一呃普通移动气象是两元楼天呢不是这些费用都取消不了的您的这个五元套餐和这个普通移动气象是可以帮您取消的宽带别的呢呃您的那个三十元流量需要您自己拨打幺零零八六然后摁四号键有语音提示您怎么消然后您根据语音提示操作就可以了您的这个魔百合业务应该是看电视使用的如果说您想取消您可以到这个营业厅沟通一百营业厅带着您的本人身份证然后进行跟他沟通看看能不能取消啊啊啊那您现在这个普通移动气象和五元套餐需要取消吗不能取消他那个两元套餐那个取消了这上面啊天气预报取消吗怎么了天气预报取消吗身份证使用它这个月月租的费用都扣完了两元是的现在取消下月生效的啊我就现在取消下月生效嗯那就取消那个五元套餐和两元移动今天取消是吧那对好的还有什么可以帮助您的没有了就这两项不客气祝您生活愉快再见哎再见着急可以情况想让你,咨询（含查询）业务规定,0,0,您好请讲[SEP]喂你好我想那个查一下我这卡都有啥费用[SEP]好的请您稍等感谢您耐心等待您目前的主资费套餐是移动四g飞享八元您还有一个上网流量包三十元嗯还有一个电视移动互联网电视魔百盒基础包月二十元还有一个魔百和十五元包月您还有一个幸福家庭是五十元包年的就是[SEP]一直啊[SEP]您还有一个五元它五元套餐是全国流量三十兆的[SEP]现在给我就是我就是打哪些费用呀取消对吗[SEP]还有一个普一呃普通移动气象是两元[SEP]楼天呢不是这些费用都取消不了的[SEP]您的这个五元套餐和这个普通移动气象是可以帮您取消的[SEP]宽带别的呢[SEP]呃您的那个三十元流量需要您自己拨打幺零零八六然后摁四号键有语音提示您怎么消然后您根据语音提示操作就可以了您的这个魔百合业务应该是看电视使用的如果说您想取消您可以到这个营业厅沟通一百营业厅带着您的本人身份证然后进行跟他沟通看看能不能取消[SEP]啊啊啊[SEP]那您现在这个普通移动气象和五元套餐需要取消吗[SEP]不能取消他那个两元套餐那个取消了这上面啊[SEP]天气预报取消吗[SEP]怎么了[SEP]天气预报取消吗[SEP]身份证使用它这个月月租[SEP]的费用都扣完了两元是的现在取消下月生效的啊[SEP]我就现在取消下月生效嗯那就取消那个[SEP]五元套餐和两元移动今天取消是吧[SEP]那对[SEP]好的还有什么可以帮助您的[SEP]没有了就这两项[SEP]不客气祝您生活愉快再见[SEP]哎再见[SEP]着急[SEP]可以情况想让你
您好很高兴服务喂帮我帮我查一下我手机我啥开通的业务就是我了,咨询（含查询）业务订购信息查询,8,0,您好很高兴服务[SEP]喂帮我帮我查一下我手机我啥开通的业务就是我了
您好高兴为您服务呃我想让你帮我查一下这个号码有开通有什么业务为您帮您看一下多现在是有这个三十八块钱的包月别的没有是吧哦对但是为啥每个月都扣看扣都九十多块钱一百多呀那您之前开的有其他的业务专线那两个业务已经取消过了嗯嗯好的谢谢好不客气还有不清楚呢没有了谢谢感谢来电再见,咨询（含查询）业务订购信息查询,8,0,您好高兴为您服务[SEP]呃我想让你帮我查一下这个号码有开通有什么业务[SEP]为您帮您看一下多现在是有这个三十八块钱的包月[SEP]别的没有是吧[SEP]哦对[SEP]但是为啥每个月都扣看扣都九十多块钱一百多呀[SEP]那您之前开的有其他的业务专线那两个业务已经取消过了[SEP]嗯嗯好的谢谢[SEP]好不客气还有不清楚呢没有了谢谢感谢来电再见
您好请讲哎你好帮我查一下我这手机有啥业务没其他的有都有什么业务对感谢您的耐心等待本卡显示有八元月租包含五十分钟的本地主叫国内的时长啊我给您看了一下先生本卡的话是三十分钟的国内时常然后有额外赠送了一个三十分钟本地主叫国内的时长这个是赠送到一八年的三月末套餐那个赠送来电显示那我这个就现在一个月最低消费多钱啊每个月是八元的月租哦就是关着的不用的话不用的话就是交八块钱是吧行了是不啊那行了知道了还有其他问题需要咨询没有没有没有谢谢你了不客气,咨询（含查询）业务订购信息查询,8,0,您好请讲[SEP]哎你好帮我查一下我这手机有啥业务没其他的有都有什么业务对[SEP]感谢您的耐心等待本卡显示有八元月租包含五十分钟的本地主叫国内的时长啊我给您看了一下先生本卡的话是三十分钟的国内时常然后有额外赠送了一个三十分钟本地主叫国内的时长这个是赠送到一八年的三月末套餐那个赠送来电显示[SEP]那我这个就现在一个月最低消费多钱啊每个月是八元的月租哦就是关着的不用的话不用的话就是交八块钱是吧行了是不啊那行了知道了还有其他问题需要咨询没有没有没有谢谢你了不客气
您好实习生七五四很高兴为您服务哎你好我想问一下那个我订购那个一百二十八那个无线流量那个套餐现在已经成功了吗已经生效了现在都有一百八套餐啊已经生效我现在流量是无限的是吧对是的我现在已经已经能用了是吧可以使用那是省内流量无线的要出省的话就不能不是无线的了呃这个我知道然后就是手呃全全国流量的话是两个店对好谢谢啊嗯不客气但我看您手机上还有开了有那种五十块流量包您到现在是九月十五号开通的我建议您到十一月十五号的时候把它取消就行啊你说下月的话扣一百七十一点一百七十八是吧对是的您到下月十一月十五号把它取消就行了就不会再扣了那号好谢谢啊哎好还有其他可以帮您吗啊没有,咨询（含查询）业务订购信息查询,8,0,您好实习生七五四很高兴为您服务[SEP]哎你好我想问一下那个我订购那个一百二十八那个无线流量那个套餐现在已经成功了吗[SEP]已经生效了现在都有一百八套餐[SEP]啊已经生效我现在流量是无限的是吧[SEP]对是的[SEP]我现在已经已经能用了是吧[SEP]可以使用那是省内流量无线的要出省的话就不能不是无线的了[SEP]呃这个我知道然后就是手呃全全国流量的话是两个店对好谢谢啊[SEP]嗯不客气但我看您手机上还有开了有那种五十块流量包您到现在是九月十五号开通的我建议您到十一月十五号的时候把它取消就行[SEP]啊你说下月的话扣一百七十一点一百七十八是吧[SEP]对是的您到下月十一月十五号把它取消就行了就不会再扣了[SEP]那号好谢谢啊[SEP]哎好还有其他可以帮您吗[SEP]啊没有
您好请讲那你同事你给我查一下子刚才我刚才我订了这电话来这个短信说他回什么新科什么公司说发生移动退订扣两块钱在九月四号开始你给我查一下子我要它啥用啊请稍等啊其实它请问什么号码给您发送的呀但现在我不知道啊您告诉我一下是什么号码给您发的什么信息请您具体提供一下那我的这个电话了我看手机他现在什么玩意就是咱们幺零零八六发的信息吧呃那您看一下先生您给我念一下好吗我好核实一下呀啊那你给我所以我怕电话能给我办了手机哦恩好您现在看一下吧哎我就是发布了发不了信息我这是老电话对您稍后看完以后联系我们一下吧因为我看了一下这个卡本身是有天气预报的再额外它没有开通什么业务啊那行好了哎好那您别着急啊先生您查一下吧啊我再我再打幺零零八六能接不能吧嗯这个不确认先生因为系统随机接的如果是别的工作人员都能帮助您的好吗哦好的谢谢了不客气的请问还有什么可以帮助您那好了谢谢不客气祝您生活愉快再见,咨询（含查询）业务订购信息查询,8,0,您好请讲[SEP]那你同事你给我查一下子刚才我刚才我订了这电话来这个短信说他回什么新科什么公司说发生移动退订扣两块钱在九月四号开始你给我查一下子我要它啥用啊[SEP]请稍等啊其实它请问什么号码给您发送的呀[SEP]但现在我不知道啊[SEP]您告诉我一下是什么号码给您发的什么信息请您具体提供一下[SEP]那我的这个电话了我看手机他现在什么玩意就是咱们幺零零八六发的信息吧[SEP]呃那您看一下先生您给我念一下好吗我好核实一下呀[SEP]啊那你给我所以我怕电话能给我办了手机哦[SEP]恩好您现在看一下吧哎[SEP]我就是发布了发不了信息我这是老电话[SEP]对您稍后看完以后联系我们一下吧因为我看了一下这个卡本身是有天气预报的再额外它没有开通什么业务[SEP]啊那行好了[SEP]哎好那您别着急啊先生您查一下吧[SEP]啊我再我再打幺零零八六能接不能吧[SEP]嗯这个不确认先生因为系统随机接的如果是别的工作人员都能帮助您的好吗[SEP]哦好的谢谢了[SEP]不客气的请问还有什么可以帮助您[SEP]那好了谢谢[SEP]不客气祝您生活愉快再见
好谢谢您好很高兴为您服务喂你好我的手机卡是多少钱的套餐给我查一下,咨询（含查询）业务资费,2,0,好谢谢您好很高兴为您服务[SEP]喂你好我的手机卡是多少钱的套餐给我查一下
不是打也是一毛九我问一下就我这手机是五百八十分钟的包月这个这个超五百八十分钟市话还有长途费用费吗没有长途漫游费啊就是无百八十之内就包括十都是市话呗这张卡五百八十分钟是国内通话超过之后国内打电话一分钟一毛五我就嗯就是五百八是国内的是不是哪都可以打是的国内不含港澳台啊不含港澳台就是说是啊国内的所有城区打都是没有长途和漫游是啊是的都包五百八十分钟之内是不是啊是的啊现在是长途跟那什么漫游都取消了是不是啊对啊那好了现在还有什么呢半年的没有了我就不知道这个长途是还收不收现在是好吧请问还有哪里不理解的吗啊没有了就是问问好吧祝您生活愉快再见,咨询（含查询）业务资费,2,0,不是打也是一毛九[SEP]我问一下就我这手机是五百八十分钟的包月这个这个超五百八十分钟市话还有长途费用费吗[SEP]没有长途漫游费[SEP]啊就是无百八十之内就包括十都是市话呗[SEP]这张卡五百八十分钟是国内通话超过之后国内打电话一分钟一毛五[SEP]我就嗯就是五百八是国内的是不是哪都可以打[SEP]是的国内不含港澳台[SEP]啊不含港澳台就是说是啊国内的所有城区打都是没有长途和漫游是啊[SEP]是的[SEP]都包五百八十分钟之内是不是啊[SEP]是的[SEP]啊现在是长途跟那什么漫游都取消了是不是啊[SEP]对[SEP]啊那好了[SEP]现在还有什么呢半年的[SEP]没有了我就不知道这个长途是还收不收现在是[SEP]好吧请问还有哪里不理解的吗[SEP]啊没有了就是问问好吧[SEP]祝您生活愉快再见
您好请讲哎你好我想问一下我这个套餐现在那个啊在黄本地打一分钟多少钱您这张卡的话是说在吉林市在主叫国内每分钟一毛出了吉林市主叫国内每分钟一毛九的国内接听电话免费那个就是就是在吉林市打电话是六毛是吧是的女士啊那我这个现在我这套餐现在每个月有流量了每个月它赠了您五十兆的省内流量但是赠到九月末结束自动取消然后呢我看一下这个月还有一个七十兆省内流量也是赠到九月末结束我知道就是说套餐这个套餐也没有流量套餐不赠流量使用按每兆两毛九分钱收取的不用不收费的我这个我这个现在是属于那个国通卡吗是的女士啊就是那个打电话就是都是一毛钱一条就是是不是赠送五十分钟免费的啊五十分钟国内主叫通话时长超过之后啊月租八块钱在吉林市内主叫国内一毛超过吉林市主叫国内每分钟一毛九啊啊啊那行那谢谢啊嗯嗯,咨询（含查询）业务资费,2,0,您好请讲[SEP]哎你好我想问一下我这个套餐现在那个啊在黄本地打一分钟多少钱[SEP]您这张卡的话是说在吉林市在主叫国内每分钟一毛出了吉林市主叫国内每分钟一毛九的国内接听电话免费[SEP]那个就是就是在吉林市打电话是六毛是吧[SEP]是的女士[SEP]啊那我这个现在我这套餐现在每个月有流量了[SEP]每个月它赠了您五十兆的省内流量但是赠到九月末结束自动取消然后呢我看一下这个月还有一个七十兆省内流量也是赠到九月末结束我知道[SEP]就是说套餐这个套餐也没有流量[SEP]套餐不赠流量使用按每兆两毛九分钱收取的[SEP]不用不收费的我这个我这个现在是属于那个国通卡吗[SEP]是的女士[SEP]啊就是那个打电话就是都是一毛钱一条就是是不是赠送五十分钟免费的啊[SEP]五十分钟国内主叫通话时长超过之后啊月租八块钱在吉林市内主叫国内一毛超过吉林市主叫国内每分钟一毛九[SEP]啊啊啊那行那谢谢啊[SEP]嗯嗯
四哎你好您好请讲不是你好我问一下我这个卡原来是农村八分乘以一毛二的吧是吧请您稍等一下我帮您查询您好先生我帮您看一下您这张卡的套餐呢现在已经更改了从下个月的时候更改从八块钱的套餐吗呃那我问一下子我想变回来原来那卡能变回来吗请您稍后请问您现在营业厅改的这个套餐吗嗯还是给您打的外呼电话给您开吧好像是外呼电话吧那这个我这里边无法帮您更改的先生如果您还想使用以前套餐那我可以帮您进行反馈一下我们核实之后给您回复电话进行处理的嗯那可以你要是能改回来的话顶上帮我改过来我不想改那个套餐那个请您稍等您好先生已经帮您反馈了请问还有什么可以帮助您嗯不需要了那你这个给我到五月一号他就我还现在这卡你要是整完了以后不还是我原来那个那个消费标准了是吧包括六这个是否能更改我没办法给您确定或者处理部门这边给您回复电话的感谢您耐心等待一下啊那那行请问还有什么可以帮助您嗯不需要了哎谢谢不客气请您稍后对我的服务回复一下满意短信好吧啊好好谢谢先生祝您生活愉快再见,咨询（含查询）业务资费,2,0,四哎你好[SEP]您好请讲[SEP]不是你好我问一下我这个卡原来是农村八分乘以一毛二的吧是吧[SEP]请您稍等一下我帮您查询您好先生我帮您看一下您这张卡的套餐呢现在已经更改了从下个月的时候更改从八块钱的套餐吗[SEP]呃那我问一下子我想变回来原来那卡能变回来吗[SEP]请您稍后请问您现在营业厅改的这个套餐吗[SEP]嗯[SEP]还是给您打的外呼电话给您开吧[SEP]好像是外呼电话吧[SEP]那这个我这里边无法帮您更改的先生如果您还想使用以前套餐那我可以帮您进行反馈一下我们核实之后给您回复电话进行处理的[SEP]嗯那可以你要是能改回来的话顶上帮我改过来我不想改那个套餐那个[SEP]请您稍等您好先生已经帮您反馈了请问还有什么可以帮助您[SEP]嗯不需要了那你这个给我到五月一号他就我还现在这卡你要是整完了以后不还是我原来那个那个消费标准了是吧[SEP]包括六这个是否能更改我没办法给您确定或者处理部门这边给您回复电话的感谢您耐心等待一下[SEP]啊那那行[SEP]请问还有什么可以帮助您[SEP]嗯不需要了哎谢谢[SEP]不客气请您稍后对我的服务回复一下满意短信好吧[SEP]啊好好[SEP]谢谢先生祝您生活愉快再见
您好请讲你好我麻烦你一下你看看我这个呃我这个卡呀那这个我这是老卡这从今天开始这个资费情况好的先生我这边帮您查询了一下就是您这个打电话的资费在这个就是本地还是不变就是说咱们如果还在农安的农村一百分钟之内含一百分钟是久费一百分钟到三百分钟含三百分钟是八分但是他打市话和长途都是了就比如说咱们这个如果在这个就是农安农村一百分钟之内假如说咱们打北京的电话也是九分钱一分钟就长途也是九分钱一分钟然后如果要是三百分钟以上打这个就是打电话是七分钱一分钟假如说您出了农安农村咱们在国内其它地方比如说在长春地区或者是到北京去它是两毛钱一分钟然后全国接听电话是免费的啊那嗯就是我在农安农村打不管往全国每个地方打都是九块对啊一百分钟之内都是九分钱一分钟啊啊那如果我要是到长春了或者到北京啊那个我在我我往别人打就是两毛了是的啊我这个一个月给多少流量啊您这个是月月那个来电显示有个主显包里边包括来电显示七十兆省内流量幺三九邮箱和地图和飞信会员里面一共有七十兆的省内流量可以用啊嗯如果流量不够就就得从话费扣了呗是的超过这七十兆之后是两毛九分钱一兆的啊两毛九一兆的对啊啊那我现在我就是在那个农安农村呃让全国各地打都是九分是啊是的那好谢谢你啊不客气的请问还有什么可以帮助您的没有了谢谢你不客气祝您生活愉快再见,咨询（含查询）业务资费,2,0,您好请讲[SEP]你好我麻烦你一下你看看我这个呃我这个卡呀那这个我这是老卡这从今天开始这个资费情况[SEP]好的先生我这边帮您查询了一下就是您这个打电话的资费在这个就是本地还是不变就是说咱们如果还在农安的农村一百分钟之内含一百分钟是久费一百分钟到三百分钟含三百分钟是八分但是他打市话和长途都是了就比如说咱们这个如果在这个就是农安农村一百分钟之内假如说咱们打北京的电话也是九分钱一分钟就长途也是九分钱一分钟然后如果要是三百分钟以上打这个就是打电话是七分钱一分钟假如说您出了农安农村咱们在国内其它地方比如说在长春地区或者是到北京去它是两毛钱一分钟然后全国接听电话是免费的[SEP]啊那嗯就是我在农安农村打不管往全国每个地方打都是九块[SEP]对啊一百分钟之内都是九分钱一分钟[SEP]啊啊那如果我要是到长春了或者到北京啊那个我在我我往别人打就是两毛了[SEP]是的[SEP]啊我这个一个月给多少流量啊[SEP]您这个是月月那个来电显示有个主显包里边包括来电显示七十兆省内流量幺三九邮箱和地图和飞信会员里面一共有七十兆的省内流量可以用啊[SEP]嗯如果流量不够就就得从话费扣了呗[SEP]是的超过这七十兆之后是两毛九分钱一兆的啊两毛九一兆的对[SEP]啊啊那我现在我就是在那个农安农村呃让全国各地打都是九分是啊[SEP]是的[SEP]那好谢谢你啊[SEP]不客气的请问还有什么可以帮助您的[SEP]没有了谢谢你[SEP]不客气祝您生活愉快再见
您好高兴服务你帮我看下我这个十g专用流量是用哪个哪个地方嗯是一个彩铃啊咪咕视频就是咱们的那种视频对哦哦是这样的对用的知道了,咨询（含查询）产品/业务功能,10,0,您好高兴服务[SEP]你帮我看下我这个十g专用流量是用哪个哪个地方[SEP]嗯是一个彩铃[SEP]啊[SEP]咪咕视频就是咱们的那种视频对[SEP]哦哦是这样的[SEP]对[SEP]用的知道了
您好很高兴为您服务哎你好哎我我有个问题想问一下就是在我这手机就是就是手机那个上面就是显示信号那个地方显示出来有有一个sd是什么意思啊那个是高清语音功能那那个一次以前怎么从来都没有就是这两天还有的你这手机卡的一个功能手机我查了对那这个手机卡为什么以前没有了是月初的功能啊手机卡是有的功能之前没有对之前没有嗯对那就是没有那这个标准了不要紧女士啊那这个主要就是那个htc使就是什么意思款什么东西吗就打电话是两正好网络根本的啊那好嘞好谢谢你啊不客气祝您生活愉快再见,咨询（含查询）产品/业务功能,10,0,您好很高兴为您服务[SEP]哎你好哎我我有个问题想问一下就是在我这手机就是就是手机那个上面就是显示信号那个地方显示出来有有一个sd是什么意思啊那个是高清语音功能那那个一次以前怎么从来都没有就是这两天还有的[SEP]你这手机卡的一个功能手机我查了对[SEP]那这个手机卡为什么以前没有了[SEP]是月初的功能[SEP]啊[SEP]手机卡是有的功能之前没有[SEP]对之前没有嗯[SEP]对那就是没有[SEP]那这个标准了[SEP]不要紧女士[SEP]啊那这个主要就是那个htc使就是什么意思款什么东西吗[SEP]就打电话是两正好网络根本的[SEP]啊那好嘞好谢谢你啊[SEP]不客气祝您生活愉快再见
呃您好请讲我问一下我手机都开通啥业务了请稍等真的感谢您的耐心等待您这张卡有十八块钱的月租费十块钱充十块钱十八呀十八元月租费十块钱超级qq五块钱彩铃再没了这是月租十八分关了啊这无法关闭的您要是不想用十八的最少可以改成八块呃八块那个十八那个就里边东西都一样吗不一样八块钱包五十分钟国内通话和来电显没啦那那意十八不能十八块钱的那个啥呀十八包一百兆国内流量五十兆省内流量八十分钟本地通话和来电显对我现在我现在有流量吗这里边现在我这显示您这张卡就月租里有流量呀就是一百兆国内五十兆省内现在还有吗现在啊那我就看不到需要您拨打幺零零八六幺幺查询一下啊谢了不客气嗯请问您还有其他问题吗没了没了祝您生活愉快再见,咨询（含查询）产品/业务功能,10,0,呃您好请讲[SEP]我问一下我手机都开通啥业务了[SEP]请稍等[SEP]真的[SEP]感谢您的耐心等待您这张卡有十八块钱的月租费十块钱充十块钱[SEP]十八呀[SEP]十八元月租费十块钱超级qq五块钱彩铃再没了[SEP]这是月租十八分关了啊[SEP]这无法关闭的您要是不想用十八的最少可以改成八块[SEP]呃八块那个十八那个就里边东西都一样吗[SEP]不一样八块钱包五十分钟国内通话和来电显没啦[SEP]那那意十八不能十八块钱的那个啥呀[SEP]十八包一百兆国内流量五十兆省内流量八十分钟本地通话和来电显对[SEP]我现在我现在有流量吗这里边现在[SEP]我这显示您这张卡就月租里有流量呀就是一百兆国内五十兆省内[SEP]现在还有吗现在[SEP]啊那我就看不到需要您拨打幺零零八六幺幺查询一下[SEP]啊谢了[SEP]不客气嗯请问您还有其他问题吗[SEP]没了没了[SEP]祝您生活愉快再见
为您服务这个我想变更一下套餐可以现在三十八的套餐您需要改成套餐内免费嗯那个嗯流流量多一点的有什么套餐您现在在外地还在本地呀本地呀在本地我看您是还有流量还有很多呀您现在需要换套餐吗哦我那个是不是有一个是什么三十嗯对有一个三十元的一个试用两个月这三个积分哦我知道我就说我不用这个流量包的话哎喂有没有那种流量划算一点套餐就看话费呀二十八再往上升的话再往上升级六十八的六十八的话流量包两个g的通话八十分钟通话八十分钟两个g是吧对那您现在也是六十八套餐这样流量会更多呀所以说套餐没有必要转哦现在不是三十八加三十每月六十八但是这这个您这样配合六十八的话流量三个多g两两转的话是两个g通话分钟太少了我是这个是通话分钟多少啊您这个也是八十分钟都有八十分钟所以说套餐没有没有转不合适接不通话分钟我也没看多一点的话有七十八的七十八的包一百五十分钟流量两个g那那那我考虑一下吧恩好的好的,咨询（含查询）产品/业务功能,10,0,为您服务这个我想变更一下套餐可以[SEP]现在三十八的套餐您需要改成套餐内免费[SEP]嗯那个嗯流流量多一点的有什么套餐[SEP]您现在在外地还在本地呀[SEP]本地呀[SEP]在本地我看您是还有流量还有很多呀您现在需要换套餐吗[SEP]哦我那个是不是有一个是什么三十[SEP]嗯对有一个三十元的一个试用两个月这三个积分[SEP]哦我知道我就说我不用这个流量包的话哎喂有没有那种流量划算一点套餐就看话费呀二十八再往上升的话[SEP]再往上升级六十八的六十八的话流量包两个g的[SEP]通话八十分钟通话八十分钟两个g是吧[SEP]对那您现在也是六十八套餐这样流量会更多呀所以说套餐没有必要转[SEP]哦[SEP]现在不是三十八加三十每月六十八但是这这个您这样配合六十八的话流量三个多g两两转的话是两个g[SEP]通话分钟太少了我是这个是通话分钟多少啊[SEP]您这个也是八十分钟[SEP]都有八十分钟[SEP]所以说套餐没有没有转不合适[SEP]接不通话分钟我也没看[SEP]多一点的话有七十八的七十八的包一百五十分钟[SEP]流量两个g那那那我考虑一下吧[SEP]恩好的[SEP]好的
您好请讲你好麻烦问一下子我这个号码它上个月给我订那个套餐是啥的您好女士那上个月给您改套餐已经改回来了您现在用的还是原先的那个神州行畅听卡是那个有一个他说的呃最低消费十元的有五百分钟还有多少兆流量那个那个您这张卡现在没有女士最低消费是十元来电显示免费有个五十兆省内流量到九月末自动兆哦关键五百分钟那个没有啊这张卡没有给您赠五百分钟女士我就上你们打电话了原来有一个最低消费八块呢完了他说又给我打说有十块的我说能不能增加呀完打算取消了完了这十块这个那他没没给我那啥呀那现在没有给您办它现在用的您用的还是原先用的那个套餐神州行畅听卡的套餐你看看我还行他给我办了你就八块呢他让我取消了这也是他服务台给我打的电话呀嗯谢谢您这个是要求恢复原套餐所以它给您播出元套餐了就是那啥那个你现在是哪能整哪个套餐呢您原来套餐就是神州行畅听卡那个套餐是现在要是办呢但咱们这面没有权限的您如果能联系上给您打电话的工作人员您可以问问他能不能给您改那种的话咱们人工台是没有权限办理的能帮您办正常那种套餐变更八元那个有五十分钟国内通话和来电显全国打电话一毛九一分钟并没有那个五百分钟的赠送那就不合适了啊那行那我就这么多活动好的女士请问还有什么可以帮您没有了那祝您生活愉快再见,咨询（含查询）产品/业务功能,10,0,您好请讲[SEP]你好麻烦问一下子我这个号码它上个月给我订那个套餐是啥的[SEP]您好女士那上个月给您改套餐已经改回来了您现在用的还是原先的那个神州行畅听卡是那个[SEP]有一个他说的呃最低消费十元的有五百分钟还有多少兆流量那个[SEP]那个您这张卡现在没有女士最低消费是十元来电显示免费有个五十兆省内流量到九月末自动兆[SEP]哦关键五百分钟那个没有啊[SEP]这张卡没有给您赠五百分钟女士[SEP]我就上你们打电话了原来有一个最低消费八块呢完了他说又给我打说有十块的我说能不能增加呀完打算取消了完了这十块这个那他没没给我那啥呀[SEP]那现在没有给您办它现在用的您用的还是原先用的那个套餐神州行畅听卡的套餐[SEP]你看看我还行他给我办了你就八块呢他让我取消了这也是他服务台给我打的电话呀[SEP]嗯谢谢您这个是要求恢复原套餐所以它给您播出元套餐了[SEP]就是那啥那个你现在是哪能整哪个套餐呢[SEP]您原来套餐就是神州行畅听卡那个套餐[SEP]是现在要是办呢[SEP]但咱们这面没有权限的您如果能联系上给您打电话的工作人员您可以问问他能不能给您改那种的话咱们人工台是没有权限办理的能帮您办正常那种套餐变更八元那个有五十分钟国内通话和来电显全国打电话一毛九一分钟并没有那个五百分钟的赠送那就不合适了啊那行那我就这么多活动好的女士请问还有什么可以帮您没有了那祝您生活愉快再见
再见您好很高兴为您服务哎你好我想问一下我这有一张那个移动的充值卡怎么用呀,咨询（含查询）使用方式,23,0,再见您好很高兴为您服务[SEP]哎你好我想问一下我这有一张那个移动的充值卡怎么用呀
您好请讲你好我想请问一下我这个手机已经办理了四g卡但是开流量的话怎么不是四g的呢老户可怕了嗯请问女士咱们手机是四g手机对吗你说怎么的呀请问手机是四g手机办对四g手机恩那您稍等别着急我帮您把网络后台的网络刷新现在需要您以后的是不客气把手机数据关闭之后把手机关机重启一下过两办一分钟吧再连接数据您试一下现在复机关闭了是不是对之后把手机挂电话之后关机重启就可以了就把数据关关了就行两三分钟之后再试一下是吗数据关闭把手机关机重启怎么加手机也关了哇对手机关机之后再开机啊行还有其他问题吗没有了谢谢啊不客气祝您生活愉快再见,咨询（含查询）使用方式,23,0,您好请讲[SEP]你好我想请问一下我这个手机已经办理了四g卡但是开[SEP]流量的话怎么不是四g的呢老户可怕了嗯请问女士咱们手机是四g手机对吗你说怎么的呀请问手机是四g手机办[SEP]对四g手机[SEP]恩那您稍等别着急我帮您把网络后台的网络刷新现在需要您以后的是不客气把手机数据关闭之后把手机关机重启一下过两办一分钟吧再连接数据您试一下[SEP]现在复机关闭了是不是[SEP]对之后把手机挂电话之后关机重启就可以了[SEP]就把数据关关了就行两三分钟之后再试一下是吗[SEP]数据关闭把手机关机重启[SEP]怎么加手机也关了哇对手机关机之后再开机啊行[SEP]还有其他问题吗[SEP]没有了谢谢啊[SEP]不客气祝您生活愉快再见
您好很高兴为您服务喂你好您好呃我的这个每次收到验证码的时候哼我就是查询这个我的这个手机手机号的呃服务密码每次发送的时候它上面会显示那个发送那个就是验证码这个平台是什么意思啊啊是手机服务密码的验证码吗啊对对对那现在是有没有更改成功这个服务密码我更改成功了他说每次就是那个呃发送赠送呃过平常呃那您就是发送的时候只用跟发送一遍就可以了不用重复的发送它就是呃收收到一个不行得收两个验证码然后就没到第二次的时候他都会显示那个是支付密码活动请稍后再试那现在有没有更改成功呢再见呃现在好像是更改成功了吗恩那好的那您就是重新用这个新密码来呃登陆一下看看有没有更改成功就可以了哦那行行行那我说一下吧恩好还有其他可以帮到您的吗没有他这个就是收到那个验证码这个过多管理平台是什么意思啊怎么一回事儿都这个是不影响的应该是您第一次输入的时候输入有误然后重新输入了一次哦那行行行好的好的,咨询（含查询）使用方式,23,0,您好很高兴为您服务[SEP]喂你好[SEP]您好[SEP]呃我的这个每次收到验证码的时候哼我就是查询这个我的这个手机手机号的呃[SEP]服务密码[SEP]每次发送的时候它上面会显示那个发送那个就是验证码这个平台是什么意思啊[SEP]啊是手机服务密码的验证码吗[SEP]啊对对对[SEP]那现在是有没有更改成功这个服务密码[SEP]我更改成功了他说每次就是那个呃发送赠送呃过平常[SEP]呃那您就是发送的时候只用跟发送一遍就可以了不用重复的发送[SEP]它就是呃收收到一个不行得收两个验证码然后就没到第二次的时候他都会显示那个是支付密码活动请稍后再试[SEP]那现在有没有更改成功呢再见[SEP]呃现在好像是更改成功了吗[SEP]恩那好的那您就是重新用这个新密码来呃登陆一下看看有没有更改成功就可以了[SEP]哦那行行行那我说一下吧[SEP]恩好还有其他可以帮到您的吗[SEP]没有他这个就是收到那个验证码这个过多管理平台是什么意思啊[SEP]怎么一回事儿都这个是不影响的应该是您第一次输入的时候输入有误然后重新输入了一次[SEP]哦那行行行好的好的
您好请讲哎麻烦你帮我看一下我这个手机嗯有五毛钱的这个叫什么什么登增值业务费用我不道登怎么植了你能帮我看一下吗好的马上帮您查询是抱歉让您久等了增值服务费呢一般指的是说有在网上点播或订购的一些网一些非十一位的手机号码比如说一些交易平台发送的信息所产生的费用那我没有就发了一个短信呢给给那个那个建设银行嗯九五五三三发了一个短信那就五毛钱那有那么高价格吗这个您可以核实一下您的详单我我我说什么核实一下您的详单看一下行吧我上哪看相当你们能看看我看不着啊再见我就是找你能帮我看看这个情况我会帮您联系计费部门这边给您进行核实返还那你那你想问一下嗯你给我记一下吧我就发了一个九五五三三嗯嗯发到咱发个八八加吧八点半吧就发送赠两万五毛钱那也太多了嗯别的我也没有什么呀嗯嗯啊好的我马上帮您联系嗯那感谢您对部门那边给您进行返还哎好叻请问还有什么可以帮您没有了就这个完了你给我按投诉也行是按照就是你看我说这服务也行完他就给我回话啊什么情况它一定要告诉我它刚才发个短信就五毛钱你现在长途电话都没了就是漫游都没了一个短信要怎么被人太多了就嗯嗯嗯嗯那好谢谢你喂你好祝您生活,咨询（含查询）使用方式,23,0,您好请讲[SEP]哎麻烦你帮我看一下我这个手机嗯有五毛钱的这个叫什么什么登增值业务费用我不道登怎么植了你能帮我看一下吗[SEP]好的马上帮您查询是抱歉让您久等了增值服务费呢一般指的是说有在网上点播或订购的一些网一些非十一位的手机号码比如说一些交易平台发送的信息所产生的费用[SEP]那我没有就发了一个短信呢给给那个那个建设银行嗯九五五三三发了一个短信那就五毛钱那有那么高价格吗[SEP]这个您可以核实一下您的详单[SEP]我我我说什么[SEP]核实一下您的详单看一下[SEP]行吧我上哪看相当你们能看看我看不着啊[SEP]再见我就是找你能帮我看看这个情况我会帮您联系计费部门这边给您进行核实返还[SEP]那你那你想问一下嗯你给我记一下吧我就发了一个九五五三三[SEP]嗯嗯[SEP]发到咱发个八八加吧八点半吧就发送赠两万五毛钱那也太多了嗯别的我也没有什么呀[SEP]嗯嗯[SEP]啊[SEP]好的我马上帮您联系嗯那感谢您对部门那边给您进行返还[SEP]哎好叻[SEP]请问还有什么可以帮您[SEP]没有了就这个完了你给我按投诉也行是按照就是你看我说这服务也行完他就给我回话啊什么情况它一定要告诉我它刚才发个短信就五毛钱你现在长途电话都没了就是漫游都没了一个短信要怎么被人太多了就[SEP]嗯嗯嗯嗯那好谢谢你喂你好祝您生活
您好请讲你好我想问一下就是咱们那个幺零零八六htc里面有个幺三九邮箱我想问一下那那个邮箱就是app嘛还特邮箱单独有一个ip啊啊女士您是说咱们幺三九邮箱的那个地址是吗啊对他说单独有一个ip对咱们可以自己就是可以下载一个幺三九邮箱也可以下载个客户端上哦那我打幺零零八六零看看那个要是就今天呢属于什么呀呃女士您是说那里边那个怎么提示您的就是说你那个登录登陆幺三九四邮箱是在幺零零八六就能登录对女士那您看您那个是不是有链接您点击之后直接进入六十天就输入登录密码就进去了哦那女士这个也有可能是说它那个里边有这个装置的它这个啊网站但是正常在幺三九邮箱他也有幺三九邮箱的这个地址啊那我知道了啊那个就属于一个链接短信呢是不对有可能是有这个链接点就是链接上去了啊是我看那有些活动幺三九信箱活动肯定也还是找不着应该就是gip里去就行是吧哦对您也可以就是下载幺三九邮箱的客户端您看一下那个改那个应用宝里头呢下载的话就直接输入那个幺三九休息那个新乡吗怎么怎么下载那下载哪个文字文字输入什么就是吉林移动幺三九信箱啊中国移动啊您稍等我帮您看一下我们这边有没有地址您稍等一下啊哦地址好像我那短信收过收到过是吧您稍等我看一下咱们这边系统有没有有的话我就直接帮您发请稍等啊啊行谢谢不客气女士您好女士感谢您耐心等待咱们有幺三九邮箱的网址我把幺幺三九邮箱网址我直接发给您好吧哦那行是不是要北京银行卡里找应该输啥呀电信打里头呃在因为保持女士那您就打咱们幺三九邮箱您看有没有出来呢啊那行好了谢谢啊,咨询（含查询）使用方式,23,0,您好请讲[SEP]你好我想问一下就是咱们那个幺零零八六htc里面有个幺三九邮箱我想问一下那那个邮箱就是app嘛还特邮箱单独有一个ip啊[SEP]啊女士您是说咱们幺三九邮箱的那个地址是吗[SEP]啊对他说单独有一个ip[SEP]对咱们可以自己就是可以下载一个幺三九邮箱也可以下载个客户端上哦[SEP]那我打幺零零八六零看看那个要是就今天呢属于什么呀[SEP]呃女士您是说那里边那个怎么提示您的[SEP]就是说你那个登录登陆幺三九四邮箱是在幺零零八六就能登录[SEP]对女士那您看您那个是不是有链接您点击之后直接进入六十[SEP]天就输入登录密码就进去了[SEP]哦那女士这个也有可能是说它那个里边有这个装置的它这个啊网站但是正常在幺三九邮箱他也有幺三九邮箱的这个地址[SEP]啊那我知道了啊那个就属于一个链接短信呢是不对有可能是有这个链接[SEP]点就是链接上去了[SEP]啊是我看那有些活动幺三九信箱活动肯定也还是找不着应该就是gip里去就行是吧[SEP]哦对您也可以就是下载幺三九邮箱的客户端您看一下[SEP]那个改那个应用宝里头呢下载的话就直接输入那个幺三九休息那个新乡吗怎么怎么下载那下载哪个文字文字输入什么就是吉林移动幺三九信箱啊中国移动[SEP]啊您稍等我帮您看一下我们这边有没有地址您稍等一下啊[SEP]哦地址好像我那短信收过[SEP]收到过是吧您稍等我看一下咱们这边系统有没有有的话我就直接帮您发请稍等啊[SEP]啊行谢谢[SEP]不客气女士您好女士感谢您耐心等待咱们有幺三九邮箱的网址我把幺幺三九邮箱网址我直接发给您好吧[SEP]哦那行是不是要北京银行卡里找应该输啥呀电信打里头[SEP]呃在因为保持女士那您就打咱们幺三九邮箱您看有没有出来呢[SEP]啊那行好了谢谢啊
好您好实习生七五七很高兴为您服务那个我想问一下我这个宽带密码给忘了呃我想嗯怎么获取,咨询（含查询）办理方式,4,0,好您好实习生七五七很高兴为您服务[SEP]那个我想问一下我这个宽带密码给忘了呃我想嗯怎么获取
您好实习生为您服务嗯嗯谢谢请讲请将谢谢问一下我这上面有多少那个m三个呀嗯请稍等这边帮您看有两千零五十六六两千零五十六分接听给我一发一个什么东西号码嗯您说是要兑换什么呀另外这个什么东西呀咋兑换话费哦对咱现在是八百四十分可以兑换十块钱两千五百分可以兑换三十块钱因为现在两千零五十六可以兑换二十块钱好给我兑换二十元好的我把兑换指令发给您就是说十块钱指令发给您稍后转发两次就可以另外二十二二十块钱好吧哦可以嗯这个兑换成功的话二十四小时之内会生效的会给您发短信的就不需要再打电话了好吧空号直接给您发您手机上了您稍后看一下诶请按约定发送到这个号码就可以兑换,咨询（含查询）办理方式,4,0,您好实习生为您服务[SEP]嗯嗯谢谢[SEP]请讲请将[SEP]谢谢问一下我这上面有多少那个m三个呀[SEP]嗯请稍等这边帮您看有两千零五十六[SEP]六两千零五十六分接听给我一发一个什么东西号码[SEP]嗯您说是要兑换什么呀另外这个什么东西呀[SEP]咋兑换话费哦[SEP]对咱现在是八百四十分可以兑换十块钱两千五百分可以兑换三十块钱因为现在两千零五十六可以兑换二十块钱[SEP]好给我兑换二十元[SEP]好的我把兑换指令发给您就是说十块钱指令发给您稍后转发两次就可以另外二十二二十块钱好吧[SEP]哦可以嗯[SEP]这个兑换成功的话二十四小时之内会生效的会给您发短信的就不需要再打电话了好吧[SEP]空号[SEP]直接给您发您手机上了您稍后看一下诶请按约定发送到这个号码就可以兑换
您好请讲你好我想请问一下我这个手机里面是有一个一个活动是十元五百兆然后三十元五百兆那个赠然后第二天会赠二十块钱的话费对吗三十块钱五百兆您是什么时候核实到的呀啊那是六个也我不知道啊很长时间办很长时间之前有办的这个然后他说到九月今年的九月九号可以取消这个活动然后我想我想麻烦您帮我取消一下这个稍等不要着急我查看一下好谢谢你哦啊三十块钱五百兆的这个活动是吗对你好我这边显示的话呢看了一下稍等啊确实您程当中有一个是三十块钱的活动然后的话呢人工台暂时取消不了这个业务告诉您取消的方法好吗人工台取消不了这个活动对三十块钱五百兆呢现在系统已经升级了这个业务不能在我这边退订了您需要稍后呢重新打幺零零八六听到语音在四号键会进入到快捷流程然后再按数字一号键就取消了好谢谢你不客气请问还有什么可以帮助您啊没有了谢谢你,咨询（含查询）办理方式,4,0,您好请讲[SEP]你好我想请问一下我这个手机里面是有一个一个活动是十元五百兆然后三十元五百兆那个赠然后第二天会赠二十块钱的话费对吗[SEP]三十块钱五百兆您是什么时候核实到的呀[SEP]啊那是六个也我不知道啊很长时间办很长时间之前有办的这个然后他说到九月今年的九月九号可以取消这个活动然后我想我想麻烦您帮我取消一下这个[SEP]稍等不要着急我查看一下[SEP]好谢谢你哦[SEP]啊三十块钱五百兆的这个活动是吗[SEP]对[SEP]你好我这边显示的话呢看了一下稍等啊确实您程当中有一个是三十块钱的活动然后的话呢人工台暂时取消不了这个业务告诉您取消的方法好吗[SEP]人工台取消不了这个活动[SEP]对三十块钱五百兆呢现在系统已经升级了这个业务不能在我这边退订了您需要稍后呢重新打幺零零八六听到语音在四号键会进入到快捷流程然后再按数字一号键就取消了[SEP]好谢谢你[SEP]不客气请问还有什么可以帮助您[SEP]啊没有了谢谢你
好的您好很高兴为您服务呃我想给我手机那个套餐我的套餐是九十八套餐是多少套餐现在是八十八的啊我想改成三十八的三十八的是吗就最低最低能改成啥我这个呃您稍等我看一下因为我这边看了一下套餐改的话哦您办了有个移动咱们移动的主副卡业务所以说我要就是有个副卡您这边包有移动主副卡吗那个业务是需要咱们这个指定套餐最少转三十八的您有这个扣款业务的限制有没有收到的稍等一下副卡最少应该办理的是五十八最少办五十八如果没有这个副卡限制的话那可以网g的转咱们人工能办的话最少是十八的营业厅的话转最少十二的也有这个副卡要求最少十五十八有副卡最早是五十八是吧你说他那个副卡取消再去再去香请副卡如果不用的话可以到咱们当地的营业厅稍等我看一下您这个一号办的通过咱们掌上网上营业厅或者是到咱们当地的移动自建营业厅都可以办理取消网上营业厅手机手机上面就能办现在这个手机上网登录掌上营业厅也可以办哦就是那个中国移动那个呃那个啥那微信是不是对哦那好我看嗯好的好好好好请问还有其他需要帮您的吗没了那祝您生活愉快再见,咨询（含查询）办理方式,4,0,好的[SEP]您好很高兴为您服务[SEP]呃我想给我手机那个套餐我的套餐是九十八套餐是多少套餐[SEP]现在是八十八的[SEP]啊我想改成三十八的[SEP]三十八的是吗[SEP]就最低最低能改成啥我这个[SEP]呃您稍等我看一下因为我这边看了一下套餐改的话哦您办了有个移动咱们移动的主副卡业务[SEP]所以说我要[SEP]就是有个副卡您这边包有移动主副卡吗那个业务是需要咱们这个指定套餐最少转三十八的您有这个扣款业务的限制[SEP]有没有收到的[SEP]稍等一下副卡最少应该办理的是五十八最少办五十八如果没有这个副卡限制的话那可以网g的转咱们人工能办的话最少是十八的营业厅的话转最少十二的也有这个副卡要求最少十五十八[SEP]有副卡最早是五十八[SEP]是吧[SEP]你说他那个副卡取消再去再去香请[SEP]副卡如果不用的话可以到咱们当地的营业厅稍等我看一下您这个一号办的通过咱们掌上网上营业厅或者是到咱们当地的移动自建营业厅都可以办理取消[SEP]网上营业厅手机手机上面就能办[SEP]现在这个手机上网登录掌上营业厅也可以办[SEP]哦就是那个中国移动那个呃那个啥那微信是不是[SEP]对[SEP]哦那好我看[SEP]嗯好的[SEP]好好好好[SEP]请问还有其他需要帮您的吗[SEP]没了[SEP]那祝您生活愉快再见
您好请讲哎我想问一下我这个我这个套餐能改吗请问改成多少钱的呀就是现在不是那个免免那个漫游费了吗我这个全球通也没什么用了呀能改的话也都是全球通啊那能不能改个低一点的消费低一点的可以呀咱们从八块钱到八百八十八都有不等的啊那我现在可以改八块钱是啥样的呀月租八块赠送您五十分钟国内主叫时长还有来电显示没有流量啊没有流量那那再高一点的呢十八块钱呢是一百兆国内五十兆省内省内不结转一共一百五十兆分钟数呢是八十分钟本地主叫国内长八十分钟啊那你那还有呢这流量多一点的你跟我说一下呗每个月能用多少流量啊每个月最少也也也得三百五百的您是在哪用啊在在那个辽源我想用全国的那种那您可以改成三十八的三十八块钱月租赠送您三百兆国内加三百兆省内省内不结转一共六百兆分钟数呢是五十分钟国内加一百五十分钟本地主叫国内一共二百分钟哦那我要是改的话我说得上营业厅改呀改的话给我们打电话就行然后就我现在能直接改哦那我这个月改的话那时候扣扣扣没扣钱呢就在下个月用这个用不了啊这月用不了呗那你给我改个八块钱是啥样的然后月了八块钱月租赠您五十分钟的国内主叫时长来电显示没有流量五五十分钟哦那我额外办流量呗现在不有那个六十块钱多少多少g地方那个没有没有啊嗯嗯哦哦那行六十十八那就行我我再考虑一下然后就打电话好的请问还有其他问题吗评定哎谢谢您生活愉快再见,咨询（含查询）办理方式,4,0,您好请讲[SEP]哎我想问一下我这个我这个套餐能改吗[SEP]请问改成多少钱的呀[SEP]就是现在不是那个免免那个漫游费了吗我这个全球通也没什么用了呀[SEP]能改的话也都是全球通[SEP]啊那能不能改个低一点的消费低一点的[SEP]可以呀咱们从八块钱到八百八十八都有不等的[SEP]啊那我现在可以改八块钱是啥样的呀[SEP]月租八块赠送您五十分钟国内主叫时长还有来电显示没有流量啊[SEP]没有流量那那再高一点的呢[SEP]十八块钱呢是一百兆国内五十兆省内省内不结转一共一百五十兆分钟数呢是八十分钟本地主叫国内长[SEP]八十分钟啊那你那还有呢这流量多一点的你跟我说一下呗[SEP]每个月能用多少流量啊[SEP]每个月最少也也也得三百五百的[SEP]您是在哪用啊在在那个辽源[SEP]我想用全国的那种[SEP]那您可以改成三十八的三十八块钱月租赠送您三百兆国内加三百兆省内省内不结转一共六百兆分钟数呢是五十分钟国内加一百五十分钟本地主叫国内一共二百分钟哦[SEP]那我要是改的话我说得上营业厅改呀[SEP]改的话给我们打电话就行然后就我现在[SEP]能直接改哦那我这个月改的话那时候扣扣扣没扣钱呢[SEP]就在下个月用这个用不了[SEP]啊这月用不了呗那你给我改个八块钱是啥样的然后月了[SEP]八块钱月租赠您五十分钟的国内主叫时长来电显示没有流量[SEP]五五十分钟哦那我额外办流量呗现在不有那个六十块钱多少多少g地方[SEP]那个没有[SEP]没有啊嗯嗯哦哦[SEP]那行[SEP]六十十八那就行我我再考虑一下然后就打电话[SEP]好的请问还有其他问题吗评定哎谢谢您生活愉快再见
然后喂您好很高兴为您服务呃你给我查一下幺五幺三七九三零幺四幺三七九后面多少三零幺六四三零幺六四它欠费不欠不欠费我查了很正常,咨询（含查询）号码状态,24,0,然后[SEP]喂您好很高兴为您服务[SEP]呃你给我查一下幺五幺三七九三零幺四幺三七九后面多少三零幺六四[SEP]三零幺六四[SEP]它欠费不欠[SEP]不欠费我查了很正常
您好很高兴为您服务嗯现在呃帮我查一下那个手机号是啥状态吧我给你说个号您报一下号码呃幺八七幺八七六八九九六八九九二二五八二二五八呃现在我已经欠费欠费了我知道欠费停机欠费一百七十四块四毛七哎那像电话费都能正常使用了是吧充上话费就恢复了好了好谢谢啊不客气还有什么可以帮您吗呃没有谢谢祝您生活愉快再见上保存错,咨询（含查询）号码状态,24,0,您好很高兴为您服务[SEP]嗯现在呃帮我查一下那个手机号是啥状态吧我给你说个号[SEP]您报一下号码[SEP]呃幺八七[SEP]幺八七六八九九六八九九[SEP]二二五八[SEP]二二五八[SEP]呃现在我已经欠费欠费了我知道[SEP]欠费停机欠费一百七十四块四毛七[SEP]哎那像电话费都能正常使用了是吧[SEP]充上话费就恢复了[SEP]好了好谢谢啊[SEP]不客气还有什么可以帮您吗[SEP]呃没有谢谢[SEP]祝您生活愉快再见上保存错
嗯哼嗯哼您好很高兴为您服务我这手机怎么突然没有就是信号了显示一小查这这个号码关机开机一下也不行吗呃也不行你帮我看看为什么业务说说那个卡的欧开的两个都是移动的就这一个卡把这个卡换个卡上试试呢邮箱这个可不行啊呃这到底怎么回事儿那这种的话那您拿这那就只能是不是卡坏了呀最近的号号码有什么问题没有哎你好手机号是多少先生您不是幺五零幺五零零三八九七幺八八嗯嗯状态是正常的状态是正常的是吧对哦行如果是换个更换过卡上还不行的话那应该是sim卡这两个问题可以让您到营业厅检查一下如果卡换了您再换一张就可以了哦好那我知道了常状态的号码没问题是吧对号码的问题状态也正常还有话费呢那这样我就说我正常用着呢怎么好ok,咨询（含查询）号码状态,24,0,嗯[SEP]哼嗯哼您好很高兴为您服务[SEP]我这手机怎么突然没有就是信号了显示一小查这这个号码[SEP]关机开机一下也不行吗[SEP]呃也不行你帮我看看为什么业务说说那个卡的欧开的两个都是移动的就这一个卡[SEP]把这个卡换个卡上试试呢[SEP]邮箱这个可不行啊呃这到底怎么回事儿[SEP]那这种的话那您拿这那就只能是不是卡坏了呀[SEP]最近的号号码有什么问题没有[SEP]哎你好[SEP]手机号是多少先生您不是幺五零幺五零零三八九七幺八八[SEP]嗯嗯状态是正常的[SEP]状态是正常的是吧[SEP]对[SEP]哦行[SEP]如果是换个更换过卡上还不行的话那应该是sim卡这两个问题可以让您到营业厅检查一下如果卡换了您再换一张就可以了[SEP]哦好那我知道了常状态的号码没问题是吧[SEP]对号码的问题状态也正常还有话费呢[SEP]那这样我就说我正常用着呢怎么好ok
您好请讲兆我这个那个电话现在办办那个十八块钱那个套餐那个吧嗯已经给您办成功了先生赠送多一些流量呢您这十八块钱里面本身包含一百兆国内流量和五十兆省内流量然后每个月还额外赠送您是啊我看一下九百兆的省内流量九百兆的省外流量是省内流量不是省内的啊省内流量恩对哦是那个我这个还是四g卡吗没有您这个卡不便先生确实还是四g卡那这边显示怎么一往啊好吗先给您带来不便了那我马上把咱们四g上网功能给您修复一下这样您稍后关机重启一下先生啊行谢谢啊不用客气的请问还有什么可以帮助您啊没有我那就是今天一月最低消费十八呗您的月租费呀每个月是十八块钱先生啊就是那个赠送多多多少分钟打电话的赠送您八十分钟的本地长途和市话先生啊行请问还有其他问题吗啊没有了好的祝您生活愉快再见,咨询（含查询）号码状态,24,0,您好请讲兆[SEP]我这个那个电话现在办办那个十八块钱那个套餐那个吧[SEP]嗯已经给您办成功了先生[SEP]赠送多一些流量呢[SEP]您这十八块钱里面本身包含一百兆国内流量和五十兆省内流量然后每个月还额外赠送您是啊我看一下九百兆的省内流量[SEP]九百兆的省外流量[SEP]是省内流量不是省内的[SEP]啊省内流量[SEP]恩对[SEP]哦是那个我这个还是四g卡吗[SEP]没有您这个卡不便先生确实还是四g卡[SEP]那这边显示怎么[SEP]一往啊好吗先给您带来不便了那我马上把咱们四g上网功能给您修复一下这样您稍后关机重启一下先生[SEP]啊行谢谢啊[SEP]不用客气的请问还有什么可以帮助您[SEP]啊没有我那就是今天一月最低消费十八呗[SEP]您的月租费呀每个月是十八块钱先生[SEP]啊就是那个赠送多多多少分钟打电话的[SEP]赠送您八十分钟的本地长途和市话先生[SEP]啊行[SEP]请问还有其他问题吗[SEP]啊没有了[SEP]好的祝您生活愉快再见
呃您好很高兴为您服务喂我就想问一下就哦主卡我有一张过去咯上个月没用然后它是不是自动销号信号呢有什么卡未经我再呃资金在哪规定自己对对等于说省外的卡省内就自己去啊如果说您这个卡是外省的是吧我我在在外边儿在资金现办的就整个的卡归属地办几个月哦他被销号是吧这个是这样先生咱们现在是河南的客服您说您的卡到咱们郑州办的哦哦就是郑州的呃移动吗额咱们是郑州的您我刚才听您说是贵州是吗哦我我就接两个就就这这这个月要就我的卡呃河南的吗大学生要办的然后啊我在郑州都行吧然后它它又说三个月呃不用然后就给销号了然后现在我我就销号了他他说非得本人去对吧您好请讲就咱们学号的时候是需要机主本人带上证件到咱们当地营业厅来办就行哈这可不可以用别人呃代代理销号就用支付宝身份证给提过去了你好您说是河南省的还是省外的河南省的申请的就郑州的郑州的是吧哦那我看了一下咱们郑州这边的销号规定显示的是需要机主本人带证件到营业厅来办其他号码没有啊啊对那我先问问吧谢谢不客气还需要帮助吗啊需要三块钱,咨询（含查询）号码状态,24,0,呃您好很高兴为您服务[SEP]喂我就想问一下就哦主卡我有一张过去咯上个月没用然后它是不是自动销号信号呢[SEP]有什么卡[SEP]未经我再呃资金在哪规定自己[SEP]对对等于说省外的卡[SEP]省内[SEP]就自己去啊如果说您这个卡是外省的是吧[SEP]我我在在外边儿在资金现办的就整个的卡归属地办几个月哦他被销号是吧这个[SEP]是这样先生咱们现在是河南的客服您说您的卡到咱们郑州办的[SEP]哦哦就是郑州的呃移动吗[SEP]额咱们是郑州的您我刚才听您说是贵州是吗[SEP]哦我我就接两个就就这这这个月要就我的卡呃河南的吗大学生要办的然后啊我在郑州都行吧然后它它又说三个月呃不用然后就给销号了然后现在我我就销号了他他说非得本人去对吧[SEP]您好请讲就咱们学号的时候是需要机主本人带上证件到咱们当地营业厅来办就行哈[SEP]这可不可以用别人呃代代理销号就用支付宝身份证给提过去了[SEP]你好您说是河南省的还是省外的[SEP]河南省的申请的就郑州的[SEP]郑州的是吧哦那我看了一下咱们郑州这边的销号规定显示的是需要机主本人带证件到营业厅来办[SEP]其他号码没有啊[SEP]啊对[SEP]那我先问问吧谢谢[SEP]不客气还需要帮助吗[SEP]啊需要三块钱
嗯嗯您好请讲你好我想问一下那移动宽带限地区您说有线宽带吗对呀查看我现在可以给您转接宽带专席给您核实一下您所处的位置能不能办理嗯行请问您指的是咱们中国移动的有线宽带对吧对请稍等不要挂机三九就等啊行咋整啊对用嗯嗯九十分钟好的对去对啊您好对哎为您好你好您好再见再见请讲好的可以帮您啊好的对的您好您好您好用户要求查询所处位置能不能办有线宽带嗯请转,咨询（含查询）宽带覆盖范围,27,0,嗯嗯您好请讲你好我想问一下那移动宽带限地区您说有线宽带吗对呀查看我现在可以给您转接宽带专席给您核实一下您所处的位置能不能办理嗯行请问您指的是咱们中国移动的有线宽带对吧对请稍等不要挂机三九[SEP]就等啊行咋整啊[SEP]对[SEP]用[SEP]嗯嗯[SEP]九十[SEP]分钟好的对去对[SEP]啊您好[SEP]对[SEP]哎[SEP]为您好[SEP]你好您好[SEP]再见再见请讲[SEP]好的[SEP]可以帮您[SEP]啊好的[SEP]对的[SEP]您好您好[SEP]您好用户要求查询所处位置能不能办有线宽带嗯请转
您好请讲哎你好多小时我想问一下就是我想安就是移动的无线网嗯再见哎我嗯那个我们家是德辉的好的女士您先别着急您把您的您下的位置告诉我然后我们这里给您申请一下看一下咱们的位置能不能申请我找不到安宽带吗我们是谁对就是按无线网络wifi咱们现在只有移动现在只有光纤了没有那种无线wifi了冲天对就我现在了有线开通国哦我们家是德德惠就是农村的高兴那因为现在咱们这里已经不在受理无线宽带业务了所以您不想就拿着身份证到营业厅看一下啊行行行嗯那好嘞恩好的请问还有什么可以帮助您啊没有了那好了谢谢恩不客气祝您生活愉快再见,咨询（含查询）宽带覆盖范围,27,0,您好请讲[SEP]哎你好多小时我想问一下就是我想安就是移动的无线网[SEP]嗯[SEP]再见哎我嗯那个我们家是德辉的[SEP]好的女士您先别着急您把您的您下的位置告诉我然后我们这里给您申请一下看一下咱们的位置能不能申请[SEP]我找不到安宽带吗我们是谁对就是按无线网络wifi[SEP]咱们现在只有移动现在只有光纤了没有那种无线wifi了[SEP]冲天对就我现在了有线开通国哦我们家是德德惠就是农村的[SEP]高兴那因为现在咱们这里已经不在受理无线宽带业务了所以您不想就拿着身份证到营业厅看一下[SEP]啊行行行嗯那好嘞[SEP]恩好的请问还有什么可以帮助您[SEP]啊没有了那好了谢谢[SEP]恩不客气祝您生活愉快再见
是吧您好很高兴为您服务哎你好我想咨询一下宽带呃是要办理宽带的就是我想办理宽带然后那个呃我我想咨询一下我那种楼有没有那个宽带线就等于说一下您那个位置是在哪里我给您查一下包容准时弓长二号公寓新乡市哪个地方是哪个市区里边那新乡市新乡就在市里边呃新乡市这二十里面宝隆宝隆广场宝隆镇时光厂您稍等应该是红旗区宝隆广场是吧啊对宝隆算是公寓请二号楼现在就发过改过来了知道行呃不是邻居这个地址直接以后开通嗯有的我把您这个附近的那个客户宽带那个去社区经理发您手机上如果您要办理的话也可以直接联系他帮您办理就行嗯好的好的谢谢恩不客气我发您手机上了您稍后查收一下哎好的谢谢啊不客气还有别的可以帮您吗没有好那祝您生活愉快再见恩好好再见是这样的,咨询（含查询）宽带覆盖范围,27,0,是吧[SEP]您好很高兴为您服务[SEP]哎你好我想咨询一下宽带呃[SEP]是要办理宽带的[SEP]就是我想办理宽带然后那个呃我我想咨询一下我那种楼有没有那个宽带线[SEP]就等于说一下您那个位置是在哪里我给您查一下包容准时弓长二号公寓新乡市哪个地方是哪个市区里边[SEP]那新乡市[SEP]新乡就在市里边[SEP]呃新乡市这二十里面宝隆宝隆广场宝隆镇时光厂[SEP]您稍等[SEP]应该是红旗区[SEP]宝隆广场是吧[SEP]啊对宝隆算是公寓请[SEP]二号楼[SEP]现在就发过改过来了知道行呃不是邻居这个地址[SEP]直接以后[SEP]开通[SEP]嗯有的我把您这个附近的那个客户宽带那个去社区经理发您手机上如果您要办理的话也可以直接联系他帮您办理就行[SEP]嗯好的好的谢谢[SEP]恩不客气我发您手机上了您稍后查收一下[SEP]哎好的谢谢啊[SEP]不客气还有别的可以帮您吗没有好那祝您生活愉快再见恩好好[SEP]再见[SEP]是这样的
您好请讲哎你好那个我想问一下那个啊现在开始安装的嗯很抱歉先生您那边说话有断音没有听清请您重复一下好嘛啊就是我想问一下有线宽带吉林省梅河口市富丽家园这面开始安装没诶请您稍等我帮您查询一下我们哎您好先生感谢耐心等待请问您是通化地区的请问对吗对对对对嗯加一起昨天昨天给我打的电话告我回来您对不起先生您好先生过东西您好呃您好那感谢您耐心等待很抱歉先生请问您说您这个地方现在不好用啊还请问什么情况我就是想看一下子就是富丽家园这样的这种有线宽带开始安装没啊请问您说有没有安装啊对请问您的呃请您不要着急这个问题我帮您转接有线宽带专席请您咨询一下好嘛好了请稍等我帮您转接哎您好好您好好了成功您好您好对再见您好先生很抱歉专席比较忙请稍等我再帮您转接一下好吗请稍等嗯嗯您好哎喂我您是想您好用户想咨询一下他这个地方的那个有线宽带有没有开始安装好的那你转过来吧谢谢,咨询（含查询）宽带覆盖范围,27,0,您好请讲哎你好那个我想问一下那个啊[SEP]现在开始安装的[SEP]嗯很抱歉先生您那边说话有断音没有听清请您重复一下好嘛[SEP]啊就是我想问一下有线宽带吉林省梅河口市富丽家园这面开始安装没[SEP]诶请您稍等我帮您查询一下[SEP]我们[SEP]哎您好先生感谢耐心等待请问您是通化地区的请问对吗[SEP]对对对对嗯加一起昨天昨天给我打的电话告我回来[SEP]您对不起先生您好先生过东西[SEP]您好呃您好那感谢您耐心等待很抱歉先生请问您说您这个地方现在不好用啊还请问什么情况我就是想看一下子就是富丽家园这样的这种有线宽带开始安装没[SEP]啊请问您说有没有安装啊[SEP]对[SEP]请问您的呃请您不要着急这个问题我帮您转接有线宽带专席请您咨询一下好嘛[SEP]好了[SEP]请稍等我帮您转接哎您好好您好好了成功您好您好对再见您好先生很抱歉专席比较忙请稍等我再帮您转接一下好吗请稍等嗯嗯您好哎喂[SEP]我[SEP]您是想您好用户想咨询一下他这个地方的那个有线宽带有没有开始安装好的那你转过来吧谢谢
支付宝不客气请问您好很高兴为您服务他我看宽带可以吗呃请问宽带怎么了就是装宽带家里没有宽带装额安装宽带需要到营业厅前台办理的电话里面办理不了了嗯那现在可以查一下我们这儿可以拨回来吗哦您先报下具体位置我可以帮您查一下有没有光纤覆盖嗯就是零零六家店三大城呃是属于哪个区的啊哪个区华胥电话提供了新华去然后小区名称叫什么家庭三大成呃家庭什么第二天就是加是呃家是真假那些呃不是那个叫世家是美好的那个加一个三十元流量呢超过请问您需要屏蔽的钱请稍等佳人的佳是吗单人旁啊对嗯然后钱是田地的钱吗诶加起来什么在那条吧在那成对吗哦对算是相当于在的算不是我就是现在一个土字好的稍等再见啊那是女字旁的那吗绞丝小时一个那个好的稍等城市城市的城啊可以你好幺五二加钱赛纳城市吧嗯好的稍等嗯有光纤覆盖我给您提供一下这个这个小区负责安装宽带的客户经理电话您记一下稍后可以与他联系哦你跟我说一下吧好的幺三七幺三七然后八三二零八三二零一四一五一四一五对幺三七八三二零一四一五哦客户经理是吧哎对专门负责安装宽带就是您说的这个位置的那好的好的谢谢不客气那其他没有了是吗没了,咨询（含查询）宽带覆盖范围,27,0,支付宝不客气[SEP]请问[SEP]您好很高兴为您服务他我看[SEP]宽带可以吗呃请问宽带怎么了就是装宽带家里没有宽带装额安装宽带需要到营业厅前台办理的电话里面办理不了了嗯那现在可以查一下我们这儿可以拨回来吗哦您先报下具体位置我可以帮您查一下有没有光纤覆盖嗯就是零零六家店三大城呃是属于哪个区的啊哪个区华胥电话提供了新华去然后小区名称叫什么家庭三大成呃家庭什么第二天就是加是呃家是真假那些呃不是那个叫世家是美好的那个加一个三十元流量呢[SEP]超过[SEP]请问您需要屏蔽的钱请稍等佳人的佳是吗单人旁啊对嗯然后钱是田地的钱吗[SEP]诶[SEP]加起来什么在那条[SEP]吧[SEP]在那成对吗[SEP]哦对算是[SEP]相当于在的算不是我就是现在一个土字好的稍等[SEP]再见啊[SEP]那是女字旁的那吗绞丝小时一个那个好的稍等城市城市的城[SEP]啊可以你好幺五二[SEP]加钱赛纳城市吧[SEP]嗯[SEP]好的稍等嗯有光纤覆盖我给您提供一下这个这个小区负责安装宽带的客户经理电话您记一下稍后可以与他联系[SEP]哦你跟我说一下吧[SEP]好的幺三七[SEP]幺三七然后[SEP]八三二零[SEP]八三二零[SEP]一四一五[SEP]一四一五[SEP]对幺三七八三二零一四一五哦[SEP]客户经理是吧[SEP]哎对专门负责安装宽带就是您说的这个位置的[SEP]那好的好的谢谢不客气那其他没有了是吗没了
您好很高兴为您服务哦我知道那个等于说是我这幺呃等于说是我这流量等于说是它自动六十这问题你什么都正常这个都快两天你给我查查出来了我看一下请您先稍等您关于您说的流量问题的话我这边看了一下工作人员的话都已经帮您上报过了呀它上报过以后首次处理是四十八小时之内所以您别着急您的问题的话现在还在处理中我帮您再催一下尽快给您联系好吧中,咨询（含查询）工单处理结果,25,0,您好很高兴为您服务[SEP]哦我知道那个等于说是我这[SEP]幺[SEP]呃等于说是我这流量等于说是它自动六十这问题你什么都正常这个都快两天你给我查查出来了[SEP]我看一下请您先稍等您关于您说的流量问题的话我这边看了一下工作人员的话都已经帮您上报过了呀它上报过以后首次处理是四十八小时之内所以您别着急您的问题的话现在还在处理中我帮您再催一下尽快给您联系好吧[SEP]中
您好请讲哎你好麻烦你帮我查一下子我上个月那个就是那个手机上网超出那个部分扣费了完然后他说给我返了呗我没收到啊你帮我查一下请您稍等我帮您核实一下哦您好您好啊你好好非常高哦请对吧哦我问一下我帮啊抱歉让您久等了系统当中显示上个月八月二十九号的时候给您退了二十二十九块四毛二的费用的啊返了对我可以给您转接自动台您可以查询一下返还记录哦那我没收到信息我这边还没返呢嗯我现在给您转接自动台您查询一下返还记录好吧好的请您稍等别挂机吧您好好嗯,咨询（含查询）工单处理结果,25,0,您好请讲[SEP]哎你好麻烦你帮我查一下子我上个月那个就是那个手机上网超出那个部分扣费了完然后他说给我返了呗我没收到啊你帮我查一下[SEP]请您稍等我帮您核实一下[SEP]哦您好您好[SEP]啊[SEP]你好好非常高哦请对吧哦我问一下我帮啊[SEP]抱歉让您久等了系统当中显示上个月八月二十九号的时候给您退了二十二十九块四毛二的费用的[SEP]啊返了[SEP]对我可以给您转接自动台您可以查询一下返还记录[SEP]哦那我没收到信息我这边还没返呢嗯[SEP]我现在给您转接自动台您查询一下返还记录好吧[SEP]好的[SEP]请您稍等别挂机吧[SEP]您好好嗯
您好请讲对我你啥你给我查查我手机号怎么还能还没打电话呢好的请您别着急我帮您查询一下啊感谢耐心等待先生您反映的这个问题我们这边已经给您上报到处理部门了所以您别着急稍后我们会有工作人员给您回复电话的我这边给您催促一下让处理部门尽快联系好吗完你就你就发现月扣十八块钱不到无线的报给人家有网五月五十块钱一月你给我开一下就给二十四这月扣一次吧那你充充充也没整啊嗯您别着急的先生这个稍后我马上就给您催促一下让我们处理部门尽快给您回个电话好吗玩玩你要给我给我恢复也一样的吗是吧嗯您这个问题给您上报上去了所以稍后您会有工作人员告诉您这个结果您放心好吗那好了尽量快点我想找个东西我等等规划的啊,咨询（含查询）工单处理结果,25,0,您好请讲[SEP]对我你啥你给我查查我手机号怎么还能还没打电话呢[SEP]好的请您别着急我帮您查询一下[SEP]啊[SEP]感谢耐心等待先生您反映的这个问题我们这边已经给您上报到处理部门了所以您别着急稍后我们会有工作人员给您回复电话的我这边给您催促一下让处理部门尽快联系好吗[SEP]完你就你就发现月扣十八块钱不到无线的报给人家有网五月五十块钱一月你给我开一下就给二十四这月扣一次吧那你充充充也没整啊[SEP]嗯您别着急的先生这个稍后我马上就给您催促一下让我们处理部门尽快给您回个电话好吗[SEP]玩玩你要给我给我恢复也一样的吗是吧[SEP]嗯您这个问题给您上报上去了所以稍后您会有工作人员告诉您这个结果您放心好吗[SEP]那好了尽量快点我想找个东西我等等规划的啊
您好请讲哎你好我想问一下我前两天就是接到个一接到过电话也是你们移动客服打的说有三十元啊三十元那个什么套餐呢完说四月返五十元代金券这个我没同意他办他就给我办了完了我给你们客服已经打过电话了打过电话说四个四十八小时之内给我打电话给我处理现在还没给我处理吗请稍等我帮您查询一下啊卡支付宝记录卡哦卡卡号码电话我看吧请说套餐再见感谢您耐心等待经查询在昨天下午两点多啊给您回复电话还有上网的时候给您打过上午十点十八十一点十二还有十二点半的时候跟他她没人接听我们下午的时候帮您取消这个业务并且有短信通知您没有短信呢我们在昨天下午两点三十五的时候发的短信就行了嗯给我这个业务就已经取消了吗的这业务已经取消了啊行那谢谢等会我看下短信吧对您想一下昨天的短信啊你稍等一下我现在看一下吧好可以更改我怎么打是多少啊操作吗哦办好哦号码知道哦挂了二好哎对吧那我请问找到了吗,咨询（含查询）工单处理结果,25,0,您好请讲[SEP]哎你好我想问一下我前两天就是接到个一接到过电话也是你们移动客服打的说有三十元啊三十元那个什么套餐呢完说四月返五十元代金券这个我没同意他办他就给我办了完了我给你们客服已经打过电话了打过电话说四个四十八小时之内给我打电话给我处理现在还没给我处理吗[SEP]请稍等我帮您查询一下啊卡[SEP]支付宝[SEP]记录卡哦卡卡号码电话我看吧请说套餐再见感谢您耐心等待经查询在昨天下午两点多啊给您回复电话还有上网的时候给您打过上午十点十八十一点十二还有十二点半的时候跟他她没人接听我们下午的时候帮您取消这个业务并且有短信通知您[SEP]没有短信呢[SEP]我们在昨天下午两点三十五的时候发的短信就行了[SEP]嗯给我这个业务就已经取消了吗[SEP]的这业务已经取消了[SEP]啊行那谢谢等会我看下短信吧[SEP]对您想一下昨天的短信[SEP]啊你稍等一下我现在看一下吧好[SEP]可以更改我怎么打是多少啊操作吗哦办好哦号码知道哦挂了二好哎对吧那我请问找到了吗
您好请讲我反正你啥时候能解决呀请您先稍等一下先生我先查看一下啊嗯我看一下您反映的是对那个九月份产生上网费用这个问题有疑问等会我看一下咱们当时上网费用就是我查那个嗯短信就是给我回复短信没给我回复完了之后完我就超出去十七块多那个支付宝现在你们那个短信根本就没回复完呀完了说我的那个超出十七块多我一再打电话就停机了你们这个就解决多长时间了到现在都解决不了呃我看了一下呢之前是给您回复过电话但您的那个处理结果是不满意的然后已经转到咱们地方的移动公司给咱们直接处理这个问题那他们就后续一直也没给您回复过呀回复了就是说你的上网超出流量了我们已经提醒了我说哪个提醒我说你查那个短信给我发来的那有没有我头一天晚上查的二天第二天早上就来个短信说你已经那卡完了超出这个就是那个流量费用收取十七块多钱我说我那个查你们都没给我回我发票早上起来又给我来了一条短信说有欠费停机唉呀再见那这样先生您先不要着急啊我再给您催促一下让那边让他们抓紧给您把这后期的问题给您处理的行然后您再耐心等待一下时间那就是处理处理你不能说处理两月吧那不会的先生那行我等你电话嗯好的那祝您生活愉快再见,咨询（含查询）工单处理结果,25,0,您好请讲[SEP]我反正你啥时候能解决呀[SEP]请您先稍等一下先生我先查看一下啊嗯我看一下您反映的是对那个九月份产生上网费用这个问题有疑问[SEP]等会我看一下咱们当时上网费用就是我查那个嗯短信就是给我回复短信没给我回复完了之后完我就超出去十七块多那个支付宝现在你们那个短信根本就没回复完呀完了说我的那个超出十七块多我一再打电话就停机了你们这个就解决多长时间了到现在都解决不了[SEP]呃我看了一下呢之前是给您回复过电话但您的那个处理结果是不满意的然后已经转到咱们地方的移动公司给咱们直接处理这个问题那他们就后续一直也没给您回复过呀[SEP]回复了就是说你的上网超出流量了我们已经提醒了我说哪个提醒我说你查那个短信给我发来的那有没有我头一天晚上查的二天第二天早上就来个短信说你已经那卡完了超出这个就是那个流量费用收取十七块多钱我说我那个查你们都没给我回我发票早上起来又给我来了一条短信说有欠费停机唉呀再见[SEP]那这样先生您先不要着急啊我再给您催促一下让那边让他们抓紧给您把这后期的问题给您处理的[SEP]行然后您再耐心等待一下时间那就是处理处理你不能说处理两月吧[SEP]那不会的先生[SEP]那行我等你电话[SEP]嗯好的那祝您生活愉快再见
那个喂你好很高兴为您服务你帮我查查我的那个呃我这个手机号的客户经理电话,咨询（含查询）服务渠道信息,16,0,那个喂你好很高兴为您服务[SEP]你帮我查查我的那个呃我这个手机号的客户经理电话
您好很高兴为您服务帮我查一下我的积分有多少恩好的请稍等那您现在积分有五千七百三十三个五千多号积分能兑什么这些东西但如果您想兑换礼品的话我这边给您发了一个积分商城的网址您稍后通过您手机可以看一下能兑换什么礼品如果要兑换话费的话可以兑换五十但是的话需要到明天再兑换今天不能兑换了那你给我发过来要看一下好的王我已经返六十发您手机上了另外我给您发了一个积分兑换五十块钱话费的短信也发您手机如果想兑换到明天的时候按照我给您发个短信内容操作来兑换好吧好谢谢嗯不客气请问还有其他能帮到您的吗没有了,咨询（含查询）服务渠道信息,16,0,您好很高兴为您服务[SEP]帮我查一下我的积分有多少[SEP]恩好的请稍等那您现在积分有五千七百三十三个[SEP]五千多号积分能兑什么这些东西[SEP]但如果您想兑换礼品的话我这边给您发了一个积分商城的网址您稍后通过您手机可以看一下能兑换什么礼品如果要兑换话费的话可以兑换五十但是的话需要到明天再兑换今天不能兑换了[SEP]那你给我发过来要看一下[SEP]好的王我已经返六十发您手机上了另外我给您发了一个积分兑换五十块钱话费的短信也发您手机如果想兑换到明天的时候按照我给您发个短信内容操作来兑换好吧[SEP]好谢谢[SEP]嗯不客气请问还有其他能帮到您的吗[SEP]没有了
您好很高兴为您服务哎你好请讲啊你这是河南的中国移动那个是吧对是的啊我我这个我这个号码能不能套餐能不能改呀需要升高还是降低啊需要升高套餐还是降低套餐不是改那种流量有没有那种流量无限用那个啊那种套餐的话是需要到当地营业厅才能了解办理的人工还没有推出呃到哪个地方当地营业厅就是周口当地营业厅到他那个中国移动那个营业厅是吧哎对是的哎假如到哪里办的话可不可以改那个套餐这个您可以了解一下看改个套餐档次喂这个您可以到当地营业厅了解一下看能改多少钱的就是能不能改现在我只想问一下明白国内流量不欠了就一百八十八的这个也是需要您到当地营业厅拿着您的本人身份证可以查一下呢哦可以那个办那个套餐就是呃保底要消费一百八十八是吧嗯对是的号好好好知道了谢谢啊不客气还有其他可以帮您吗啊没有了祝您生活愉快再见,咨询（含查询）服务渠道信息,16,0,您好很高兴为您服务[SEP]哎你好[SEP]请讲[SEP]啊你这是河南的中国移动那个是吧[SEP]对是的[SEP]啊我我这个我这个号码能不能套餐能不能改呀[SEP]需要升高还是降低[SEP]啊[SEP]需要升高套餐还是降低套餐[SEP]不是改那种流量有没有那种流量无限用那个[SEP]啊那种套餐的话是需要到当地营业厅才能了解办理的人工还没有推出[SEP]呃到哪个地方[SEP]当地营业厅就是周口当地营业厅[SEP]到他那个中国移动那个营业厅是吧[SEP]哎对是的[SEP]哎假如到哪里办的话可不可以改那个套餐[SEP]这个您可以了解一下看改个套餐档次[SEP]喂[SEP]这个您可以到当地营业厅了解一下看能改多少钱的[SEP]就是能不能改现在我只想问一下[SEP]明白国内流量不欠了就一百八十八的这个也是需要您到当地营业厅拿着您的本人身份证可以查一下呢[SEP]哦可以那个办那个套餐就是呃保底要消费一百八十八是吧[SEP]嗯对是的号好好[SEP]好知道了谢谢啊[SEP]不客气还有其他可以帮您吗[SEP]啊没有了[SEP]祝您生活愉快再见
您好您好请讲哎你好我这个固话是铁通啊我想报停在任何移动大厅都可以办吗请您稍等我帮您核实一下哎这个请问您是想办停机呀还是想办销号啊就停机销号啊销号不就停机吗您稍等您如果要办销号的话稍等您好您只能到当地的沟通一百营业厅进行咨询询问看一下就是这张剩咱们那个上咱们移动上学没就行呗或者是您在什么位置我可以告诉您电话您先询问一下啊我我在这个西安大路和普阳街交汇请您稍等普阳街那块有一个景阳大路那块请问可以吗普阳河街和景阳大路有一个对啊就是这个普阳街老碧丽湖酒店长春大厦c座那块有沟通一百营业厅啊那行那我知道身份证我这我这个是机主的姓原身份证呗就可以办了叫停呗我先给您个电话您记一下吧您先问一下好这号码是幺三八再见哦晚上卡啊幺三八四四九四支付宝支付八幺九六八幺九六这个是哪的电话这就是刚才告诉您营业厅那个电话啊我就问问他咋回事软件是不对然后拨打那号码正常收您通话费啊行行好啊您好行谢谢你不客气请问还有什么可以帮您不是祝您生活愉快再见唉呀哎,咨询（含查询）服务渠道信息,16,0,您好您好请讲[SEP]哎你好我这个固话是铁通啊我想报停在任何移动大厅都可以办吗[SEP]请您稍等我帮您核实一下[SEP]哎[SEP]这个请问您是想办停机呀还是想办销号啊[SEP]就停机销号啊销号不就停机吗[SEP]您稍等您如果要办销号的话稍等[SEP]您好[SEP]您只能到当地的沟通一百营业厅进行咨询询问看一下[SEP]就是这张剩咱们那个上咱们移动上学没就行呗[SEP]或者是您在什么位置我可以告诉您电话您先询问一下[SEP]啊我我在这个西安大路和普阳街交汇[SEP]请您稍等普阳街那块有一个景阳大路那块请问可以吗[SEP]普阳河街和景阳大路有一个[SEP]对啊就是这个普阳街老碧丽湖酒店长春大厦c座那块有沟通一百营业厅[SEP]啊那行那我知道身份证我这我这个是机主的姓原身份证呗就可以办了叫停呗[SEP]我先给您个电话您记一下吧您先问一下[SEP]好[SEP]这号码是幺三八[SEP]再见哦晚上卡啊幺三八[SEP]四四九四[SEP]支付宝支付[SEP]八幺九六[SEP]八幺九六这个是哪的电话[SEP]这就是刚才告诉您营业厅那个电话[SEP]啊我就问问他咋回事软件是不[SEP]对然后拨打那号码正常收您通话费[SEP]啊行行好啊您好[SEP]行谢谢你不客气请问还有什么可以帮您[SEP]不是[SEP]祝您生活愉快再见[SEP]唉呀哎
您好很高兴为您服务那是平顶山移动是不是啊这边是河南移动呃我想我这个手啥呃包月的升升级一下升到一百只要一百六十八了一百六十八我帮您看请您稍等好的请稍等一下一个六十八多少分钟网它是帮您看一下它有两种套餐一种是五百分钟通话五个g流量一种是八十分钟通话十个g流量需要哪个华夏通话八十分钟通话十个g流量八十分钟通话嗯嗯它流量比较多一种是五百分钟通话五个g流量先生估计不是七百分钟通话我觉得一百六十八没有七百分钟通话一百五十八多少通话一百五十八的话是七百分钟通话三个g流量的三个g流量恩是一百五十八哦一百六十八是总共是等于是给他多两个g流量别的差不多啊是通话时间还有五百分钟一百六十八的话是五百分钟一百一百五十八的话是七百分钟通话三个g流量三g流量是不是国内的是省内是国内的情况国内哦省内省外关闭啊一呃要一百一百五十八是七百分钟是吧三百分钟通话三个g流量总共一百五十八吧行转成功立即生效一百二十八套餐自动退订剩的流量通话不能用按天按量计费请按一请稍等我这套餐还有啥可以改接着电脑好套餐已经转好了目前收费业务给您一百五十八套餐来电提醒交通秘书还有三十元的流量包三十元毛七楼流量包的话是两个月免费用的活动您要取消吗一个月了吧哎取消取消两个月的活动呀还没有到期是不是一个月了我觉得还有一个月嘞他是十一月是十月十一号参与的到十二月十一号到期嗯嗯中啊不用不用取消下个月再取消嗯那行那还有其他问题吗没了,咨询（含查询）服务渠道信息,16,0,您好很高兴为您服务[SEP]那是平顶山移动是不是[SEP]啊这边是河南移动[SEP]呃我想我这个手啥呃包月的升升级一下升到一百只要一百六十八了[SEP]一百六十八我帮您看请您稍等[SEP]好的[SEP]请稍等一下[SEP]一个六十八多少分钟网[SEP]它是帮您看一下它有两种套餐一种是五百分钟通话五个g流量一种是八十分钟通话十个g流量[SEP]需要哪个华夏通话[SEP]八十分钟通话十个g流量[SEP]八十分钟通话[SEP]嗯嗯它流量比较多一种是五百分钟通话五个g流量先生[SEP]估计不是七百分钟通话我觉得[SEP]一百六十八没有七百分钟通话[SEP]一百五十八多少通话[SEP]一百五十八的话是七百分钟通话三个g流量的[SEP]三个g流量[SEP]恩是一百五十八[SEP]哦一百六十八是总共是等于是给他多两个g流量别的差不多[SEP]啊是[SEP]通话时间还有五百分钟[SEP]一百六十八的话是五百分钟一百一百五十八的话是七百分钟通话三个g流量[SEP]三g流量是不是国内的[SEP]是[SEP]省内是国内的情况国内哦省内省外关闭啊一呃要一百一百五十八是七百分钟是吧[SEP]三百分钟通话三个g流量[SEP]总共一百五十八吧[SEP]行转成功立即生效一百二十八套餐自动退订剩的流量通话不能用按天按量计费请按一请稍等[SEP]我这套餐还有啥可以改接着电脑[SEP]好套餐已经转好了目前收费业务给您一百五十八套餐来电提醒交通秘书还有三十元的流量包[SEP]三十元毛七楼[SEP]流量包的话是两个月免费用的活动您要取消吗[SEP]一个月了吧哎取消取消[SEP]两个月的活动呀还没有到期[SEP]是不是一个月了我觉得还有一个月[SEP]嘞他是十一月是十月十一号参与的到十二月十一号到期[SEP]嗯嗯中啊不用不用取消下个月再取消[SEP]嗯那行那还有其他问题吗[SEP]没了
哦喂你好我就是查一下我这个本机号码密码,咨询（含查询）用户资料,11,0,哦[SEP]喂你好我就是查一下我这个本机号码密码
您好请讲哎你好帮我查一下我这个卡那个那个实名是五十块钱正常很抱歉现在无法直接帮您核实您需要提供机主身份证号然后我帮您看看对还是不对身份证号卡啊二二零八零二嗯嗯二二零嗯嗯幺六七二请讲四幺二七我再给您念一遍二二零八零二二零零二对吗对对卡稍等幺二二六幺零二七是吗对对那提示不对嗯那谢谢了啊不客气请问还有什么可以帮您的没有祝您生活愉快再见,咨询（含查询）用户资料,11,0,您好请讲[SEP]哎你好帮我查一下我这个卡那个那个实名是五十块钱正常[SEP]很抱歉现在无法直接帮您核实您需要提供机主身份证号然后我帮您看看对还是不对[SEP]身份证号[SEP]卡啊二二零八零二嗯嗯[SEP]二二零嗯嗯幺六[SEP]七二[SEP]请讲四幺二七[SEP]我再给您念一遍二二零八零二二零零二对吗[SEP]对对[SEP]卡稍等幺二二六幺零二七是吗[SEP]对对[SEP]那提示不对嗯那谢谢了啊不客气请问还有什么可以帮您的[SEP]没有[SEP]祝您生活愉快再见
好的不客气下载了您好很高兴为您服务哦行您好有什么可以帮助到您的而且包或者是他人正常是多少手机认证那个服务密码吗那那这样子他说手机认证码是啥呀您现在主要是干什么用呀没有认证码这个说法呀你主要是现现在做什做什么操作升级认证就升级你说除了主要是想干什么呀还这手机认证密码是啥呀手机密码数据有啥密码呀是您现在是想查详单办业务这个服务密码吗啊那您要查服务密码当时买卡登记的身份证号没登记了没那您根据提示音输一下身份证号不要挂机我帮您设个密码好吗行好好您听好提示音就是可以对诶再见好的拜拜再见幺头幺哦谢谢再见喂你好好的,咨询（含查询）用户资料,11,0,好的不客气[SEP]下载了您好很高兴为您服务[SEP]哦行[SEP]您好有什么可以帮助到您的而且包或者是他人正常是多少手机认证那个服务密码吗那那这样子他说手机认证码是啥呀您现在主要是干什么用呀没有认证码这个说法呀你主要是现现在做什做什么操作升级认证就升级你说除了主要是想干什么呀还这手机认证密码是啥呀手机密码数据有啥密码呀是您现在是想查详单办业务这个服务密码吗啊那您要查服务密码当时买卡登记的身份证号没登记了没那您根据提示音输一下身份证号不要挂机我帮您设个密码好吗行好好您听好提示音[SEP]就是可以对诶再见好的拜拜再见幺头幺哦谢谢再见喂你好好的
您好很高兴为您服务哎你好嗯别的手机你能帮我查一下在我现在这个名下办理的那个手手机号有几个这个我们人工这边直接查不到这个单独查的话得去营业厅查了哦那那我的手机有没有出现什么问题两个小时后会停机吗不会的没有这种情况那刚刚为什么有人说我的手机两个小时后会停机那不是我们移动公司的电话这个您不要去相信的啊我想现在怎么把它停了就行了扣费吗就是他说我的我的在我名下有我的身份证嗯在我名下办的卡然后收取没法信息然后要让我来到这个工商银行那我办理然后已经欠了两千多块钱了那这个我建议您报警了不能那您这个文件您尽快报警了这个不属于我们移动公司的那那我的身份证什么的都跟他说了也是这一真的影响是吧恩这个不太清楚因为这个不是移动移动公司的电话我们这边不太清楚他们具体想要干什么那好谢谢,咨询（含查询）用户资料,11,0,您好很高兴为您服务[SEP]哎你好嗯别的手机你能帮我查一下在我现在这个名下办理的那个手手机号有几个[SEP]这个我们人工这边直接查不到这个单独查的话得去营业厅查了[SEP]哦那那我的手机有没有出现什么问题两个小时后会停机吗[SEP]不会的没有这种情况[SEP]那刚刚为什么有人说我的手机两个小时后会停机[SEP]那不是我们移动公司的电话这个您不要去相信的[SEP]啊我想现在怎么把它停了就行了[SEP]扣费吗[SEP]就是他说我的我的在我名下有我的身份证嗯在我名下办的卡然后收取没法信息然后要让我来到这个工商银行那我办理然后已经欠了两千多块钱了[SEP]那这个我建议您报警了[SEP]不能[SEP]那您这个文件您尽快报警了这个不属于我们移动公司的[SEP]那那我的身份证什么的都跟他说了也是这一真的影响是吧[SEP]恩这个不太清楚因为这个不是移动移动公司的电话我们这边不太清楚他们具体想要干什么[SEP]那好谢谢
你好您好很高兴为您服务我这个手机卡不是两个钱你给我升成幺零零八六免费给我升啦呃对我现在没到期了呗对您现在是想再转回是吗哎对我用不了那么多呀啊可以那您现在是要转的话是多少的现在有还有六十六十八里面包含的是八十分钟两个g的国内流量通话八十分钟恩对好吧因为不是现在以前多呀以前那个已经停了没有了如果您需要转如果您要想转您现在就是五百分钟三三百兆的国内流量那如果您现在想使用分钟数多流量也多的话那可以您现在是在本地使用还是在全国范围内使用我这个卡是不是移动卡一直那个什么呀没有不是全球通嘛我现在就没在老家呀是全国套餐呀是这全国通用的那种对六十八现在八十分钟对八十分钟国内通话一个两个g的国内流量那如果您觉得八十分钟少的话可以转成一个七十八的包一百五十分钟两个g的国内流量嗯那都是七十八吧可以那现在转的话立即生效一百零八套餐里面没有使用的分钟数流量就不能再使用了包括前期截止到七十八从今天开始按天按使用量重新计算好吧嗯嗯嗯嗯请您按一下数字一号键我帮您转哎好的请稍等你好七十八套餐的话已经帮您转成功了立即生效现在就能正常使用嗯嗯好的谢谢啊不客气还有其他能帮到您的吗不用,咨询（含查询）用户资料,11,0,你好您好很高兴为您服务[SEP]我这个手机卡不是两个钱你给我升成幺零零八六免费给我升啦[SEP]呃对[SEP]我现在没到期了呗[SEP]对您现在是想再转回是吗[SEP]哎对我用不了那么多呀[SEP]啊可以那您现在是要转的话是多少的现在有还有六十六十八里面包含的是八十分钟两个g的国内流量[SEP]通话八十分钟[SEP]恩对[SEP]好吧因为不是现在以前多呀[SEP]以前那个已经停了没有了如果您需要转如果您要想转您现在就是五百分钟三三百兆的国内流量那如果您现在想使用分钟数多流量也多的话那可以您现在是在本地使用还是在全国范围内使用[SEP]我这个卡是不是移动卡一直那个什么呀没有不是全球通嘛我现在就没在老家呀[SEP]是全国套餐呀[SEP]是这全国通用的那种[SEP]对[SEP]六十八现在八十分钟[SEP]对八十分钟国内通话一个两个g的国内流量那如果您觉得八十分钟少的话可以转成一个七十八的包一百五十分钟两个g的国内流量[SEP]嗯那都是七十八吧[SEP]可以那现在转的话立即生效一百零八套餐里面没有使用的分钟数流量就不能再使用了包括前期截止到七十八从今天开始按天按使用量重新计算好吧嗯嗯[SEP]嗯嗯[SEP]请您按一下数字一号键我帮您转哎好的请稍等[SEP]你好[SEP]七十八套餐的话已经帮您转成功了立即生效现在就能正常使用[SEP]嗯嗯好的谢谢啊[SEP]不客气还有其他能帮到您的吗[SEP]不用
您好实习生八五二四很高兴为您服务你好现在我想问一下就是那个积分兑换的那个商品发什么快递欠费呃积分兑换发的快递是吗哎对呀是是发邮政啊还是是顺风快递好好的喂哎您好我帮您看一下其他你好嗯嗯呃您现在已经兑换过了还是说是什么地方过来我给您看过了有没有订单号吗订单号本来三百二移动哎呀等一下啊好你好就可以用了呃那个按好好嗯嗯嗯订单号二零一七七块钱这边的话我帮您转到积分专家那边您把订单号提供给他们让他帮您查一下是发的什么物流可以吗转到哪儿积分专家那边哦他就是就是大概多长时间能到啊呃这个具体的话您咨询问一下积分专家哦那你能不能帮我转一下发的信息转接之前还有其他能帮您的吗但是哎好的那您这边不要挂机听好提示音请您,咨询（含查询）电商货品信息,33,0,您好实习生八五二四很高兴为您服务[SEP]你好现在我想问一下就是那个积分兑换的那个商品发什么快递欠费[SEP]呃积分兑换发的快递是吗[SEP]哎对呀是是发邮政啊还是是顺风快递好好的喂[SEP]哎您好我帮您看一下[SEP]其他[SEP]你好[SEP]嗯嗯[SEP]呃您现在已经兑换过了还是说是什么地方过来我给您看过了有没有订单号吗[SEP]订单号本来三百二移动哎呀等一下啊好你好就可以用了呃那个按好[SEP]好[SEP]嗯嗯嗯订单号二零一七[SEP]七块钱这边的话我帮您转到积分专家那边您把订单号提供给他们让他帮您查一下是发的什么物流可以吗[SEP]转到哪儿[SEP]积分专家那边[SEP]哦他就是就是大概多长时间能到啊[SEP]呃这个具体的话您咨询问一下积分专家[SEP]哦那你能不能帮我转一下发的[SEP]信息转接之前还有其他能帮您的吗但是哎好的那您这边不要挂机听好提示音请您
您好很高兴为您服务呃请帮我查查都有什么收费业务套餐费三十八块钱其他的没有了哎对有个承诺最低消费七十五流量能听到你说话呀听不清楚清楚啊哦好谢谢啊,咨询（含查询）营销活动信息,3,0,您好很高兴为您服务呃请帮我查查都有什么收费业务[SEP]套餐费三十八块钱其他的没有了[SEP]哎对有个承诺最低消费七十五[SEP]流量能听到你说话呀[SEP]听不清楚[SEP]清楚啊[SEP]哦好谢谢啊
您好请讲麻烦问一下我手机套餐就是你们说一个月赠送三十元那个他们三十元啥前到账啊这个月也没到您别着急女士我帮您看一下您这个活动您稍等啊请问女士您这个是接到电话给您改的然后说给您赠的话费是吗对呀问你嗯就上个月它就扣八块钱完赠送三十这个月先扣我三十八之前那三十啥前给我增过来呢一般的话咱们是每个月五号之前给您返费了女士建议您关注一下好吗啊这两天能打过来哈嗯对一般都五号之前然后的话您再留意一下这两天好吗如果过了五号还没给您充的话您再随时与我们联系好吗好的嗯嗯那请问还有其他可以帮您的吗没有了,咨询（含查询）营销活动信息,3,0,您好请讲麻烦问一下我手机套餐就是你们说一个月赠送三十元那个[SEP]他们三十元啥前到账啊[SEP]这个月也没到[SEP]您别着急女士我帮您看一下您这个活动您稍等[SEP]啊请问女士您这个是接到电话给您改的然后说给您赠的话费是吗[SEP]对呀问你嗯就上个月它就扣八块钱完赠送三十这个月先扣我三十八之前那三十啥前给我增过来呢[SEP]一般的话咱们是每个月五号之前给您返费了女士建议您关注一下好吗啊这两天能打过来哈嗯对一般都五号之前然后的话您再留意一下这两天好吗如果过了五号还没给您充的话您再随时与我们联系好吗[SEP]好的嗯嗯[SEP]那请问还有其他可以帮您的吗[SEP]没有了
您好很高兴为您服务你好我想问一下我这个手机卡都开通啥业务啊开通的收费业务您是有一个十八元套餐同时上面有一个三十元那个上网流量包三十元上网流量包有几个三十流量包是一个吗这是在七月十六号参加的是让您免费体验两个月到九月十六号到期呃然后我查话费它它显示有点那个流量包三十您是查几月份的这个月吧上个月的是不是给我帮我帮您查一下就一个呀没有没有两个那发短信过来显示了呀嗯不是因为我们这边帮您查的为准我帮您帮您查一下九月份就截止到昨天吗您上面就一个三十元流量包没有两个请您放心啊哦扣费只有一个哈啊对这个到九月十二号到到期是吧哦到期之前有短信提醒您您收到短信之后呢不想用的话给我们打电话帮您取消就可以了啊不能提前取消啊哦不能提现取消啊好谢谢啊,咨询（含查询）营销活动信息,3,0,您好很高兴为您服务[SEP]你好我想问一下我这个手机卡都开通啥业务啊[SEP]开通的收费业务您是有一个十八元套餐同时上面有一个三十元那个上网流量包[SEP]三十元上网流量包有几个[SEP]三十流量包是一个吗这是在七月十六号参加的是让您免费体验两个月到九月十六号到期[SEP]呃然后我查话费它它显示有点那个流量包三十[SEP]您是查几月份的[SEP]这个月吧[SEP]上个月的是不是给我帮我帮您查一下就一个呀没有没有两个[SEP]那发短信过来显示了呀[SEP]嗯不是因为我们这边帮您查的为准我帮您帮您查一下九月份就截止到昨天吗您上面就一个三十元流量包没有两个请您放心啊[SEP]哦扣费只有一个哈[SEP]啊对[SEP]这个到九月十二号到到期是吧[SEP]哦到期之前有短信提醒您您收到短信之后呢不想用的话给我们打电话帮您取消就可以了[SEP]啊不能提前取消啊[SEP]哦不能提现取消[SEP]啊好谢谢啊
是吧再见吧很高兴为您你好很高兴服务的喂你好我想查一下我这个本机的套餐是什么套餐这边您用的是它就让我看看套餐呃包含什么内容啊为啥三十个g的国内定向流量还有三十分钟国内主叫通话免费赠送来电显示呃三十g的国内的流量呃本地的校园的三g还是三十三十g国内定向流量先生您在啊对是需要您在那个呃就是呃这个网站上啊对看电影看电视的二十四返还话费什么业务吗嗯我看一下好吧您要是在省内一个上网的话就是一块钱一天一块钱五百兆其他没有什么一天一块钱返了三十块钱您要是每天都产生流量的话那一个月就是三十块钱加上二十四一个五十四给我取消了我我不是用三十g的流量了哎那您这个您登记产生这个流量就会扣那个一块钱吗您如果当天不产生这个流量不会扣这一块钱的呀那肯定会产生超天天微信上都上这肯定要用流量啊那您要是你说那个安心流量包还是流量但是就是您就是您这个套餐就用可以离开乡里边的套餐里面的嗯对哦对哦行行好时间了打的其他一下当时的,咨询（含查询）营销活动信息,3,0,是吧再见吧很高兴为您[SEP]你好很高兴服务[SEP]的[SEP]喂[SEP]你好我想查一下我这个本机的套餐是什么套餐[SEP]这边您用的是它就让我看看套餐[SEP]呃包含什么内容啊为啥[SEP]三十个g的国内定向流量还有三十分钟国内主叫通话免费赠送来电显示[SEP]呃三十g的国内的流量[SEP]呃本地的校园的[SEP]三g还是三十三十g[SEP]国内定向流量先生您在啊对是需要您在那个呃[SEP]就是呃这个[SEP]网站上啊对看电影看电视的[SEP]二十四返还话费什么业务吗[SEP]嗯我看一下好吧您要是在省内一个上网的话就是一块钱一天一块钱五百兆其他没有什么[SEP]一天一块钱返了三十块钱您要是每天都产生流量的话那一个月就是三十块钱加上二十四一个五十四给我取消了我我不是用三十g的流量了哎[SEP]那您这个您登记产生这个流量就会扣那个一块钱吗您如果当天不产生这个流量不会扣这一块钱的呀[SEP]那肯定会产生超天天微信上都上这肯定要用流量啊那您要是你说那个安心流量包还是流量但是就是您就是您这个套餐就用可以离开乡里边的套餐里面的[SEP]嗯对[SEP]哦对哦行行好时间了[SEP]打的其他一下当时的
您好请讲你好麻烦你给我查一下我这个电话都有啥费用啊啊我这边给您核实了一下您这张卡我这边显示月租费十八元的然后三十块钱的最低消费到今年六到本月底自动取消然后呢这个三十块钱五百兆的一个上网流量包月其他的我这边显示都是无月租不使用不收费的三十块钱什么玩意三十块钱是五百兆的流量的花钱呢是的这不赠送的吗您优惠已经到期了现在正常花钱的每个月扣三十五百兆的哦那之前那个就是赠送的赠的赠赠多长时间呢您之前返费是优惠一年的哦我现在花钱了是的啊啊那是返这二十啥意思您现在是没有返费的现在就正常扣您三十五百兆的国内上网流量那我这手机信息显示说返三十五月份那很抱歉您说给您返三十的话那这个我们这边二十那是您指的五月份的现在已经是六月份了先生啊啊六月份就扣三十了等到月末呀是的没有返费啊啊啊啊请问还有什么可以帮您那就最低消费三十八呗是不那意思扣您三十块钱的上网再加上您月租费的话这个是十八块钱的其他的都是无月租不使用不收费十八块钱啥玩意啊月租费十八都包括啥呀我这边显示本地主叫国内通话时长是八十分钟的三百兆省内流量五十条短信彩铃特级会员然后这个来电显示都包括在内还有来电提醒打不了都十八块钱的是是的哦哦好的再加那三十四十八是不是是的哦行啊请问还有什么可以帮您的没有,咨询（含查询）营销活动信息,3,0,您好请讲[SEP]你好麻烦你给我查一下我这个电话都有啥费用啊[SEP]啊我这边给您核实了一下您这张卡我这边显示月租费十八元的然后三十块钱的最低消费到今年六到本月底自动取消然后呢这个三十块钱五百兆的一个上网流量包月其他的我这边显示都是无月租不使用不收费的[SEP]三十块钱什么玩意[SEP]三十块钱是五百兆的流量的[SEP]花钱呢[SEP]是的[SEP]这不赠送的吗[SEP]您优惠已经到期了现在正常花钱的每个月扣三十五百兆的[SEP]哦那之前那个就是赠送的赠的赠赠多长时间呢[SEP]您之前返费是优惠一年的[SEP]哦我现在花钱了[SEP]是的[SEP]啊啊那是返这二十啥意思[SEP]您现在是没有返费的现在就正常扣您三十五百兆的国内上网流量[SEP]那我这手机信息显示说返三十五月份[SEP]那很抱歉您说给您返三十的话那这个我们这边[SEP]二十[SEP]那是您指的五月份的现在已经是六月份了先生[SEP]啊啊六月份就扣三十了等到月末呀[SEP]是的没有返费[SEP]啊啊啊啊[SEP]请问还有什么可以帮您[SEP]那就最低消费三十八呗是不那意思[SEP]扣您三十块钱的上网再加上您月租费的话这个是十八块钱的其他的都是无月租不使用不收费[SEP]十八块钱啥玩意啊[SEP]月租费十八[SEP]都包括啥呀[SEP]我这边显示本地主叫国内通话时长是八十分钟的三百兆省内流量五十条短信彩铃特级会员然后这个来电显示都包括在内还有来电提醒[SEP]打不了都十八块钱的是[SEP]是的[SEP]哦哦好的再加那三十四十八是不是[SEP]是的[SEP]哦行啊[SEP]请问还有什么可以帮您的[SEP]没有
喂喂您好很高兴为您服务刚才我好像是多少话费,咨询（含查询）账户信息,6,0,喂喂您好很高兴为您服务刚才我好像是多少话费
您好很高兴为您服务啊我你说我我查一下我这个号这这几个月消费查怎么这有六块恩好的请稍等我看一下啥是不是有啥意思有啥那个您好先生我这边帮您查了一下您现在本身用的这个本地的这个十二元套餐那您现在收费业务就这一个没有其他收费业务的他每个每天就扣您这个三毛九左右先生没有其他扣费的你现您好嗯好那谢谢我知道啊不客气你好还有其他问题吗没有了好祝您心情啊我知道,咨询（含查询）账户信息,6,0,您好很高兴为您服务[SEP]啊我你说我我查一下我这个号这这几个月消费查怎么这有六块恩好的[SEP]请稍等我看一下[SEP]啥是不是有啥意思有啥那个[SEP]您好先生我这边帮您查了一下您现在本身用的这个本地的这个十二元套餐那您现在收费业务就这一个没有其他收费业务的他每个每天就扣您这个三毛九左右先生没有其他扣费的你现您好嗯[SEP]好那谢谢我知道[SEP]啊不客气你好还有其他问题吗[SEP]没有了好[SEP]祝您心情啊[SEP]我知道
您好很高兴为您服务听不远嗯嗯现在把我电话已经接通了那个我看我什么业务好的您稍等一下一直那么多充点话费月租是九块钱当天用流量一块钱五百兆省内的自动续其他没有收费业务我没关门了是吧只有一个九块钱的套餐其他没有收费业务我流量那流量一天一块钱五百兆就是的时候我想这样是吧现在我就用一个g就是两块钱他是反映一个g等于一千零二十四兆您用一个g的话是三块钱吧怎么弄一个g是三块钱了因为一个g等于一千零二十四兆它是一千兆是两块钱一千零一兆我咨询我现在就是用五百零一兆这种以前都是一样的钱挂失嗯不是啊好的好那还有什么可以帮您没有了,咨询（含查询）账户信息,6,0,您好很高兴为您服务听不远嗯嗯现在把我电话已经接通了[SEP]那个我看我什么业务[SEP]好的您稍等一下[SEP]一直那么多充点话费[SEP]月租是九块钱当天用流量一块钱五百兆省内的自动续其他没有收费业务[SEP]我没关门了是吧[SEP]只有一个九块钱的套餐其他没有收费业务[SEP]我流量那[SEP]流量一天一块钱五百兆就是的[SEP]时候我想这样是吧[SEP]现在我就用一个g就是两块钱他是反映一个g等于一千零二十四兆您用一个g的话是三块钱[SEP]吧[SEP]怎么弄一个g是三块钱了因为一个g等于一千零二十四兆它是一千兆是两块钱一千零一兆我咨询我现在就是用五百零一兆这种以前都是一样的钱挂失[SEP]嗯[SEP]不是[SEP]啊好的好[SEP]那还有什么可以帮您[SEP]没有了
您好请讲你好我麻烦你给我查我这卡消费情况是怎么回事儿请您稍等哎看看感谢您的耐心等待本卡月租九块钱然后里面包含的是彩铃还有优惠分区内九十分钟主叫国内不含港澳台通话时长超出之后的话是优惠分区内主叫国内不含港澳台电话九分优惠分区外主叫国内不含港澳台电话两毛全国接听免费啊接点的还有什么彩铃我问一下还有什么彩铃啊彩铃是九块钱月租里面包含的业务不额外扣费然后来电显收费哦对来电显一个月使的最低消费这个一月十九吧现在对加在一起固定扣十九嗯那谢谢你啊一月十九赠九十分钟对嗯嗯嗯一月九块再加来电显一月最低消费十九是的啊完等到赠九十分钟对不对对哎好嘞谢谢你哎不客气请问还有什么可以帮您哎不用了我就打打去我上个月他给我整烂糟的打这嗯祝您生活愉快再见哎谢谢哎不客气再见哎好嘞谢谢,咨询（含查询）账户信息,6,0,您好请讲[SEP]你好我麻烦你给我查我这卡消费情况是怎么回事儿[SEP]请您稍等[SEP]哎看看[SEP]感谢您的耐心等待本卡月租九块钱然后里面包含的是彩铃还有优惠分区内九十分钟主叫国内不含港澳台通话时长超出之后的话是优惠分区内主叫国内不含港澳台电话九分优惠分区外主叫国内不含港澳台电话两毛全国接听免费[SEP]啊接点的还有什么彩铃我问一下还有什么彩铃啊[SEP]彩铃是九块钱月租里面包含的业务不额外扣费然后来电显收费[SEP]哦对来电显一个月使的最低消费这个一月十九吧现在[SEP]对加在一起固定扣十九[SEP]嗯那谢谢你啊一月十九赠九十分钟[SEP]对[SEP]嗯嗯嗯一月九块再加来电显一月最低消费十九[SEP]是的[SEP]啊完等到赠九十分钟对不对[SEP]对[SEP]哎好嘞谢谢你哎[SEP]不客气请问还有什么可以帮您[SEP]哎不用了我就打打去我上个月他给我整烂糟的打这[SEP]嗯祝您生活愉快再见[SEP]哎谢谢哎[SEP]不客气再见哎好嘞谢谢
您好请讲哎你好麻烦你我我我咨询一下那个我这话费呀就是九月一号余额是三十九块九毛六这三号呢就余额就剩十八块九毛六了在二十一块钱上哪去了请您不用着急它是扣这个月的月租费了月租每个月八块再加上一个三块钱的来电提醒您要开了一个十块钱的流量加油包这个月一共扣了二十一呢啊那三十就是不是那我八月份那个余额是多少话费余额人工台不支持查询的请您自己查到多少钱我我自己上你那边是八月份的那个话费是五十多呢请问八月份八月份到九月一号嗯您是八月多少号查的余额呀啊八月十七号五十那您八月十七号到月底那部分的消费了多少钱有没有核实一下呀这个我根本就是电话没怎么用我还有别的号嗯嗯就是每次他都是就是以前没有八块钱就十一块钱吗最多不超过十五块钱嗯不会超过十五的行那您查一下您上个月的消费看一下您除了月租十一块钱额外又消费什么了之后您再减去这个月扣了二十一块钱这样就能对上了啊啊啊那那个那我怎么查账单您稍后拨幺零零八六给一个业务查询再选三详单查询免费查的哦呃点击完了再点三是不是啊是的先生好嘞谢谢不客气祝您生活愉快再见,咨询（含查询）账户信息,6,0,您好请讲[SEP]哎你好麻烦你我我我咨询一下那个我这话费呀就是九月一号余额是三十九块九毛六这三号呢就余额就剩十八块九毛六了在二十一块钱上哪去了[SEP]请您不用着急它是扣这个月的月租费了月租每个月八块再加上一个三块钱的来电提醒您要开了一个十块钱的流量加油包这个月一共扣了二十一呢[SEP]啊那三十就是不是那我八月份那个余额是多少[SEP]话费余额人工台不支持查询的[SEP]请您自己查到多少钱我我自己上你那边是八月份的那个话费是五十多呢[SEP]请问八月份[SEP]八月份到九月一号嗯[SEP]您是八月多少号查的余额呀[SEP]啊八月十七号五十[SEP]那您八月十七号到月底那部分的消费了多少钱有没有核实一下呀[SEP]这个我根本就是电话没怎么用我还有别的号[SEP]嗯嗯[SEP]就是每次他都是就是以前没有八块钱就十一块钱吗最多不超过十五块钱嗯不会超过十五的[SEP]行那您查一下您上个月的消费看一下您除了月租十一块钱额外又消费什么了之后您再减去这个月扣了二十一块钱这样就能对上了[SEP]啊啊啊那那个那我怎么查[SEP]账单您稍后拨幺零零八六给一个业务查询再选三详单查询免费查的[SEP]哦呃点击完了再点三是不是啊[SEP]是的先生[SEP]好嘞谢谢[SEP]不客气祝您生活愉快再见
您好很高兴为您服务你好我上面这个三十元流量包我在我不知情的情况下就给我开能不能给我关了,投诉（含抱怨）不知情定制问题,9,1,您好很高兴为您服务[SEP]你好我上面这个三十元流量包我在我不知情的情况下就给我开能不能给我关了
高兴服务喂你好你好我想问一下哈我这嗯留言信箱号咋会开了木动它咋给开了和留言吗啊对打电话的时候留言信箱吗那这个我不清楚女士我帮您手机上没有开这个业务呀哎我这有呀它这都有点里面说大一点了嗯都会回复刚才又走条像您的意思我现在离解了但是和留言的话自己是我们的业务我也帮您有查过您没有开这个业务您看是不是手机上的功能自己带的呀功能自己带了对这银行没有呀就就昨天我昨天到今天刚才外观查不到账业务所以说有可能是您手机问题女士您得到咱们营业厅给您看一下就行一个营业厅他正常开通一个配嗯先生帮您查不到您手机上有这个业务嘛所以说得到营业厅给您看一下啊还有什么样好吗您得到营业厅看一下哦那行好,投诉（含抱怨）不知情定制问题,9,1,高兴服务[SEP]喂你好你好我想问一下哈我这嗯留言信箱号咋会开了木动它咋给开了[SEP]和留言吗[SEP]啊对打电话的时候留言信箱吗[SEP]那这个我不清楚女士我帮您手机上没有开这个业务呀[SEP]哎我这有呀它这都有点里面说大一点了嗯都会回复刚才又走条[SEP]像您的意思我现在离解了但是和留言的话自己是我们的业务我也帮您有查过您没有开这个业务您看是不是手机上的功能自己带的呀[SEP]功能自己带了对这银行没有呀就就昨天我昨天到今天[SEP]刚才外观查不到账业务所以说有可能是您手机问题女士您得到咱们营业厅给您看一下就行[SEP]一个营业厅他正常开通一个配[SEP]嗯先生帮您查不到您手机上有这个业务嘛所以说得到营业厅给您看一下[SEP]啊[SEP]还有什么[SEP]样好吗[SEP]您得到营业厅看一下[SEP]哦那行好
您好请讲完了我这个我是我这是不是给我扣那个四g套餐了嗯是的您这张卡有个四g飞享套餐八块钱一个月的不是我这是不是这个有他给我扣四g套餐了您这张卡是改月租费了八块钱一个月的不是我那个啥意思我就想不要这个这个月要下月我就不要了又我也没没订啊嗯那请您稍等您不要着急那您这个问题我给您上报一下让我们上级部门处理完之后给您回复下电话好吧那行行完了啥时候这月就扣下月取消了根本我也没没订这个套餐呢行先生您别着急了那问题我了解了您别着急我给您下发五月份给我取消了吧行行您的问题我给您上报了我们上级部门处理完之后给您回复电话的回复幺五八三四六四四二幺二的手机号就可以是吗什么什么我们给您打电话打的幺五八三四六四四二幺二这手机号就可以对吗这就是就这个本月三号啊四十八小时之内工作人员处理完之后会联系您的请您等待一下吧呃请问您还有其他问题需要咨询吗哎那好了,投诉（含抱怨）不知情定制问题,9,1,您好请讲[SEP]完了我这个我是我这是不是给我扣那个四g套餐了[SEP]嗯是的您这张卡有个四g飞享套餐八块钱一个月的[SEP]不是我这是不是这个有他给我扣四g套餐了[SEP]您这张卡是改月租费了八块钱一个月的[SEP]不是我那个啥意思我就想不要这个这个月要下月我就不要了又我也没没订啊[SEP]嗯那请您稍等您不要着急那您这个问题我给您上报一下让我们上级部门处理完之后给您回复下电话好吧[SEP]那行行完了啥时候这月就扣下月取消了根本我也没没订这个套餐呢[SEP]行先生您别着急了那问题我了解了您别着急我给您下发[SEP]五月份给我取消了吧行行[SEP]您的问题我给您上报了我们上级部门处理完之后给您回复电话的回复幺五八三四六四四二幺二的手机号就可以是吗[SEP]什么什么[SEP]我们给您打电话打的幺五八三四六四四二幺二这手机号就可以对吗[SEP]这就是就这个本月三号[SEP]啊四十八小时之内工作人员处理完之后会联系您的请您等待一下吧[SEP]呃[SEP]请问您还有其他问题需要咨询吗[SEP]哎那好了
您好请讲哎你帮我查一下看一下我这手机现在有一个什么语音语音那个来电语音提示呀还是什么呀您说的是语音信箱吗从六月业务啊对对那个留言那个那我我没订那个但是我刚才看我来了一条信息这不是您发短信办理了吗女士就是您十二月二十八号时候办理的这个是免费体验三个月到期之后是自动取消的到一七年的二月末到期就自动关了那刚才来了一条信息说不是一个月扣三块钱吗诶不扣费免费的嗯您关注一下扣费用完到二月底到期就自动就关了啊那行那好别的业务还有什么业务帮我开开吧稍等这张卡的话有最低消费是十块钱的有一个十块钱三百兆的省内流量嗯然后来电显示免费的就这些哎那个我那个流量能改吗嗯您可以取消但是取消得上移动营业厅关取消以后再办就办不了了女士啊就是想要多办点那种流量办不了可以我是说这个十元三百兆的如果您取消以后再办办不了了您可以办别的流量但是这个还是挺合适的因为咱们现在十块钱的话就是七十兆流量就是三百兆省内的您要是比这个多的话就是三十五百兆四十七百兆您都可以办啊啊那我知道了那好了谢谢啊不客气请问还有其他问题需要咨询吗啊没有了,投诉（含抱怨）不知情定制问题,9,1,您好请讲[SEP]哎你帮我查一下看一下我这手机现在有一个什么语音语音那个来电语音提示呀还是什么呀[SEP]您说的是语音信箱吗从六月业务[SEP]啊对对那个留言那个那我我没订那个但是我刚才看我来了一条信息[SEP]这不是您发短信办理了吗女士就是您十二月二十八号时候办理的这个是免费体验三个月到期之后是自动取消的到一七年的二月末到期就自动关了[SEP]那刚才来了一条信息说不是一个月扣三块钱吗[SEP]诶不扣费免费的[SEP]嗯您关注一下扣费用完[SEP]到二月底到期就自动就关了[SEP]啊那行那好别的业务还有什么业务帮我开开吧[SEP]稍等这张卡的话有最低消费是十块钱的有一个十块钱三百兆的省内流量嗯然后来电显示免费的就这些哎[SEP]那个我那个流量能改吗[SEP]嗯您可以取消但是取消得上移动营业厅关取消以后再办就办不了了女士[SEP]啊就是想要多办点那种流量办不了[SEP]可以我是说这个十元三百兆的如果您取消以后再办办不了了您可以办别的流量但是这个还是挺合适的因为咱们现在十块钱的话就是七十兆流量就是三百兆省内的您要是比这个多的话就是三十五百兆四十七百兆您都可以办[SEP]啊啊那我知道了那好了谢谢啊[SEP]不客气请问还有其他问题需要咨询吗[SEP]啊没有了
您好很高兴为您服务我那个刚才有个短信给我发什么订购了中国移动的法制文化手机报业务呃对是的先生我看了一下您在六月十三号八点四十六分的时候开通了一个法制文化手机报是每个月十块钱的这个我不想订啊嗯那请问先生有没有查询账单有没有给您收费呀好像收了恩这样我先把您这个业务取消要不然它每个月都给您正常收费的然后取消之后建议您稍后先查一下账单看一下有没有给您收费可以吗啊行你看看没有其他没用的业务啊好的请稍等我马上为您查一下感谢您的耐心等待我帮您查询了一下您这张卡呢月租是十八块钱包含一百兆国内流量五十兆省内流量八十分钟本地主叫国内通话时长还有来电显示另外赠送三十兆省内流量五十兆省内流量二百兆省内四g网流量到一七年六月末结束开通了流量安心包业务还有个五块钱的和教育呃嗯两赠送两个g的省内四g网流量是到一七年八月末结束赠送一百五十兆的省内流量到一九年的八月末结束其他的使用收费不使用是不收费的嗯行啊然后再给您转接您说啊你先说吧啊然后给您转接语音提示然后您按照提示现在想查询一下账单看一下有没有给您收费如果给您收费了可以随时联系我们的好吗啊行那我先给您转接语音提示您先查一下账单好吗啊你先给那个把我退它哦啊行那个业务我帮您取消了然后如果说没有给您收费的话您随时关注一下如果收费了随时联系我们好吗嗯行那我现在给您转接了不客气然后您先查一下请稍等一下,投诉（含抱怨）不知情定制问题,9,1,您好很高兴为您服务[SEP]我那个刚才有个短信给我发什么订购了中国移动的法制文化手机报业务[SEP]呃对是的先生我看了一下您在六月十三号八点四十六分的时候开通了一个法制文化手机报是每个月十块钱的[SEP]这个我不想订啊[SEP]嗯那请问先生有没有查询账单有没有给您收费呀[SEP]好像收了[SEP]恩这样我先把您这个业务取消要不然它每个月都给您正常收费的然后取消之后建议您稍后先查一下账单看一下有没有给您收费可以吗[SEP]啊行你看看没有其他没用的业务啊[SEP]好的请稍等我马上为您查一下感谢您的耐心等待我帮您查询了一下您这张卡呢月租是十八块钱包含一百兆国内流量五十兆省内流量八十分钟本地主叫国内通话时长还有来电显示另外赠送三十兆省内流量五十兆省内流量二百兆省内四g网流量到一七年六月末结束开通了流量安心包业务还有个五块钱的和教育呃嗯两赠送两个g的省内四g网流量是到一七年八月末结束赠送一百五十兆的省内流量到一九年的八月末结束其他的使用收费不使用是不收费的[SEP]嗯行[SEP]啊[SEP]然后再给您转接[SEP]您说[SEP]啊你先说吧[SEP]啊然后给您转接语音提示然后您按照提示现在想查询一下账单看一下有没有给您收费如果给您收费了可以随时联系我们的好吗[SEP]啊行[SEP]那我先给您转接语音提示您先查一下账单好吗[SEP]啊你先给那个把我退它哦[SEP]啊行那个业务我帮您取消了然后如果说没有给您收费的话您随时关注一下如果收费了随时联系我们好吗嗯行那我现在给您转接了不客气然后您先查一下请稍等一下
你好您好很高兴为您服务我问一下我的手机怎么回事啊上网上网是上不了了吗都听不清了您好好的好好,投诉（含抱怨）业务使用问题,5,1,你好您好很高兴为您服务[SEP]我问一下我的手机怎么回事啊上网[SEP]上网是上不了了吗都听不清了您好[SEP]好的好好
你好您好很高兴为您服务啊你好那个我现在网络有连不上了你能不能帮我查一下什么原因是手机不能登录呢还是电脑不能的话呃宽带不能登就是手机电脑家里面那个电视连接到网络都登陆不了宽带不能用是吧对宽带不能用出现什么提示呢猫灯方面来电显示呃我现在有电脑试了一下它现在提示错误代码是六五一错误代码对六五一然后写的是那个调制条他要是写条期报报出了一个错误可以是咱们通过这张卡绑定的宽带吗对本机号码绑定绑定的宽带稍等这边正在帮您查询出现是错误代码六五一是吧对稍等一下我帮您看看好的再见多少,投诉（含抱怨）业务使用问题,5,1,你好[SEP]您好很高兴为您服务[SEP]啊你好那个我现在网络有连不上了你能不能帮我查一下什么原因[SEP]是手机不能登录呢还是电脑不能的话[SEP]呃宽带不能登[SEP]就是手机电脑家里面那个电视连接到网络都登陆不了宽带不能用是吧[SEP]对[SEP]宽带不能用出现什么提示呢猫灯方面来电显示[SEP]呃我现在有电脑试了一下它现在提示错误代码是六五一[SEP]错误代码[SEP]对六五一然后写的是那个调制条[SEP]他要是写条期[SEP]报报出了一个错误[SEP]可以是咱们通过这张卡绑定的宽带吗对本机号码绑定绑定的宽带[SEP]稍等这边正在帮您查询[SEP]出现是错误代码六五一是吧[SEP]对[SEP]稍等一下我帮您看看[SEP]好的再见多少
您好请讲哎你好我就是刚才打电话的那个呃您好现在接您电话不是同一话务员请问您遇到什么问题了啊我这个卡这个卡是上个月也是你们给我打过来电话说能办那个优惠那个流量他说一个月交十八块钱然后的话就是给一千多兆流量还有那个免费通话分钟三百分钟从六月一号开始生效然后我我上交完话费之后的话是用了能有十天左右吧完现在开始那个网就连不上了请问之前是否帮您修复过网络没有啊那您别着急我帮您先把您上网修复一下啊行啊帮您修复好了稍后呢您关机重启看一下能不能恢复如果不能恢复您再给我们打电话就行啊嗯行那我知道了好的请问还有什么可以帮助您啊那没有了你就把这网能帮我连上就行好的帮您修复好了哦嗯行那好了谢谢啊不客气祝您生活愉快再见啊好再见,投诉（含抱怨）业务使用问题,5,1,您好请讲[SEP]哎你好我就是刚才打电话的那个[SEP]呃您好现在接您电话不是同一话务员请问您遇到什么问题了[SEP]啊我这个卡这个卡是上个月也是你们给我打过来电话说能办那个优惠那个流量他说一个月交十八块钱然后的话就是给一千多兆流量还有那个免费通话分钟三百分钟从六月一号开始生效然后我我上交完话费之后的话是用了能有十天左右吧完现在开始那个网就连不上了[SEP]请问之前是否帮您修复过网络[SEP]没有啊[SEP]那您别着急我帮您先把您上网修复一下[SEP]啊行[SEP]啊帮您修复好了稍后呢您关机重启看一下能不能恢复如果不能恢复您再给我们打电话就行[SEP]啊嗯行那我知道了[SEP]好的请问还有什么可以帮助您[SEP]啊那没有了你就把这网能帮我连上就行[SEP]好的帮您修复好了[SEP]哦嗯行那好了谢谢啊不客气祝您生活愉快再见啊好再见
您好请讲你好那个麻烦你帮我看下我现在有有那个流量套餐吗请稍等哎系统当中显示您这张卡有开通三十块钱五百兆的手机上网流量我有三十块钱五百兆流量但是我没有啊您觉得没有是什么意思是说现在用不了吗我我从我从就是一号开始扣话费就是到现在我已经用了五六十块钱的流量流量流量是就是我现在只要是开流量我就就花钱收费就说明您之前的流量用完了不是这刚开始五百兆流量我啥都没干您稍后核实一下您的详单看一下详单上面会有详细的记录显示什么时间使用的您可以看一下是不是有后台程序软件更新了或者是说一些软件一直是属于在线登录的状态是正常走流量的我可以把查询黄纸发给您上面会有显示什么时间使用的啊那行我那我我记得以前我就是这个套餐我我外地的一直有但是五百兆流量就是晚上忘了流量的话能完后一天呢这五百兆流量我啥也没干他那您就核实一下看看什么时间用的我已经吗详单查询网址发给您啊行那你给我发一下已经发过去了嗯那行那,投诉（含抱怨）业务使用问题,5,1,您好请讲[SEP]你好那个麻烦你帮我看下我现在有有那个流量套餐吗[SEP]请稍等[SEP]哎[SEP]系统当中显示您这张卡有开通三十块钱五百兆的手机上网流量[SEP]我有三十块钱五百兆流量但是我没有啊[SEP]您觉得没有是什么意思是说现在用不了吗[SEP]我我从我从就是一号开始扣话费就是到现在我已经用了五六十块钱的流量流量流量是就是我现在只要是开流量我就就花钱[SEP]收费就说明您之前的流量用完了[SEP]不是这刚开始五百兆流量我啥都没干[SEP]您稍后核实一下您的详单看一下详单上面会有详细的记录显示什么时间使用的您可以看一下是不是有后台程序软件更新了或者是说一些软件一直是属于在线登录的状态是正常走流量的我可以把查询黄纸发给您上面会有显示什么时间使用的[SEP]啊那行我那我我记得以前我就是这个套餐我我外地的一直有但是五百兆流量就是晚上忘了流量的话能完后一天呢这五百兆流量我啥也没干他[SEP]那您就核实一下看看什么时间用的我已经吗详单查询网址发给您[SEP]啊行那你给我发一下[SEP]已经发过去了[SEP]嗯那行那
啊有线宽带专席请讲啊你好我想问一下就我家这个网怎么不好使了请您提供一下宽带账号我先帮您查询一下你说的是用户名称啊还是宽带账号零二开头的或者是幺零开头的啊幺零幺幺零六六九九六二请稍等先帮您查询一下感谢您的耐心等候帮您查询到宽带状态显示正常我这边平台帮您刷新一下数据请您稍后断一下电源当时不是刚刚才吧我家楼下那个就是网那个网箱的那块有个人来回那个就是那个我也不道是不是你们工作人员拿电脑拿东西答上来回拔完之前早上时候我的网还好使呢等我送完孩子回来以后他在那上拔的时候我上楼完然后我家的就不好使了我下楼找人就没有了请问您现在室内有没有什么异常就是这个所有的不好使电视电脑还有手机连的wifi都不好使那我问的不是这方面是为了有没有光猫光猫那个灯亮不亮啊你说wifi的那个小盒是不对就是有一个光猫光猫上的灯亮的正不正常稍等一下我看看有没有亮红色的没有都是亮着的都是这样子的是吧我现在这边平台帮您重启一下整体的数据您稍后断一下电源五到十分钟左右重启一下试试你那意思我把电源拔了再重插一下试试对五到十分钟左右正常我这边给您操作一下地址十分钟以后啊对是的女士嗯嗯好嘞那我知道了谢谢不客气请问还有什么可以帮助您没有了祝您生活愉快再见嗯谢谢,投诉（含抱怨）业务使用问题,5,1,啊有线宽带专席请讲[SEP]啊你好我想问一下就我家这个网怎么不好使了[SEP]请您提供一下宽带账号我先帮您查询一下[SEP]你说的是用户名称啊还是[SEP]宽带账号零二开头的或者是幺零开头的[SEP]啊幺零幺幺零六六九九[SEP]六二请稍等先帮您查询一下感谢您的耐心等候帮您查询到宽带状态显示正常我这边平台帮您刷新一下数据请您稍后断一下电源当时不是刚刚才吧我家楼下那个就是网那个网箱的那块有个人来回那个就是那个我也不道是不是你们工作人员拿电脑拿东西答上来回拔[SEP]完之前早上时候我的网还好使呢等我送完孩子回来以后他在那上拔的时候我上楼完然后我家的就不好使了[SEP]我下楼找人就没有了请问您现在室内有没有什么异常就是[SEP]这个所有的不好使电视电脑还有手机连的wifi都不好使[SEP]那我问的不是这方面是为了有没有光猫光猫那个灯亮不亮[SEP]啊你说wifi的那个小盒是不[SEP]对就是有一个光猫光猫上的灯亮的正不正常稍等一下我看看有没有亮红色的[SEP]没有都是亮着的[SEP]都是这样子的是吧我现在这边平台帮您重启一下整体的数据您稍后断一下电源五到十分钟左右重启一下试试你那意思我把电源拔了再重插一下试试对五到十分钟左右正常我这边给您操作一下地址[SEP]十分钟以后啊[SEP]对是的女士[SEP]嗯嗯好嘞那我知道了谢谢[SEP]不客气请问还有什么可以帮助您没有了祝您生活愉快再见嗯谢谢
不需要好谢谢啊好您好很高兴为您服务喂你好您好请讲哎我问一下我的手机号我充了四百块钱话费这还是停机状态您这个号码在外地呀先生啊对对对您现在打过来这个号码吗对对对觉得到,投诉（含抱怨）业务办理问题,13,1,不需要好谢谢啊好您好很高兴为您服务喂你好您好请讲哎我问一下我的手机号我充了四百块钱话费这还是[SEP]停机状态[SEP]您这个号码在外地呀先生啊对对对您现在打过来这个号码吗对对对觉得到
您好很高兴为您服务哎你好请讲我的那个手机为什么老是被开通那个上什么剧场包月那个是什么东西呀我昨天昨天给我发了个信息说开通然后把它取消了然后今天又没有人开通了这怎么回事啊这种是那个家里面安装我们那个高清电视机顶盒里面的一个业务就是您要是看电视的时候订购那个事儿机场里面包月的话会有这个提示就会定制这个业务您看家人有没有在电视里面订过这个包月的我不知道啊您这边的话就是您跟我家人先核实一下看他们有没有在电视上操作过因为它这个没有操作过有这个业务的话您到时候及时联系我们这个给您上报公司核实一下好吧哦行行行小孩这两天多五号出来,投诉（含抱怨）业务办理问题,13,1,您好很高兴为您服务[SEP]哎你好[SEP]请讲[SEP]我的那个手机为什么老是被开通那个上什么剧场包月那个是什么东西呀我昨天昨天给我发了个信息说开通然后把它取消了然后今天又没有人开通了这怎么回事啊[SEP]这种是那个家里面安装我们那个高清电视机顶盒里面的一个业务就是您要是看电视的时候订购那个事儿机场里面包月的话会有这个提示就会定制这个业务您看家人有没有在电视里面订过这个包月的[SEP]我不知道啊[SEP]您这边的话就是您跟我家人先核实一下看他们有没有在电视上操作过因为它这个没有操作过有这个业务的话您到时候及时联系我们这个给您上报公司核实一下好吧[SEP]哦行行行小孩这两天多五号出来
您好请讲哎你好我那个手机号办理那个信息业务现在怎么开通不了了呢请问是办的报停吗啊对呀报停么请问现在是怎么提示您的它就是我以我一拨那个号码上拨拨几就你们移动号码他就告诉我号码拨号码然后刚拨拨通不了那请问您有密码吗我帮您核实一下状态漫游手机号是多少幺五九嗯然后呢四三八幺零三三七请稍等其他请您根据提示输入密码按井号键结束好的看一青海移动哎什么谢你啊办理之后吗你说现在可以办理复通请问现在给您开通吗开通啊开通之后卡里的最低消费包月费用都正常执行我帮您看一下啊开通吧我刚才报那那是报停了现在给他开通恢复呢现在已经帮您开通了啊好谢谢啊不客气请问还有其他问题吗啊没有了嗯那麻烦女士您挂机后通过语音提示对我的服务做一下评价选择一个一好吗好的谢谢祝您生活愉快再见,投诉（含抱怨）业务办理问题,13,1,您好请讲[SEP]哎你好我那个手机号办理那个信息业务现在怎么开通不了了呢[SEP]请问是办的报停吗[SEP]啊对呀报停么[SEP]请问现在是怎么提示您的[SEP]它就是我以我一拨那个号码上拨拨几就你们移动号码他就告诉我号码拨号码然后刚拨拨通不了[SEP]那请问您有密码吗我帮您核实一下状态漫游手机号是多少[SEP]幺五九[SEP]嗯然后呢[SEP]四三八幺零三三七[SEP]请稍等[SEP]其他[SEP]请您根据提示输入密码按井号键结束[SEP]好的[SEP]看一青海移动哎[SEP]什么谢你啊办理之后吗你说[SEP]现在可以办理复通请问现在给您开通吗[SEP]开通啊[SEP]开通之后卡里的最低消费包月费用都正常执行我帮您看一下[SEP]啊开通吧我刚才报那那是报停了现在给他开通恢复呢[SEP]现在已经帮您开通了[SEP]啊好谢谢啊[SEP]不客气请问还有其他问题吗[SEP]啊没有了[SEP]嗯那麻烦女士您挂机后通过语音提示对我的服务做一下评价选择一个一好吗[SEP]好的[SEP]谢谢祝您生活愉快再见
对再见您好高兴服务呃你好我上边有个手机支付业务已经发短信给他取消掉为什么还是显示有手机支付业务你帮我查一下啥情况手机支付啊我要我要过户了现在过不了户啊它已经取消主要的时候现在正在处理了现在没有其他的那种现在没有完全取消你好我知道我说现在那个业务还有没有我现在接到客户的我知道您的意思但现在这个业务还有呀现在还没有退订的你确定了呗他现在已经退订已经退订了已经正在处理了现在正在退了他现在还没退掉那什么时候能退订这个话就是我这边查的话没有他没有说什么退到他就说退的话我帮您我帮您退这个业务的时候就是说它这边显示的话是正在处理当中我知道我的意思就是说你正常发四个零取消业务不是很快就取消掉为什么这个这么慢呢是不是有其他通信业务没有吧这个没有冲突业务您放心啊因为有些业务取消的话它需要需要一点时间的有些业务是取消立即生效的您这个今天截止过户是吧我就我不是过户吗过后它说那个手机支付业务得把这个手机之后取消那您这个很抱歉女士您先帮您看看能不能明天谢谢,投诉（含抱怨）业务办理问题,13,1,对[SEP]再见您好高兴服务呃你好[SEP]我上边有个手机支付业务已经发短信给他取消掉为什么还是显示有手机支付业务你帮我查一下啥情况[SEP]手机支付[SEP]啊我要我要过户了现在过不了户啊[SEP]它已经取消主要的时候现在正在处理了现在没有其他的那种现在没有完全取消你好[SEP]我知道我说现在那个业务还有没有我现在接到客户的[SEP]我知道您的意思但现在这个业务还有呀现在还没有退订的[SEP]你确定了呗[SEP]他现在已经退订已经退订了已经正在处理了现在正在退了他现在还没退掉[SEP]那什么时候能退订[SEP]这个话就是我这边查的话没有他没有说什么退到他就说退的话我帮您我帮您退这个业务的时候就是说它这边显示的话是正在处理当中[SEP]我知道我的意思就是说你正常发四个零取消业务不是很快就取消掉为什么这个这么慢呢是不是有其他通信业务没有吧[SEP]这个没有冲突业务您放心啊因为有些业务取消的话它需要需要一点时间的有些业务是取消立即生效的您这个今天截止过户是吧[SEP]我就我不是过户吗过后它说那个手机支付业务得把这个手机之后取消[SEP]那您这个很抱歉女士您先帮您看看能不能明天[SEP]谢谢
您好很高兴为您服务哎你好那我嗯哼我问一下刚才我去办那个办那个光纤去了然后说我那个套餐不能办理是怎么回事儿其他有没有跟您说为什么不能办理他说我是上网套餐商旅套餐就能不能办理那您这是飞享套餐呀先生啊您现在是四g飞享套餐呀能办理呀一百一十八是吧是的免费使用一百兆划款他刚给我改的那现在就有一百一十八套餐免费使用一百兆宽带的我刚看用的是一百二十八套餐它说不能办理非让我改签不用太改了听我不愿意改的当时其实您不愿意改是吗对我那个套餐分钟数多吗不是是的现在分钟数少这个我之前用的是一百二十八套餐六百五十分钟五百兆流量知道请说一下嗯它那个套餐一直不能办理先生您好商旅套餐一百二十八可以办理的你赶快去找他问一下到底是怎么回事儿一百二十八可以办理是吧可以的就是一百二十八商旅套餐你赶快去找他一下那就是六百五十分钟然后五百兆流量对吧稍等我给您看一下现在我帮您查一下好吧请您稍等行喂就这对呀你好村对对六百五十分钟通话六百兆流量是这个可以办电对六百五十分钟通话费就那个可以您去找他先生那我下午去想我想我刚才手机上收到一条信息说这个套餐一个月只能办理套餐不能二十八的是吧但是他不是骗您了吗对呀我是这个是啊所以您下午去找他吗先生您是说以后打我们电话我们告诉您可以更改的好吧行那我知道了谢谢啊不客气还有其他可以帮您吗嗯没有了再见,投诉（含抱怨）业务办理问题,13,1,您好很高兴为您服务[SEP]哎你好那我嗯哼我问一下刚才我去办那个办那个光纤去了然后说我那个套餐不能办理是怎么回事儿[SEP]其他有没有跟您说为什么不能办理[SEP]他说我是上网套餐商旅套餐就能不能办理[SEP]那您这是飞享套餐呀先生[SEP]啊[SEP]您现在是四g飞享套餐呀能办理呀[SEP]一百一十八是吧[SEP]是的免费使用一百兆划款[SEP]他刚给我改的[SEP]那现在就有一百一十八套餐免费使用一百兆宽带的[SEP]我刚看用的是一百二十八套餐它说不能办理非让我改签不用太改了听我不愿意改的当时[SEP]其实您不愿意改是吗[SEP]对我那个套餐分钟数多吗不是[SEP]是的[SEP]现在分钟数少这个我之前用的是一百二十八套餐六百五十分钟五百兆流量[SEP]知道[SEP]请说[SEP]一下[SEP]嗯它那个套餐一直不能办理[SEP]先生您好商旅套餐一百二十八可以办理的你赶快去找他问一下到底是怎么回事儿[SEP]一百二十八可以办理是吧[SEP]可以的就是一百二十八商旅套餐你赶快去找他一下[SEP]那就是六百五十分钟然后五百兆流量对吧[SEP]稍等我给您看一下现在我帮您查一下好吧请您稍等[SEP]行喂就这对呀[SEP]你好[SEP]村对对[SEP]六百五十分钟通话六百兆流量是这个可以办电[SEP]对六百五十分钟通话费就那个[SEP]可以您去找他先生[SEP]那我下午去想我想我刚才手机上收到一条信息说这个套餐一个月只能办理套餐不能二十八的是吧[SEP]但是他不是骗您了吗[SEP]对呀我是这个是啊[SEP]所以您下午去找他吗先生您是说以后打我们电话我们告诉您可以更改的好吧[SEP]行那我知道了[SEP]谢谢啊不客气还有其他可以帮您吗[SEP]嗯没有了再见
您好很高兴为您服务你好我想变更一下套餐您现在的话是一个二十四块钱的一个套餐想改成哪个呢二十八元的a套餐稍等我看这个到五号才能改女士为什么因为您这个活动的话当时改成这个套餐它活动还要您用两个月所以到五号以后才能再改那好吧那我在五号再改,投诉（含抱怨）业务规定不满,17,1,您好很高兴为您服务[SEP]你好我想变更一下套餐[SEP]您现在的话是一个二十四块钱的一个套餐想改成哪个呢[SEP]二十八元的a套餐[SEP]稍等我看这个到五号才能改女士[SEP]为什么[SEP]因为您这个活动的话当时改成这个套餐它活动还要您用两个月所以到五号以后才能再改[SEP]那好吧那我在五号再改
您好请讲你帮我取消一下二十块钱的包月二十的那您得打幺零零八六根据语音提示按四号键取消我这无法直接关四好像已经取消不了了四号键根本就不是说取消是不包月这个四号键呢去取消流量啊然后取消不了的话您得到移动大厅看一下这个咱们这边无法直接取消的您好你好那办法能办就不能给我取消但咱们现在也无法办了也得通过自动台办了自动它现在没有这项啊好有啊咱们现在吉林省都是通过自动台取消的呀你们今天也没通过自动台开通我这边无法直接转接您可以帮我日后然后包括分钟是没有没有那个取消二十块钱那个u取消十块钱的那您到移动大厅看一下咱们十块二十三十五十都需要通过自动台了什么哎呀那那人那什么没有我您好我说我打幺零零八六他告诉我没有就是没有这项了那就到移动大厅取消一下自己买,投诉（含抱怨）业务规定不满,17,1,您好请讲[SEP]你帮我取消一下二十块钱的包月[SEP]二十的那您得打幺零零八六根据语音提示按四号键取消我这无法直接关[SEP]四好像已经取消不了了四号键根本就不是说取消是不包月这个[SEP]四号键呢去取消流量啊然后取消不了的话您得到移动大厅看一下这个咱们这边无法直接取消的您好[SEP]你好[SEP]那[SEP]办法能办就不能给我取消[SEP]但咱们现在也无法办了也得通过自动台办了[SEP]自动它现在没有这项啊[SEP]好有啊咱们现在吉林省都是通过自动台取消的呀你们今天也没通过自动台开通我这边无法直接转接[SEP]您可以帮我日后然后包括分钟是没有没有那个取消二十块钱那个u取消十块钱的[SEP]那您到移动大厅看一下咱们十块二十三十五十都需要通过自动台了什么哎呀那[SEP]那人那什么没有[SEP]我您好[SEP]我说我打幺零零八六他告诉我没有就是没有这项了[SEP]那就到移动大厅取消一下自己买
您好请讲您好那个你帮我开一个那个就是短信包月里有个三块钱包多少条那个五块钱包多少钱的我帮您查询一下看能不能办请稍等他是你查吧恩好的手机尾号是八六零二对吧对就在本地好的请稍等一下哎稍等诶您好先生正常五块钱三百兆的呃五十分钟了五元三千五块钱一百条的五块钱一百条是吧对你就开这一百兆的就是是这样的它这个除了长春地区全球通神州行关系啊你慢点说您慢点说不好意思啊慢点说啊除了长春地区的全球通神州行客户主要是吉林地区的客户外其他客户全可以办理但您是长春的客户所以说办不了这个业务发布了我家有一个跟这一样的尾数是八六二六的怎么能办呢您好先生但是这个是办不了一下嗯现在是长春地区那个神州行警务通啥办不了啊我们现在当月显示除了长春地区的全球通神州行客户和吉林地区的客户外其他客户全可以办理啊那就是我这办理不了那之前要办理的话的话还好使吗对之前办理的没取消还能用啊那行那我知道了谢谢你啊不客气请问还有什么可以帮您的没了不客气那祝您生活愉快好的再见,投诉（含抱怨）业务规定不满,17,1,您好请讲[SEP]您好那个你帮我开一个那个就是短信包月里有个三块钱包多少条那个五块钱包多少钱的[SEP]我帮您查询一下看能不能办请稍等[SEP]他是你查吧[SEP]恩好的手机尾号是八六零二对吧[SEP]对就在本地[SEP]好的请稍等一下[SEP]哎[SEP]稍等[SEP]诶[SEP]您好先生正常五块钱三百兆的呃五十分钟了五元三千五块钱一百条的五块钱一百条是吧对你就开这一百兆的就是是这样的它这个除了长春地区全球通神州行关系[SEP]啊你慢点说您慢点说不好意思啊慢点说啊[SEP]除了长春地区的全球通神州行客户主要是吉林地区的客户外其他客户全可以办理但您是长春的客户所以说办不了这个业务[SEP]发布了我家有一个跟这一样的尾数是八六二六的怎么能办呢[SEP]您好先生但是这个是办不了一下[SEP]嗯现在是长春地区那个神州行警务通啥办不了啊[SEP]我们现在当月显示除了长春地区的全球通神州行客户和吉林地区的客户外其他客户全可以办理[SEP]啊那就是我这办理不了那之前要办理的话的话还好使吗[SEP]对之前办理的没取消还能用啊那行那我知道了谢谢你啊不客气请问还有什么可以帮您的[SEP]没了[SEP]不客气那祝您生活愉快好的再见
您好请讲哎你好你咨询个事嗯因为我一个朋友他出国回来了那手机在家没用两个月三个月的这个根本就空号了怎么整嗯先生请问是现在多长时间没有使用了好像应该得有俩月这两个月吧请问号码是多少那我不知道我就问问这事怎么解决到时候嗯先生那请问先看一下咱们这卡欠费多长时间了欠费三十天之内的话可以交费可以自己使用如果说您欠费三十天之后直接是预拆预拆六十天之内呢可以到营业厅把欠费补齐可以把卡补回继续使用但预拆六十天之后您说欠费九十天之后就销号就补不回来了那现在打空号那那是能能知道啥情况所以请问看一下手机号是多少有没有密码密码我也不知道啊那请您也别着急那我建议您的话呢可以把卡呢就是说拿这身份证和卡到营业厅让咱们工作人员帮您看一下这卡的状态哎行谢谢你不客气然后有什么问题可以随时与我们联系你们如果要是说超过不用了九十天那咋咋咋就是拆了咋咋整您超过九十天呢嗯嗯嗯如果说是超过九十天的话那就销号就补不回来了那是空号了那假设那我还想用这个号能能申请用那只能到营业厅可以看一下这卡有没有售出没有售出的话优先考虑可以重新购回好谢谢你不客气请问还有其他问题需要咨询吗没有了没有谢谢了不客气嗯祝您生活愉快再见,投诉（含抱怨）业务规定不满,17,1,您好请讲[SEP]哎你好你咨询个事[SEP]嗯[SEP]因为我一个朋友他出国回来了那手机在家没用两个月三个月的这个根本就空号了怎么整[SEP]嗯先生请问是现在多长时间没有使用了[SEP]好像应该得有俩月这两个月吧[SEP]请问号码是多少[SEP]那我不知道我就问问这事怎么解决到时候[SEP]嗯先生那请问先看一下咱们这卡欠费多长时间了欠费三十天之内的话可以交费可以自己使用如果说您欠费三十天之后直接是预拆预拆六十天之内呢可以到营业厅把欠费补齐可以把卡补回继续使用但预拆六十天之后您说欠费九十天之后就销号就补不回来了[SEP]那现在打空号那那是能能知道啥情况[SEP]所以请问看一下手机号是多少有没有密码[SEP]密码我也不知道啊[SEP]那请您也别着急那我建议您的话呢可以把卡呢就是说拿这身份证和卡到营业厅让咱们工作人员帮您看一下这卡的状态[SEP]哎行谢谢你[SEP]不客气然后有什么问题可以随时与我们联系[SEP]你们如果要是说超过不用了九十天那咋咋咋就是拆了咋咋整[SEP]您超过九十天呢[SEP]嗯嗯[SEP]嗯如果说是超过九十天的话那就销号就补不回来了[SEP]那是空号了那假设那我还想用这个号能能申请用[SEP]那只能到营业厅可以看一下这卡有没有售出没有售出的话优先考虑可以重新购回[SEP]好谢谢你[SEP]不客气请问还有其他问题需要咨询吗[SEP]没有了没有谢谢了[SEP]不客气嗯祝您生活愉快再见
您好请讲我想问以前欠费说可以充值为什么现在变二十了呀这张卡正常的话有一个流量是七十块钱两个g然后除了这个之外这张卡开了一个十块钱的一个g的假日流量还开了一个五块钱的假日流量延长包然后这张卡显示稍等往后帮您看一下先生这张卡的话有一个固定的月租固定的月租的话是每个月三块钱然后里面是包括有彩铃的业务显示其他的话就是这张卡的基本功能了没有额外扣费的包月项目了哦我的意思是说那个就是我手机欠费以后就是那个几星的额度我以前是可以透支五十为什么现在变二十了呀因为这张卡现在是二星级它是三星级然后才能透支五十的二星级的话就只能透支二十对呀我以前一直都是五十为什么现在就变二十了呀因为现在的话改成这个现在变成二星级的用户了它是根据每个月的消费还有电话经常停机的次数和在网的网龄进行划分的如果要是电话经常出现欠费的情况可能会导致评定低的星级因为它是所有符合条件大家都有评定的资格的那您现在这张卡二星级所以就透支额度就是二十如果一直也没有欠费的状态呀就是现在完了就一下就变二十了以前都一直是五十它是跟每个月消费还有在网网银还有电话经常停机的次数都有关系只不过如果电话经常有欠费它就是说会这个进行减分的那么如果假如说家人的消费或者和这个当月的和在网网龄高于您的话呢他有可能会高的星级是这样的啊那这个就是不固定啊对它都是系统自动评定的不固定的啊请问还有其他问题需要咨询吗没有了祝您生活愉快再见,投诉（含抱怨）业务规定不满,17,1,您好请讲[SEP]我想问[SEP]以前欠费说可以充值为什么现在变二十了呀这张卡正常的话有一个流量是七十块钱两个g然后除了这个之外这张卡开了一个十块钱的一个g的假日流量还开了一个五块钱的假日流量延长包然后这张卡显示稍等往后帮您看一下先生这张卡的话有一个固定的月租固定的月租的话是每个月三块钱然后里面是包括有彩铃的业务显示其他的话就是这张卡的基本功能了没有额外扣费的包月项目了哦我的意思是说那个[SEP]就是我手机欠费以后就是那个几星的额度我以前是可以透支五十为什么现在变二十了呀[SEP]因为这张卡现在是二星级它是三星级然后才能透支五十的二星级的话就只能透支二十[SEP]对呀我以前一直都是五十为什么现在就变二十了呀[SEP]因为现在的话改成这个现在变成二星级的用户了它是根据每个月的消费还有电话经常停机的次数和在网的网龄进行划分的如果要是电话经常出现欠费的情况可能会导致评定低的星级因为它是所有符合条件大家都有评定的资格的那您现在这张卡二星级所以就透支额度就是二十如果一直也没有欠费的状态呀就是现在完了就一下就变二十了以前都一直是五十它是跟每个月消费还有在网网银还有电话经常停机的次数都有关系只不过如果电话经常有欠费它就是说会这个进行减分的那么如果假如说家人的消费或者和这个当月的和在网网龄高于您的话呢他有可能会高的星级是这样的啊那这个就是不固定啊对它都是系统自动评定的不固定的啊请问还有其他问题需要咨询吗没有了祝您生活愉快再见
您好很高兴为您服务哦那怎么现在的移动里面上面好多那个诈骗电话了信息呀什么一天到晚十五分钟不过就来一次呃我给您发一个举报电话您发短信举报一下这个号码我们回来处理的去去报一下啊对我把短信举报方式发给您发短信是免费的啊啊可以开嗯还有其他需要帮助的吗别的没有了好感谢来电再见嗯嗯,投诉（含抱怨）信息安全问题,21,1,您好很高兴为您服务[SEP]哦那怎么现在的移动里面上面好多那个诈骗电话了信息呀什么一天到晚十五分钟不过就来一次[SEP]呃我给您发一个举报电话您发短信举报一下这个号码我们回来处理的去去报一下啊对我把短信举报方式发给您发短信是免费的啊啊可以开嗯还有其他需要帮助的吗别的没有了好感谢来电再见嗯嗯
您好请讲哎你好我那个手机就是他给我来电话说的有异常是咋回事啊嗯请您先稍等一下我帮助您核实一下啊费用的话啊啊你帮我看看一百兆您请问是给您打电话说您这个电话异常是吧啊对呀那么我帮您详细查了一下咱当前用的这张卡在我这里面显示您的实名是正常实名的而且运行状态都是正常的没有任何问题我们不会给您强制停机的您接到这样的通知的话是属于诈骗的不要按照他的提示操作先生啊啊行嗯嗯啊他让我接一个你们完我一接设完就挂了嗯你能能谢谢了嗯不客气请问还有其他问题需要咨询吗啊没有了哎好的好的那麻烦您稍后回复一个一对我个人的服务做出评价好吧好的谢谢祝您生活愉快再见,投诉（含抱怨）信息安全问题,21,1,您好请讲[SEP]哎你好我那个手机就是他给我来电话说的有异常是咋回事啊嗯[SEP]请您先稍等一下我帮助您核实一下[SEP]啊[SEP]费用的话[SEP]啊啊你[SEP]帮我[SEP]看看[SEP]一百兆您请问是给您打电话说您这个电话异常是吧[SEP]啊对呀[SEP]那么我帮您详细查了一下咱当前用的这张卡在我这里面显示您的实名是正常实名的而且运行状态都是正常的没有任何问题我们不会给您强制停机的您接到这样的通知的话是属于诈骗的不要按照他的提示操作先生[SEP]啊啊行[SEP]嗯嗯[SEP]啊他让我接一个你们完我一接设完就挂了[SEP]嗯[SEP]你能能谢谢了嗯[SEP]不客气请问还有其他问题需要咨询吗啊没有了哎好的好的那麻烦您稍后回复一个一对我个人的服务做出评价好吧好的谢谢祝您生活愉快再见
一六您好很高兴为您服务我想问一下刚才我收到短信说别人登陆我的服务密码错误我也没登录啊先生那这样请您先别着急关于您说的这个问题吗显示先生可能是说有其他客户咱们这个就是说输入手机号码错误导致的登录包括如果咱们这边系统在识别到之后呢就是说有这输入密码错误的时候会给客户下发这个通知短信先生那可能是这个原因导致的给您带来不便的话也请您谅解但是还是恶意的但说是我那个不就不行了吧先生咱们正常的话呢本机验证密码有五次机会如果验证错误的话密码会锁定昨天去就是一个假日它不会说那个对您造成别的特别影响三十八咱们这个密码建议您还是说包括好因为打也不排除是说像有其他人和一操作的吗所以密码咱们不要设置太简单先生不免费您个人造成影响好吧嗯嗯嗯谢谢您的理解不客气先生那祝您生活愉快再见,投诉（含抱怨）信息安全问题,21,1,一六您好很高兴为您服务[SEP]我想问一下刚才我收到短信说别人登陆我的服务密码错误我也没登录[SEP]啊先生那这样请您先别着急关于您说的这个问题吗显示先生可能是说有其他客户咱们这个就是说输入手机号码错误导致的登录包括如果咱们这边系统在识别到之后呢就是说有这输入密码错误的时候会给客户下发这个通知短信先生那可能是这个原因导致的给您带来不便的话也请您谅解[SEP]但是还是恶意的但说是我那个不就不行了吧[SEP]先生咱们正常的话呢本机验证密码有五次机会如果验证错误的话密码会锁定昨天去就是一个假日它不会说那个对您造成别的特别影响三十八咱们这个密码建议您还是说包括好因为打也不排除是说像有其他人和一操作的[SEP]吗[SEP]所以密码咱们不要设置太简单先生不免费您个人造成影响好吧嗯嗯嗯谢谢您的理解不客气先生那祝您生活愉快再见
您好很高兴为您服务喂你好你帮我查一下我这卡这两天移动平常给我给我给我发短信说让我那个输入密码通话超过五次了都这个就是可能别人再查询您的业务他不知道您的密码也可能是别人在查业务的时候输入错号码输入您的了然后他输入不对的话系统就会给您下发的啊已经超过呢就是如果他们工作人员说我来说没啥伤害吧呃这个的话它这个也就是查询详单账单之类其他的我们就确定不了了嗯那这个这边能您只要您的密码的泄露就行先生我都不懂我们改多些啊那可以更改可以更改您输入身份证号按井号键结束咱们就能更改密码我说那意思这个就跟别的像什么支付宝上了不不发生关系就是说他想查账单是支付宝就不属于移动的来就这个这就没跟这个输入移动的密码就没有什么关系了能不能再给我昨天一直不来短信现在我来短信来扣晚上我条短信呃只要您密码不泄露就可以了您可以让你帮我帮我那个帮我那个换到那个就是那个重设密码那个我我给我改一下子吧好的请您稍等那我现在帮您转接请您根据语音提示输入身份证号按井号键结束哎谢谢,投诉（含抱怨）信息安全问题,21,1,您好很高兴为您服务[SEP]喂你好你帮我查一下我这卡这两天移动平常给我给我给我发短信说让我那个输入密码通话超过五次了都[SEP]这个就是可能别人再查询您的业务他不知道您的密码也可能是别人在查业务的时候输入错号码输入您的了然后他输入不对的话系统就会给您下发的[SEP]啊已经超过呢就是如果他们工作人员说我来说没啥伤害吧[SEP]呃这个的话它这个也就是查询详单账单之类其他的我们就确定不了了[SEP]嗯那这个这边能[SEP]您只要您的密码的泄露就行先生[SEP]我都不懂我们改多些[SEP]啊那可以更改可以更改您输入身份证号按井号键结束咱们就能更改密码[SEP]我说那意思这个就跟别的像什么支付宝上了不不发生关系就是说他想查账单是[SEP]支付宝就不属于移动的来就这个这就没跟这个输入移动的密码就没有什么关系了能不能再给我[SEP]昨天一直不来短信现在我来短信来扣晚上我条短信[SEP]呃只要您密码不泄露就可以了您可以让你帮我帮我那个[SEP]帮我那个换到那个就是那个重设密码那个我我给我改一下子吧[SEP]好的请您稍等那我现在帮您转接请您根据语音提示输入身份证号按井号键结束[SEP]哎谢谢
您好很高兴为您服务哎你好有一个号码你现在能不能帮我查到他不停的给我打电话导致我这个手机没法正常使用是河南的电话吗啊是河南的电话吗零二九十觉得显示的是陕西安康哎哟那咱们您这样吧我建议您的话您拨打那个啥信查银行那边的话就是零二九然后幺零零八六拨打那边的客服让那边客服给您投诉一下这个号码如果是咱河南的话我这边的话给您投诉一下它不是一一一个号码它是好多个号码就是零二就开通但是后面尾号都不一样那您这样吧我建议的话您把您手机然后的话不是有那个安全管家嘛把那个电话号码都拉到黑名单里边好多呀他不停的电话和都不打那我这边的话也没有其他办法吗那个如果说报警的话可以吗嗯这个的话您可以问您那边讲话那边这个咱们这边给您查一下它这个电话也有结果没有嗯那我一些都说什么呃之法局让我去什么处理什么八款这个月都是诈骗电话这个您不要相信您的哦好吧他说什么东西证件接收广告那个处罚罚款但是前段时间我家有老人确实是去全国广告把我电话挂出去了那这个那这个的话我这边也没办法帮您吗您可以到警方那边去咨询一下哦好的谢谢啊那不客气祝您生活愉快哎这个我想问一下就是有没有社会上的人能够把我的手机号给停掉兄弟把您的手机号屏蔽了哦从机关因为没有应该不不行吧好吗公安机关如果说是它没有其他手段的话我这边也是不太清楚的我只要出了公安机关应该别的别的没有权利吧嗯对其他没有哦好谢谢啊,投诉（含抱怨）信息安全问题,21,1,您好很高兴为您服务[SEP]哎你好有一个号码你现在能不能帮我查到他不停的给我打电话导致我这个手机没法正常使用[SEP]是河南的电话吗[SEP]啊[SEP]是河南的电话吗[SEP]零二九十觉得显示的是陕西安康[SEP]哎哟那咱们您这样吧我建议您的话您拨打那个啥信查银行那边的话就是零二九然后幺零零八六拨打那边的客服让那边客服给您投诉一下这个号码如果是咱河南的话我这边的话给您投诉一下[SEP]它不是一一一个号码它是好多个号码就是零二就开通但是后面尾号都不一样[SEP]那您这样吧我建议的话您把您手机然后的话不是有那个安全管家嘛把那个电话号码都拉到黑名单里边[SEP]好多呀他不停的电话和都不打[SEP]那我这边的话也没有其他办法吗[SEP]那个如果说报警的话可以吗[SEP]嗯这个的话您可以问您那边讲话那边[SEP]这个咱们这边给您查一下它这个电话也有结果没有嗯那我一些都说什么呃之法局让我去什么处理什么八款[SEP]这个月都是诈骗电话这个您不要相信您的[SEP]哦[SEP]好吧[SEP]他说什么东西证件接收广告那个处罚罚款但是前段时间我家有老人确实是去全国广告把我电话挂出去了[SEP]那这个那这个的话我这边也没办法帮您吗您可以到警方那边去咨询一下[SEP]哦好的谢谢啊那不客气祝您生活愉快哎这个我想问一下就是有没有社会上的人能够把我的手机号给停掉[SEP]兄弟把您的手机号屏蔽了[SEP]哦从机关因为没有[SEP]应该不不行吧好吗公安机关如果说是它没有其他手段的话我这边也是不太清楚的[SEP]我只要出了公安机关应该别的别的没有权利吧[SEP]嗯对其他没有[SEP]哦好谢谢啊
您好请讲喂你好我刚才打电话我们家wifi坏了然后找人来修但是我一直没等到电话啊您好女士请问办咱们家庭有线宽带铁通的那个行吗对啊现在不好用的话我给您转一下铁通有线宽带好吧哦我给您转到有线宽带那边好吗如何啊请您稍等您好可以你好好的啊您好请讲您好用户反映有线宽带不好用好的请转接,投诉（含抱怨）服务问题,14,1,您好请讲[SEP]喂你好我刚才打电话我们家wifi坏了然后找人来修但是我一直没等到电话啊[SEP]您好女士请问办咱们家庭有线宽带铁通的那个行吗[SEP]对[SEP]啊现在不好用的话我给您转一下铁通有线宽带好吧[SEP]哦[SEP]我给您转到有线宽带那边好吗[SEP]如何[SEP]啊请您稍等您好可以你好[SEP]好的[SEP]啊您好请讲您好用户反映有线宽带不好用好的请转接
您好请讲你好你好我那个早晨八点的时候我那个报修了那个就是哎呀故障嗯那个那个没有了哈到时一上午也没有也没来电话也没来人也没来人请您别着急先生这个您放心咱要是反馈过了您放心肯定会有工作人员给咱们解决的它这个核实的话确实得多长时间呢这方面咱们正常的话是回复时间是在四十八小时之内但是您别着急然后之前反馈过了我们马上给您催一下有结果之后您放心肯定工作人员会第一时间联系咱们的你就可以好因为我这咋回事您的心情我们非常理解所以说咱这方面也会马上给您催促一下对您可以再等待一下您放心有结果做工作人员肯定会第一时间联系您嗯你帮我在十月份好的您别着急马上给咱们催促哦嗯好的不客气祝您生活愉快再见再见,投诉（含抱怨）服务问题,14,1,您好请讲你好你好[SEP]我那个早晨八点的时候我那个报修了那个就是哎呀故障嗯那个那个没有了哈到时一上午也没有也没来电话也没来人也没来人[SEP]请您别着急先生这个您放心咱要是反馈过了您放心肯定会有工作人员给咱们解决的它这个核实的话确实[SEP]得多长时间呢[SEP]这方面咱们正常的话是回复时间是在四十八小时之内但是您别着急然后之前反馈过了我们马上给您催一下有结果之后您放心肯定工作人员会第一时间联系咱们的[SEP]你就可以好因为我这咋回事[SEP]您的心情我们非常理解所以说咱这方面也会马上给您催促一下对您可以再等待一下您放心有结果做工作人员肯定会第一时间联系您嗯[SEP]你帮我在十月份[SEP]好的您别着急马上给咱们催促哦嗯好的不客气祝您生活愉快再见再见
您好很高兴为您服务喂您好跟刚才那那个幺零零八六给我打电话就是昨天不是有那个那个那等于是六十五啥过河南呢我也没搞明白我昨天不是要取消了吗咋弄呢我帮您查一下请稍等嗯嗯你昨天联系工作人员帮您取消这边显示没有取消呀他因为啥不给我取消了呀我给他他那打电话我给他说了我不管我用不了我话费我也不需要流量不是管不了那么多钱那我想请问女士您昨天有反应过这问题工作人员联系请问他怎么给您说的他说的那个那个就是你这个月花了六十五块钱了是吧花够嘞哎那个手机多少多少流量我还是十五十二个月还给我了我下个月不一定能花够那么多那您当时我想请问一下参加这个活动的时候工作人员邀请您开通的时候您有没有同意我没我给它给我说的是那个问题是不一样的我给他他给我说了怎么没没没有解释清楚哦您当时是可以办理是吧你这个月我没有我说我花我花不完那么多我还不够那么多钱咋弄它发不过那个多少钱是咋地我没听明白嗯嗯平常您有没有同意我没有没有同意是吗我跟他说了我话费那么多钱我不需要流量,投诉（含抱怨）服务问题,14,1,您好很高兴为您服务[SEP]喂您好跟刚才那那个幺零零八六给我打电话就是昨天不是有那个那个那等于是六十五啥过河南呢我也没搞明白我昨天不是要取消了吗咋弄呢[SEP]我帮您查一下请稍等嗯嗯你昨天联系工作人员帮您取消这边显示没有取消呀[SEP]他因为啥不给我取消了呀我给他他那打电话我给他说了我不管我用不了我话费我也不需要流量不是管不了那么多钱[SEP]那我想请问女士您昨天有反应过这问题工作人员联系请问他怎么给您说的[SEP]他说的那个那个就是你这个月花了六十五块钱了是吧花够嘞哎那个手机多少多少流量我还是十五十二个月还给我了我下个月不一定能花够那么多[SEP]那您当时我想请问一下参加这个活动的时候工作人员邀请您开通的时候您有没有同意[SEP]我没我给它给我说的是那个问题是不一样的我给他他给我说了怎么没没没有解释清楚[SEP]哦您当时是可以办理是吧[SEP]你这个月我没有我说我花我花不完那么多我还不够那么多钱咋弄它发不过那个多少钱是咋地我没听明白[SEP]嗯嗯平常您有没有同意[SEP]我没有[SEP]没有同意是吗[SEP]我跟他说了我话费那么多钱我不需要流量
您好请讲哎你好我想问一下就咱们这个就是幺零零八六为什么我现在已经接到好几次电话了然后打完电话以后没有声音哎好的女士这个请您千万不要着急请问是月结因为咱们幺零零八六的电话然后您没有听到声音对吗对而且不是打一次了是您打过来还是我们给您打过去的呢你们给我打过来啊是这样的女士这个请您不要着急我为您核实一下好吗啊昨天就打过恩好的女士是这样的女士感谢您的耐心等待因为咱们给您打电话呢有可能是有什么活动然后需要通知您一下然后可能是接到接起来的情况下咱们这个系统是有缓冲是没有声音的然后您可以稍等一下这样的话就可以听到声音了也有可能呢是系统的问题所以确实是给您带来不便了也请您见谅好吗啊因为我已经等了一会这个没有收他好像应该是打了两次或者是三次了嗯嗯那就是肯定就是在那个号段可那就不方便那是这个电话接了的时候然后还没有声音我就想问一下是为什么啊是的这个女士给您带来不便了因为咱们这个系统呢您是我们往外拨的时候会有一个缓冲的时间是系统往出拨过来再拨打所以说到人工接接听的时候呢会出现一个时间差啊有可能是这个时间是没有声音了嗯那嗯不客气的也给您带来不便了女士啊那请问您还有其他问题需要咨询吗恩没有了恩不客气的那祝您生活愉快再见哎你好,投诉（含抱怨）服务问题,14,1,您好请讲[SEP]哎你好我想问一下就咱们这个就是幺零零八六为什么我现在已经接到好几次电话了然后打完电话以后没有声音[SEP]哎好的女士这个请您千万不要着急[SEP]请问是月结[SEP]因为咱们幺零零八六的电话然后您没有听到声音对吗[SEP]对而且不是打一次了[SEP]是您打过来还是我们给您打过去的呢[SEP]你们给我打过来[SEP]啊是这样的女士这个请您不要着急我为您核实一下好吗[SEP]啊昨天就打过[SEP]恩好的女士是这样的女士感谢您的耐心等待因为咱们给您打电话呢有可能是有什么活动然后需要通知您一下然后可能是接到接起来的情况下咱们这个系统是有缓冲是没有声音的然后您可以稍等一下这样的话就可以听到声音了也有可能呢是系统的问题所以确实是给您带来不便了也请您见谅好吗[SEP]啊因为我已经等了一会这个没有收他好像应该是打了两次或者是三次了嗯嗯[SEP]那就是肯定就是在那个号[SEP]段可那就不方便那是这个电话接了的时候然后还没有声音我就想问一下是为什么[SEP]啊是的这个女士给您带来不便了因为咱们这个系统呢您是我们往外拨的时候会有一个缓冲的时间是系统往出拨过来再拨打所以说到人工接接听的时候呢会出现一个时间差啊有可能是这个时间是没有声音了[SEP]嗯[SEP]那嗯不客气的也给您带来不便了女士[SEP]啊那[SEP]请问您还有其他问题需要咨询吗恩没有了恩不客气的那祝您生活愉快再见[SEP]哎你好
您好请讲哎你好我问一下子我反馈就是说给我升成国通的卡完了今天这个这个你们这个给我打电话了它是态度有问题呀我说我返回这个东西没给我说明白完了但是他说你现用不用怎么回事的怎么态度呢虽然这个也确实非常抱歉先带来不便了那个我说我反馈这东西吧当时我也不知道因为你是八月份给我打电话就咨询国通登陆国通啊因为我返费吗三二二然后我给你打电话我说不升了已经我给您反馈了我不是说到九月份我再给你打的电话我说我不用国通因为是全国升升级了就八月份我就打过我就不升了对不对那现在这个这个问题是怎么的她给你整到二零号能能给你返回去返返不了没办法你们那怎么办他那种的说我是正常一个服务态度这个怎么这么的我说你给我属于有点欺骗性质如果没有七点就那么地你要用不用这态度是什么态度也是你们这个嗯幺零四三幺幺零零八六打过来的先生如果说咱们工作人员有什么国内银行的话希望您谅解非常抱歉给您带来不便了先生没就是没人不变因为不是每个月花便宜多少咱不说就是我不想升这个东西没没必要因为这个东西吧我也不使流量我就是打电话用的哎这个我现在给您查了一下这个处理意见行他这面显示会算遇到十五个工作日内给您回复到您原来的套餐可以吗虽然处理结果里面是这样显示的辉也不玩玩你要保证就能恢复上是不是啊请问当时回复的时候是怎么所以说有没有送帮您他说等到二十二十号恢复就恢复恢复不了我没办法都挺好它是显示会在七到十五个工作日之内给您恢复原来资费我这边谢谢然后先生您可以关注一下它稍后会有短信区的啊那好了等到到到到十五个工作日之后再看一下子呗就是恩可以嗯行哎好了麻烦你了啊不客气先生那请问还有其他问题需要帮您没有了没有了哎祝您生活愉快再见,投诉（含抱怨）服务问题,14,1,您好请讲[SEP]哎你好我问一下子我反馈就是说给我升成国通的卡完了今天这个这个你们这个给我打电话了它是态度有问题呀我说我返回这个东西没给我说明白完了但是他说你现用不用怎么回事的怎么态度呢[SEP]虽然这个也确实非常抱歉先[SEP]带来不便了那个我说我反馈这东西吧当时我也不知道因为你是八月份给我打电话就咨询国通登陆国通啊因为我返费吗三二二然后我给你打电话我说不升了已经我给您反馈了我不是说到九月份我再给你打的电话我说我不用国通因为是全国升升级了就八月份我就打过我就不升了对不对那现在这个这个问题是怎么的她给你整到二零号能能给你返回去返返不了没办法你们那怎么办他那种的说我是正常一个服务态度这个怎么这么的我说你给我属于有点欺骗性质如果没有七点就那么地你要用不用这态度是什么态度也是你们这个嗯幺零四三幺幺零零八六打过来的[SEP]先生如果说咱们工作人员有什么国内银行的话希望您谅解非常抱歉给您带来不便了先生[SEP]没就是没人不变因为不是每个月花便宜多少咱不说就是我不想升这个东西没没必要因为这个东西吧我也不使流量我就是打电话用的哎[SEP]这个我现在给您查了一下这个处理意见行他这面显示会算遇到十五个工作日内给您回复到您原来的套餐[SEP]可以吗[SEP]虽然处理结果里面是这样显示的辉[SEP]也不玩玩你要保证就能恢复上是不是啊[SEP]请问当时回复的时候是怎么所以说有没有送帮您[SEP]他说等到二十二十号恢复就恢复恢复不了我没办法[SEP]都[SEP]挺好[SEP]它是显示会在七到十五个工作日之内给您恢复原来资费我这边[SEP]谢谢[SEP]然后先生您可以关注一下它稍后会有短信区的[SEP]啊那好了等到到到到十五个工作日之后再看一下子呗就是[SEP]恩可以[SEP]嗯行哎好了麻烦你了啊[SEP]不客气先生[SEP]那请问还有其他问题需要帮您没有了没有了哎[SEP]祝您生活愉快再见
您好很高兴为您服务我这个手机卡都是网速来慢的很我们系统现在没有这种限速这个功能了现在不也不会在限速那个那那么我希望你们嘞,投诉（含抱怨）网络问题,19,1,您好很高兴为您服务[SEP]我这个手机卡都是网速来慢的很[SEP]我们系统现在没有这种限速这个功能了现在不也不会在限速[SEP]那个那那么我希望你们嘞
您好请讲不是那个我问一下为啥上我的那个跟网都g网啊呃您是说您这个手机但是网络不好是吗嗯对哦是这样女士您是周围用户都有这个情况吗还是说需要明天您是这样的不是我已经是移动卡哇我跟另外一个我同学我们俩都四g查怎么回事我们这块行行行我刚才新号码也挺好的哦就是只有您是这样是吗呃差不多吧哦您这样女士我现在帮您修复一下您的手机网络哦刷新一下然后您这样建议您两分钟之后呢重新启动哦重新启动一下手机然后您看看的话可不可以如果还是不行的话呢直接拨打我们幺零零八六的这个人工台我们再帮您进行反馈一下啊行好的您这个我现在已经帮您刷新了请问还有什么可以帮您吗啊没了谢谢,投诉（含抱怨）网络问题,19,1,您好请讲不是[SEP]那个我问一下为啥上我的那个跟网都g网啊[SEP]呃您是说您这个手机但是网络不好是吗[SEP]嗯对[SEP]哦是这样女士您是周围用户都有这个情况吗还是说需要明天您是这样的不是我[SEP]已经是移动卡哇我跟另外一个我同学我们俩都四g查怎么回事我们这块行行行我刚才新号码也挺好的[SEP]哦就是只有您是这样是吗[SEP]呃差不多吧[SEP]哦您这样女士我现在帮您修复一下您的手机网络哦刷新一下然后您这样建议您两分钟之后呢重新启动哦重新启动一下手机然后您看看的话可不可以如果还是不行的话呢直接拨打我们幺零零八六的这个人工台我们再帮您进行反馈一下啊行好的您这个我现在已经帮您刷新了请问还有什么可以帮您吗[SEP]啊没了谢谢
您好请讲啊不客气听见我说话吧可以请问有什么可以帮您的那你让你给我查一下我这个卡最近怎么信号这么不好呢呃请问是上不了网了吗啊就是说的接听电话的时候基本上我兑换个听见我说话之后老公卡了周围用户情况怎么样啊请问其他人的手机有这样的情况吗其他人啊对您旁边其他在移动用户他们有没有这种情况呀没有我我就是这月这一个说一月份从信号一直都能好叻啊就是别人都正常就您自己出现了这种情况是吗对呀那这种情况您需要把卡取出来放到别的手机测试一下他是说这张卡的问题因为这个用户他都能正常的使用它网络是正常的它这个卡这个前提呢卡或者手机的问题如果您的卡在别的手机看能正常的使用有没有这种现象那是什么是手机出现故障了如果您换了手机的还是这种情况的是您这卡本身的问题这个时候您需要这张卡的身份证到营业厅检测如果这卡有故障需要换卡再使用哦那您稍后可以换部手机试试吧好嘛我看看二十,投诉（含抱怨）网络问题,19,1,您好请讲[SEP]啊不客气听见我说话吧[SEP]可以请问有什么可以帮您的[SEP]那你让你给我查一下我这个卡最近怎么信号这么不好呢[SEP]呃请问是上不了网了吗啊[SEP]就是说的接听电话的时候[SEP]基本上[SEP]我兑换个听见我说话之后老公卡了[SEP]周围用户情况怎么样啊请问其他人的手机有这样的情况吗[SEP]其他人[SEP]啊对您旁边其他在移动用户他们有没有这种情况呀[SEP]没有我我就是这月这一个说一月份从信号一直都能好叻[SEP]啊就是别人都正常就您自己出现了这种情况是吗[SEP]对呀[SEP]那这种情况您需要把卡取出来放到别的手机测试一下他是说这张卡的问题因为这个用户他都能正常的使用它网络是正常的[SEP]它这个卡这个前提呢[SEP]卡或者手机的问题如果您的卡在别的手机看能正常的使用有没有这种现象那是什么是手机出现故障了如果您换了手机的还是这种情况的是您这卡本身的问题这个时候您需要这张卡的身份证到营业厅检测如果这卡有故障需要换卡再使用[SEP]哦[SEP]那您稍后可以换部手机试试吧好嘛[SEP]我看看二十
您好请讲喂你好啊我这里是二道区东盛大街与龙王路交汇不算差多呃我就是想投诉一个就是我们这个嗯那个移动信号不好额请稍等我帮您反馈嗯嗯啊我问一下你这块记录请留一个手机电话幺三五幺三五七八八九七八八九三七三零三七三零请稍等这问题我帮您反馈一下请问是有时候但是我无法使用还是就是现在是没有信号的就是打打电话之后然后就没有声音了请问是网络还是呃就是移动信号嗯就是拨打手机移动数据移动信号不好嗯然后那个说话的时候然后也拨通不了电话嗯呃地址是什么东盛大街都盛大街与农光路交汇啊请稍等啊都是那天有什么优惠人工路交汇呢就是光荣的荣而且到嗯荣光路哦人工路交汇嗯然后具体的和长城啊时间开通不全长途是吗啊就是啊请问是手机上呃手机打电话还有上网都不好用是不是嗯对都不好用请问就我的这个有这种现象吗嗯一直都是这样的然后都投诉好几回了嗯然后也没有个给我个准确给的解决方法啊这个问题有我帮您反馈请稍等嗯嗯好的跟啊祝您生活愉快呃这个已经反馈上去了女士恩好然后您等待一下好嘛嗯嗯好的那谢谢您祝您生活愉快再见,投诉（含抱怨）网络问题,19,1,您好请讲[SEP]喂你好啊我这里是二道区东盛大街与龙王路交汇不算差多呃我就是想投诉一个就是我们这个嗯那个移动信号不好[SEP]额请稍等我帮您反馈[SEP]嗯嗯[SEP]啊[SEP]我问一下你这块记录[SEP]请留一个手机电话[SEP]幺三五[SEP]幺三五[SEP]七八八九[SEP]七八八九[SEP]三七三零[SEP]三七三零请稍等这问题我帮您反馈一下请问是有时候但是我无法使用还是[SEP]就是现在是没有信号的就是打打电话之后然后就没有声音了[SEP]请问是网络还是[SEP]呃就是移动信号嗯就是拨打手机移动数据移动信号不好嗯然后那个说话的时候然后也拨通不了电话嗯[SEP]呃地址是什么东盛大街[SEP]都盛大街与农光路交汇[SEP]啊请稍等[SEP]啊[SEP]都是那天有什么优惠[SEP]人工路交汇呢就是光荣的荣而且到嗯荣光路[SEP]哦人工路交汇嗯然后具体的和长城[SEP]啊时间开通[SEP]不全长途是吗[SEP]啊就是[SEP]啊请问是手机上呃手机打电话还有上网都不好用是不是[SEP]嗯对都不好用[SEP]请问就我的这个有这种现象吗[SEP]嗯一直都是这样的然后都投诉好几回了嗯然后也没有个给我个准确给的解决方法[SEP]啊这个问题有我帮您反馈请稍等[SEP]嗯嗯好的[SEP]跟啊祝您生活愉快呃这个已经反馈上去了女士[SEP]恩好然后您等待一下好嘛嗯嗯好的[SEP]那谢谢您祝您生活愉快再见
您好请讲您好支付宝人现在手机有信号接电话功能不好用嗯好的转吧好的您好很高兴为您服务喂你好我麻烦问你事啊嗯嗯您说我这个手机吧知道外打那边打不进来什么原因我想问一下就是您现在状态是正常的但是别人给您打电话打不进来呀是吗对对对对往出打正常吗先生往出打正常啊那比如说别人给您打电话打不进来对方是怎么提示的知道吗一个是正在通话中第二个是无法接通就是要么提示无法接通要么提示正在通话中是吗订对对对对对啊请问有没有把卡放到别的手机上是是这样先生我都试过了都试过了都不好用啊在不好用呃有没有在手机上取消一下那个呼叫转移是谁呀先生我没有啊我不会整那个完的就是有的时候咱们不小心可能就是就是把那个手机的那个无条件呼叫转移就启动了我建议您可以给它取消一下试试行吗我没有那个呼叫转移呀我没有别的电话没有什么呼叫呼叫转移就是你麻烦你给我看一下可以吗这个关键是咱们系统看不到您得在手机上操作取消一下要不然我把取消方式给您发过去然后您要是取消一下试试呢行吗先生完了好的谢谢不客气稍等一下啊别挂我给您发过去好的先生感谢您的耐心等待这个我已经给您发过去了然后您这个它这个操作一下看好不好用有问题您随时跟我们联系停办好的谢谢哎不客气那祝您生活愉快再见和再见,投诉（含抱怨）网络问题,19,1,您好请讲您好支付宝人现在手机有信号接电话功能不好用嗯好的转吧好的您好很高兴为您服务喂[SEP]你好我麻烦问你事啊[SEP]嗯嗯您说[SEP]我这个手机吧知道外打那边打不进来什么原因我想问一下[SEP]就是您现在状态是正常的但是别人给您打电话打不进来呀是吗对对对对往出打正常吗先生[SEP]往出打正常[SEP]啊那比如说别人给您打电话打不进来对方是怎么提示的知道吗[SEP]一个是正在通话中第二个是无法接通[SEP]就是要么提示无法接通要么提示正在通话中是吗订[SEP]对对对对对[SEP]啊请问有没有把卡放到别的手机上是是这样先生[SEP]我都试过了[SEP]都试过了都不好用[SEP]啊在不好用呃[SEP]有没有在手机上取消一下那个呼叫转移是谁呀先生[SEP]我没有啊我不会整那个完的[SEP]就是有的时候咱们不小心可能就是就是把那个手机的那个无条件呼叫转移就启动了我建议您可以给它取消一下试试行吗[SEP]我没有那个呼叫转移呀我没有别的电话没有什么呼叫呼叫转移就是你麻烦你给我看一下可以吗[SEP]这个关键是咱们系统看不到您得在手机上操作取消一下要不然我把取消方式给您发过去然后您要是取消一下试试呢行吗先生完了好的谢谢不客气稍等一下啊别挂我给您发过去好的先生感谢您的耐心等待这个我已经给您发过去了然后您这个它这个操作一下看好不好用有问题您随时跟我们联系停办[SEP]好的谢谢[SEP]哎不客气那祝您生活愉快再见和再见
谢谢啊您好很高兴为您服务哎哎你好我问一下为什么这个月我的那个呃送了两个g的流量怎么没有了帮我看一下嗯给你好的再见您好赠送的话那个是送了六个月到期就没了不是应该十二个月吧不是六个月就是六个月的哦对哎这个就是那个一开始就送六个月是吧时候就没有了,投诉（含抱怨）营销问题,18,1,谢谢啊[SEP]您好很高兴为您服务哎[SEP]哎你好我问一下为什么这个月我的那个呃送了两个g的流量怎么没有了[SEP]帮我看一下[SEP]嗯[SEP]给你好的再见您好赠送的话那个是送了六个月到期就没了[SEP]不是应该十二个月吧[SEP]不是六个月[SEP]就是六个月的[SEP]哦对哎[SEP]这个就是那个一开始就送六个月是吧时候就没有了
这个您好很高兴为您服务好的哎你好我那天不是幺零零八六给我发个信息回复三三多少然后就十九块钱有二十兆流量怎么没有到账啊活动呀当时您买二十个g的省内流量在七号的时候买的花了十六块九毛九的到二十个g的省内流量现在流量可以使用七天七天之后自动没有的这个已经到账了哦已经到账了是吧对好好好好嗯好请问还有其他可以帮您的吗没有没有我就是问一下查了一下我的流量反正上面都没有我看您号码上流量剩余情况吧截止到现在的您可以看看短信请您放心只要在河南省就可以使用好吗好好恩好请问还有别的问题吗怎么样,投诉（含抱怨）营销问题,18,1,这个您好很高兴为您服务[SEP]好的哎你好我那天不是幺零零八六给我发个信息回复三三多少然后就十九块钱有二十兆流量怎么没有到账啊[SEP]活动呀当时您买二十个g的省内流量在七号的时候买的花了十六块九毛九的到二十个g的省内流量现在流量可以使用七天七天之后自动没有的这个已经到账了哦已经到账了是吧对[SEP]好好好好嗯好[SEP]请问还有其他可以帮您的吗[SEP]没有没有我就是问一下查了一下我的流量反正上面都没有[SEP]我看您号码上流量剩余情况吧截止到现在的您可以看看短信请您放心只要在河南省就可以使用好吗[SEP]好好恩好请问还有别的问题吗怎么样
您您好请讲那个问一下就是说嗯返我这三十块钱呢到现在还没到账呢请您稍等我帮您查询一下这样的先生您是说之前当然您给您返费的三十元目前都没有给您返还对吗啊对呀请您稍等我帮您看一下这个呢给您当然给您返还的日子呢是在什么时候答应给您返还的呢七个工作日吗七个工作日那是您哪一日是上报这个问题呢这都是这个月大上个月了都请您稍等我帮您看一下过去一个多月了帮您看了一下是在七到十五个工作日给您返还啊对呀然后呢目前还没有给您返还对吗啊对请您稍等转接这个二这样我能帮您把这个问题重新上报一下您看可以吗嗯行好的请您稍等嗯嗯对请吧差不多可以好吧清零给我您好对服务好的哦对再见您好先生这样这个问题呢我就给您上报上去了在四十八小时之内呢会给您回复电话的请问您还有其他业务需要咨询吗嗯其他的那个那祝您生活愉快再见嗯哎,投诉（含抱怨）营销问题,18,1,您您好请讲那个问一下就是说嗯返我这三十块钱呢到现在还没到账呢[SEP]请您稍等我帮您查询一下这样的先生您是说之前当然您给您返费的三十元目前都没有给您返还对吗啊对呀请您稍等我帮您看一下这个呢给您当然给您返还的日子呢是在什么时候答应给您返还的呢[SEP]七个工作日吗[SEP]七个工作日那是您哪一日是上报这个问题呢[SEP]这都是这个月大上个月了都[SEP]请您稍等我帮您看一下[SEP]过去一个多月了[SEP]帮您看了一下是在七到十五个工作日给您返还[SEP]啊对呀[SEP]然后呢目前还没有给您返还对吗[SEP]啊对[SEP]请您稍等[SEP]转接这个二[SEP]这样我能帮您把这个问题重新上报一下您看可以吗[SEP]嗯行好的请您稍等嗯嗯[SEP]对[SEP]请吧差不多[SEP]可以[SEP]好吧清零给我您好对服务好的哦[SEP]对[SEP]再见[SEP]您好先生这样这个问题呢我就给您上报上去了在四十八小时之内呢会给您回复电话的请问您还有其他业务需要咨询吗[SEP]嗯其他的那个[SEP]那祝您生活愉快再见[SEP]嗯哎
恩您好高兴服务哎你好我这我这个号刚才刚才他给我发了送断送话费嘞你看我发过去了她说又扣是免费的就不免费呀那就是免费的就是它这个的话是帮您看一下是预存四十八块钱就四十八块钱是分摊话费每月会返还十四块返还十二个月另外再送您两百分钟的国内通话送十二个月七十八块钱多多长时间分摊话费对对这四十八是分摊话费每个月分摊四块分摊十二个月每个月那七十八块钱分那十二个月二十八四十八那上面说的是七十八呀四十八不是七十八那他发信息发错了他没有他发的信息是您已成功参与存费送国内通话时长七十八元及以上档次活动这个七十八指的是您的套餐您使用七十八以上套餐可以参加这个活动他不是说扣了您七十八哦哦是这样啊那这每个月才送多少话费呀每个月送两百分钟的全国通话还有四块钱的话费那还还有十十块钱的话费对每月返还您四块钱这分摊话费每个月扣给我扣十块钱返还您四块是给您手机充四块钱话费先生不是我的名字办那四十八元从哪个什么时间扣从什么什么时间呢它从这个月月底开始给您充话费每月给您充四块从十二个月这是免费的是啊哦,投诉（含抱怨）营销问题,18,1,恩您好高兴服务[SEP]哎你好我这我这个号刚才刚才他给我发了送断送话费嘞你看我发过去了她说又扣是免费的就不免费呀[SEP]那就是免费的就是它这个的话是帮您看一下是预存四十八块钱就四十八块钱是分摊话费每月会返还十四块返还十二个月另外再送您两百分钟的国内通话送十二个月[SEP]七十八块钱多多长时间分摊话费对[SEP]对这四十八是分摊话费每个月分摊四块分摊十二个月[SEP]每个月那七十八块钱分那十二个月二十八[SEP]四十八[SEP]那上面说的是七十八呀[SEP]四十八不是七十八[SEP]那他发信息发错了[SEP]他没有他发的信息是您已成功参与存费送国内通话时长七十八元及以上档次活动这个七十八指的是您的套餐您使用七十八以上套餐可以参加这个活动他不是说扣了您七十八[SEP]哦哦是这样啊那这每个月才送多少话费呀[SEP]每个月送两百分钟的全国通话还有四块钱的话费[SEP]那还还有十十块钱的话费[SEP]对每月返还您四块钱[SEP]这分摊话费每个月扣给我扣十块钱[SEP]返还您四块是给您手机充四块钱话费先生不是我的名字办[SEP]那四十八元从哪个什么时间扣从什么什么时间呢[SEP]它从这个月月底开始给您充话费每月给您充四块从十二个月[SEP]这是免费的[SEP]是啊[SEP]哦
啊您好很高兴为您服务你好那个我刚才打那个幺零零八六然后问然后开通那个流量六十块钱二十个g还是三十个g好好那个两个月之内用完然后他说幺八三三毛九查话费打幺零零八六然后幺零零八六给我回复了是怎么不正确不正确是吧我看您是什么时间办理的是今天刚办的吗刚刚刚刚啊对对我看到了那就像您表道歉道我们刚接到通知这个业务好像是今天好像是停办了对查一下你说三三十八九六十块钱包三十个g是吧对他刚才给我说的是在呃就是我打电话你们那边把你已经不行啦他说对对对对我这边办理不了了啊那您这样的话呃您您可以那个先不要先不用发短信因为我们现在这边刚停的对我看一下就说您可以等到我看一下哈您看您今天下午有空没有我没时间去营业厅要不然您不用去营业厅下午您打我们幺零零八六我们一般下午看身边可以办因为现在已经到中午十二点不能办当月您到下午那个三十点就是两三点了三点给我们打电话已经帮您开下午绑定白天给我打电话刚才我打电话他跟我说的是这个嗯用手机他他他给我打电话的时候就说在电话里面沟通他那边办不了他说你可以发短信啊啊对对发短信主要您刚才说咱们系统显示也办理不了对就只能通过人幺零零八六这边我给您开通的我们这边给您看那第二还是十一点四十五啊十一点对因为他一般这个开通他他这个是有时间一般下午都是两就这个我这个时间我也不能给您确定的一般都是两点后我们才能办理是这样的对对您要是您的现在您要是比较比较着急用的话就等到下午再开您到时候下午两三点以后我们打个电话光打幺零零八六开就行了也不用去营业厅我我们这边给您办理好行好不客气啊,投诉（含抱怨）营销问题,18,1,啊[SEP]您好很高兴为您服务[SEP]你好那个我刚才打那个幺零零八六然后问然后开通那个流量六十块钱二十个g还是三十个g好好那个两个月之内用完然后他说幺八三三毛九查话费打幺零零八六然后幺零零八六给我回复了是怎么不正确[SEP]不正确是吧我看您是什么时间办理的是今天刚办的吗[SEP]刚刚刚刚[SEP]啊对对我看到了那就像您表道歉道我们刚接到通知这个业务好像是今天好像是停办了对查一下你说三三十八九六十块钱包三十个g是吧[SEP]对他刚才给我说的是在呃就是我打电话你们那边把你已经不行啦他说对对对对我这边办理不了了[SEP]啊那您这样的话呃您您可以那个先不要先不用发短信因为我们现在这边刚停的对我看一下就说您可以等到我看一下哈您看您今天下午有空没有[SEP]我没时间去营业厅[SEP]要不然您不用去营业厅下午您打我们幺零零八六我们一般下午看身边可以办因为现在已经到中午十二点不能办当月您到下午那个三十点就是两三点了三点给我们打电话已经帮您开下午[SEP]绑定白天给我打电话刚才我打电话他跟我说的是这个嗯用手机他他他给我打电话的时候就说在电话里面沟通他那边办不了他说你可以发短信啊啊对对发短信主要您刚才说咱们系统显示也办理不了对就只能通过人幺零零八六这边我给您开通的[SEP]我们这边给您看[SEP]那第二还是十一点四十五啊[SEP]十一点对因为他一般这个开通他他这个是有时间一般下午都是两就这个我这个时间我也不能给您确定的一般都是两点后我们才能办理是这样的对对您要是您的现在您要是比较比较着急用的话就等到下午再开您到时候下午两三点以后我们打个电话光打幺零零八六开就行了也不用去营业厅我我们这边给您办理[SEP]好行好不客气啊
您好实习生八五四八很高兴服务哎你好我想问一下呃我那刚才不是开通了那个七元这不是九元包包两个g的这个那么但是我不知道为啥他上面他说我流量用完璧还扣费呀再见您在省内用吗我在省内用啊,投诉（含抱怨）费用问题,12,1,您好实习生八五四八很高兴服务[SEP]哎你好我想问一下呃我那刚才不是开通了那个七元这不是九元包包两个g的这个那么但是我不知道为啥他上面他说我流量用完璧还扣费呀[SEP]再见您在省内用吗[SEP]我在省内用啊
您好很高兴为您服务我上个月那个上个月话费没关掉查查一下我查一下啊您稍等感谢等待上个月没返他在昨天已经给您补返了我把这个返还记录发给您了二十三没有昨天补办的对昨天上午九点半已经返还给您了哦它那个信息发过来就是专项费用余额还是移动公司了哦我看看啊这个可以直接使用的直接就可以冲减您套餐了什么都可以用我要改会显示余额您拨打幺零零八六幺幺可以查到他查查他那边它是那种他是专项余额二十多对我都都在这嗯但这个用的话可以用的呀可以直接出现您的套餐先用这部分余额哦这样啊还有其他需要帮您吗好了好了,投诉（含抱怨）费用问题,12,1,您好很高兴为您服务[SEP]我上个月那个上个月话费没关掉查查一下[SEP]我查一下啊您稍等感谢等待上个月没返他在昨天已经给您补返了我把这个返还记录发给您了二十三[SEP]没有昨天补办的[SEP]对昨天上午九点半已经返还给您了[SEP]哦它那个信息发过来就是专项费用余额还是移动公司了[SEP]哦我看看啊这个可以直接使用的直接就可以冲减您套餐了什么都可以用[SEP]我要改会显示余额[SEP]您拨打幺零零八六幺幺可以查到[SEP]他查查他那边它是那种他是专项余额二十多[SEP]对我都都在这嗯但这个用的话可以用的呀可以直接出现您的套餐先用这部分余额哦这样啊还有其他需要帮您吗[SEP]好了好了
你好您好请讲哎你好怎么样您好请讲没命三才能用的为什么我这来给我扣十九号二十二呢以后您好您是说给您扣多少钱啊是幺二幺二诶它这个的话具体的详情呢我可以帮您转接到账单查询您看需要吗支付宝现在我不知道我家现在无故了我扣十分钟吗您这张卡的话您自己有一个套餐额外的话您打了一个电话啊我是说您这张卡的话您有一个十八元的套餐额外的话您打了一个电话可以就扣费了啊给我很抱歉先生女士您那边的话我跟真的太听清二十您好请讲我为啥给我扣了是包含二啊女士那我刚才跟您说的您没有听到吗那个我刚才这样太少了我是说您有一个飞享套餐十八元钱每个月固定扣除哦那那一块二的话是不是您那个一块五毛啊是您自己打电话了所以它就扣了啊请问还有其他问题吗不客气谢谢祝您生活愉快,投诉（含抱怨）费用问题,12,1,你好[SEP]您好请讲哎你好怎么样您好请讲没命[SEP]三才能用的为什么我这来给我扣十九号二十二呢以后您好[SEP]您是说给您扣多少钱啊是幺二幺二诶它这个的话具体的详情呢我可以帮您转接到账单查询您看需要吗[SEP]支付宝[SEP]现在我不知道[SEP]我家现在无故了我扣十分钟吗[SEP]您这张卡的话您自己有一个套餐额外的话您打了一个电话啊我是说您这张卡的话您有一个十八元的套餐[SEP]额外的话您打了一个电话可以就扣费了啊给我[SEP]很抱歉先生女士您那边的话我跟真的太听清[SEP]二十[SEP]您好请讲[SEP]我为啥给我扣了是包含二啊女士那我刚才跟您说的您没有听到吗那个我刚才这样太少了[SEP]我是说您有一个飞享套餐十八元钱每个月固定扣除哦那那一块二的话是不是您那个一块五毛啊是您自己打电话了所以它就扣了[SEP]啊请问还有其他问题吗不客气谢谢祝您生活愉快
请讲哎我跟你说个事呗因为我这个卡这两个月开始是八块钱月租应该是没有月租是十块钱最低消费完了今天我上我们移动大厅我感我把我那个套餐有改成原先那个十块钱最低消费了完了那个为啥改因为我现在要要那个现在月租扣了还是八元月租套餐我那五十分分钟数有没有了因为您把改了所以那个分钟数之后a一分钟是套餐里的它就自动没有了自动那我不月租扣完了这样吧如果您要是对这个费用有疑义的情况下我可以给您做记录在商品块但是您改套餐改完之后的话确实的分钟数就没有了那我月租白扣了我说那五分钟一分钟没啥呢八块钱再扣了先生这个是在自己要求进行改个啊那就是钱扣完了分钟数没有货搁那个下个月按按下月开始了呗是那意思如果您当时办理的套餐办的是从下月生效的呢分钟数这个月能正常使用但是您办的是当月生效的所以这个月的套餐就立即没有了啊那还是当月生效还是下月生效的呢对呀号里面有来电安排那行那我知道了麻烦你了打扰你啊没关系请问还有什么可以帮助您的没了,投诉（含抱怨）费用问题,12,1,请讲[SEP]哎我跟你说个事呗因为我这个卡这两个月开始是八块钱月租应该是没有月租是十块钱最低消费完了今天我上我们移动大厅我感我把我那个套餐有改成原先那个十块钱最低消费了完了那个为啥改因为我现在要要那个现在月租扣了还是八元月租套餐我那五十分分钟数有没有了[SEP]因为您把改了所以那个分钟数之后a一分钟是套餐里的它就自动没有了[SEP]自动那我不月租扣完了[SEP]这样吧如果您要是对这个费用有疑义的情况下我可以给您做记录在商品块但是您改套餐改完之后的话确实的分钟数就没有了[SEP]那我月租白扣了我说那五分钟一分钟没啥呢八块钱再扣了[SEP]先生这个是在自己要求进行改个[SEP]啊那就是钱扣完了分钟数没有货搁那个下个月按按下月开始了呗是那意思[SEP]如果您当时办理的套餐办的是从下月生效的呢分钟数这个月能正常使用但是您办的是当月生效的所以这个月的套餐就立即没有了[SEP]啊那还是当月生效还是下月生效的呢[SEP]对呀[SEP]号里面有来电安排那行那我知道了麻烦你了打扰你啊[SEP]没关系请问还有什么可以帮助您的[SEP]没了
先生您好请讲就刚才说查那个我这个话费这个你这怎么整的呢嗯请问话费怎么了就是昨天下午我这个四点半的时候打电话查话费发现还有九十四块多呢这今天早上是不就欠费四十六块多了就怎么整的我什么都没动他就怎么就这样式了呢呃这个请您不要着急请问有没有查询一下本卡的消费账单看具体都扣什么费用呢我没有啊我我这我这也不会查呀他这么大事了我这都六十多了你这突然接到电话要是欠费了如果登陆那您那您先不要着急首先我在这帮您转到自动台您按照给您听一下本卡的呃消费账单看具体都扣了什么费用申请的时候镇那块不是军人我就正常设置也不整这些玩意你们这说扣的哗哗哗就给扣扣这么多诶这个这个这个地方就是帮忙整那啥我这都正常六十多了你说这承担你们这是呗现在您刚说的这种情况的话先生您不要着急针对您这张卡您说这张卡里的这个收费现在觉得不对了首先我在这呢也帮您转到自动您按照提示听一下本卡的这个消费账单看具体扣的是什么费用查完之后觉得哪个话费扣得有疑问的话可以第一时间再联系我们的很抱歉这我也不懂这玩意这这么大事就是它但是它我怎么听不懂你们你们那些东西你说完就就你们这帮忙我这正常是你就帮我忙这这个也不能这么整这玩意这个消费账单的话我这块无法直接核实到所以说才帮您转到自动台按照提示您听一下的啊就提示我这我也不不懂不清怎么整啊行你先机主姓名是,投诉（含抱怨）费用问题,12,1,先生[SEP]您好请讲[SEP]就刚才说查那个我这个话费这个你这怎么整的呢[SEP]嗯请问话费怎么了[SEP]就是昨天下午我这个四点半的时候打电话查话费发现还有九十四块多呢这今天早上是不就欠费四十六块多了就怎么整的我什么都没动他就怎么就这样式了呢[SEP]呃这个请您不要着急请问有没有查询一下本卡的消费账单看具体都扣什么费用呢[SEP]我没有啊我我这我这也不会查呀他这么大事了我这都六十多了你这突然接到电话要是欠费了如果登陆那您[SEP]那您先不要着急首先我在这帮您转到自动台您按照给您听一下本卡的呃消费账单看具体都扣了什么费用[SEP]申请的时候镇那块不是军人我就正常设置也不整这些玩意你们这说扣的哗哗哗就给扣扣这么多诶这个这个这个地方就是帮忙整那啥我这都正常六十多了你说这承担你们这是呗[SEP]现在您刚说的这种情况的话先生您不要着急针对您这张卡您说这张卡里的这个收费现在觉得不对了首先我在这呢也帮您转到自动您按照提示听一下本卡的这个消费账单看具体扣的是什么费用查完之后觉得哪个话费扣得有疑问的话可以第一时间再联系我们的很抱歉[SEP]这我也不懂这玩意这这么大事就是它但是它我怎么听不懂你们你们那些东西你说完就就你们这帮忙我这正常是你就帮我忙这这个也不能这么整这玩意[SEP]这个消费账单的话我这块无法直接核实到所以说才帮您转到自动台按照提示您听一下的[SEP]啊就提示我这我也不不懂不清怎么整啊行你先机主姓名是
您好，很高兴为您服务。你好呀，这个号码想设置呼叫转移要怎么操作啊？您是所有来电都要转走吗？您知道密码吧？如果不知道的话，可以到手机上自行设置。不过要注意，如果呼叫转移成功的话，会按分钟收费，每分钟0.1元。我这就把设置方法发给您，稍后按照短信提示操作就可以了。还有其他方式我也一并发给您，随时可以取消。感谢您的来电，不客气。请问还有其他需要帮助的吗？没有了。,办理下载/设置,0,0,您好[SEP]很高兴为您服务[SEP]你好呀[SEP]这个号码想设置呼叫转移要怎么操作啊[SEP]您是所有来电都要转走吗[SEP]您知道密码吧[SEP]如果不知道的话[SEP]可以到手机上自行设置[SEP]不过要注意[SEP]如果呼叫转移成功的话[SEP]会按分钟收费[SEP]每分钟0.1元[SEP]我这就把设置方法发给您[SEP]稍后按照短信提示操作就可以了[SEP]还有其他方式我也一并发给您[SEP]随时可以取消[SEP]感谢您的来电[SEP]不客气[SEP]请问还有其他需要帮助的吗[SEP]没有了[SEP]
您好，很高兴为您服务。你好，这个号码想开通呼叫转移应该怎么做呢？您是所有的来电都要转接吗？您记得密码吗？如果不太清楚的话，可以去手机上自己设置。需要注意的是，一旦开启呼叫转移，就会按分钟计费，每分钟0.1元。我现在把操作步骤发给您，按照短信内容就能完成设置。另外还有其他方式也一并发送，您可以随时关闭。感谢您的咨询，不用谢。还有别的问题吗？没有了。,办理下载/设置,0,0,您好[SEP]很高兴为您服务[SEP]你好[SEP]这个号码想开通呼叫转移应该怎么做呢[SEP]您是所有的来电都要转接吗[SEP]您记得密码吗[SEP]如果不太清楚的话[SEP]可以去手机上自己设置[SEP]需要注意的是[SEP]一旦开启呼叫转移[SEP]就会按分钟计费[SEP]每分钟0.1元[SEP]我现在把操作步骤发给您[SEP]按照短信内容就能完成设置[SEP]另外还有其他方式也一并发送[SEP]您可以随时关闭[SEP]感谢您的咨询[SEP]不用谢[SEP]还有别的问题吗[SEP]没有了[SEP]
对话内容：您好您好请讲哎你好你给我那个呃那个这个手机里彩铃给我换一下呗我原先是那个他们现在彩铃都能的声音的都忘了都是了谢谢好的请稍等一下啊我问一下我那天提示嗯女士您是说您的这个彩铃怎么了我想就换一个彩铃听为什么就东西喂你好我在听了女士您说一下您现在说什么我这现在这彩铃打一个电话一个升一个打一个电话一个彩铃啊就您现在彩铃循环播放的您是想给他改成了一个是吧对呀拨打幺二五三零人工台然后跟他说就行这些完了费用还是不花还是是不还是这个费用您打幺二五三零是正常收通话费的啊那行嗯请问还有其他能帮助到您的吗没有了没有了,办理下载/设置,0,0,对话内容：您好您好请讲哎你好你给我那个呃那个这个手机里彩铃给我换一下呗我原先是那个他们现在彩铃都能的声音的都忘了都是了谢谢好的请稍等一下啊我问一下我那天提示嗯女士您是说您的这个彩铃怎么了我想就换一个彩铃听为什么就东西喂你好我在听了女士您说一下您现在说什么我这现在这彩铃打一个电话一个升一个打一个电话一个彩铃啊就您现在彩铃循环播放的您是想给他改成了一个是吧对呀拨打幺二五三零人工台然后跟他说就行这些完了费用还是不花还是是不还是这个费用您打幺二五三零是正常收通话费的啊那行嗯请问还有其他能帮助到您的吗没有了没有了
对话内容：您好请讲哎你好那个我想把我这个我把我手机那个彩铃设置成那个嗯你所拨打的电话无法接通呃女士我们这边直接给您设不了彩铃我们只能负责帮您开彩铃这项业务的话谢谢请您先讲啊开完了之后完我今天下载完直接设置才可以啊对但是说您开完彩铃业务之后您得需要拨打幺二五三零去问一下他们人工服务有没有这样的铃音如果有的话您就可以进行设置给我查一下五十你这边给我开通我说打幺二五三零完再在那边再跟他说对或者是说我因为我不确定他们现在有没有这种这种下个季度您也可以先问一下他们如果有这种铃音之后您再办理这个彩铃要不然您办完之后设不了的话可能就得扣钱了就白瞎这个费用了啊好的好的谢谢啊不客气自己然后打幺二五三零是正常收通话费的啊好的好的支付宝谢谢啊不客气对祝您节日愉快再见再见,办理下载/设置,0,0,对话内容：您好请讲哎你好那个我想把我这个我把我手机那个彩铃设置成那个嗯你所拨打的电话无法接通呃女士我们这边直接给您设不了彩铃我们只能负责帮您开彩铃这项业务的话谢谢请您先讲啊开完了之后完我今天下载完直接设置才可以啊对但是说您开完彩铃业务之后您得需要拨打幺二五三零去问一下他们人工服务有没有这样的铃音如果有的话您就可以进行设置给我查一下五十你这边给我开通我说打幺二五三零完再在那边再跟他说对或者是说我因为我不确定他们现在有没有这种这种下个季度您也可以先问一下他们如果有这种铃音之后您再办理这个彩铃要不然您办完之后设不了的话可能就得扣钱了就白瞎这个费用了啊好的好的谢谢啊不客气自己然后打幺二五三零是正常收通话费的啊好的好的支付宝谢谢啊不客气对祝您节日愉快再见再见
"对话内容...  

您好请讲哎你好哎你给我开一个那个流量那个加油包吧女士请问是十块钱一百兆的流量加油包吗还有多少钱的除了十块钱一百兆呢有二十三百兆三十五百兆呃再多一些的话也有但是今天办的话都是收您一半的费用给您一半的流量的女士啊那你给我开三十五百兆的吧然后那个我刚才听了语音提示说什么玩意还能送一g流量啥的那个活动吗您说的这个一个g呀女士是您下载咱们幺零零八六ip客户端成功登陆之后里面有个现在送豪礼的活动您点击一键签到获取流量币通过流量币呀最多能获赠一个g的省内流量的咱们现在有这个活动了啊啊那行先给我开个加油包吧那那个就是什么幺零零八六客户端那个咋下载呀你给我发一个链接呀还怎么的对我给您下发一个王纸然后我建议您呢在wifi的情况下给它登陆一下进行参与好吗啊行一会给我发过来吧完了加油包呢先给我开的请问您的手机尾号是八幺幺八请问对吗啊对那这现在办理的话收您十五块钱给您两百五十兆行请问您想长期用还是月底自动取消女士我月底想要取消那这个流量啊只能当月用超出的资费了我给您下发到手机上只要您稍后收到短信就能用了女士啊行谢谢啊吧三天就自动取消了呀恩对就不用您再拨打过来了啊行行谢谢你啊不客气王纸我也发送了请问还有什么可以帮助您啊没有了好了再见恩祝您生活愉快再见",办理下载/设置,0,0,"对话内容...  

您好请讲哎你好哎你给我开一个那个流量那个加油包吧女士请问是十块钱一百兆的流量加油包吗还有多少钱的除了十块钱一百兆呢有二十三百兆三十五百兆呃再多一些的话也有但是今天办的话都是收您一半的费用给您一半的流量的女士啊那你给我开三十五百兆的吧然后那个我刚才听了语音提示说什么玩意还能送一g流量啥的那个活动吗您说的这个一个g呀女士是您下载咱们幺零零八六ip客户端成功登陆之后里面有个现在送豪礼的活动您点击一键签到获取流量币通过流量币呀最多能获赠一个g的省内流量的咱们现在有这个活动了啊啊那行先给我开个加油包吧那那个就是什么幺零零八六客户端那个咋下载呀你给我发一个链接呀还怎么的对我给您下发一个王纸然后我建议您呢在wifi的情况下给它登陆一下进行参与好吗啊行一会给我发过来吧完了加油包呢先给我开的请问您的手机尾号是八幺幺八请问对吗啊对那这现在办理的话收您十五块钱给您两百五十兆行请问您想长期用还是月底自动取消女士我月底想要取消那这个流量啊只能当月用超出的资费了我给您下发到手机上只要您稍后收到短信就能用了女士啊行谢谢啊吧三天就自动取消了呀恩对就不用您再拨打过来了啊行行谢谢你啊不客气王纸我也发送了请问还有什么可以帮助您啊没有了好了再见恩祝您生活愉快再见"
"对话内容：  
您好，请讲。哎，你好，帮我查一下我这边有多少套餐，这些套餐是怎么收费的？请稍等，我帮您查一下。您好，我帮您查了一下，您这张卡有一个八块钱的月租，十块钱七十兆的流量智能套餐，五块钱的彩铃，最低消费十块或者用完为止。这个八块钱不包括彩铃的。我知道最低消费是十块，那个是怎么回事啊？您现在每个月扣的费用一共是二十三块，已经超过了最低消费了，不用再考虑最低消费了。你能把那个流量取消吗？取消之后剩下的流量能用到月底吗？不能结转到下个月对吧？可以取消吗？你们给我取消一下。你的彩铃怎么换呢？那您是不是原来的铃音到期了？这个您可以拨打12530，问一下12580，12530对吧？对，拨打12530，正常收取通话费的。然后十块钱的流量我帮您取消了。你这个彩铃能取消吗？彩铃可以取消，取消之后马上就不能用了。您看现在取消还是月底取消？这钱不是已经花了嘛？对，本月的钱已经花了，但取消彩铃是立即就不能用了。这样话，我这反映怎么换歌呢？就是换别的，不是原来的那个了。那就说明您原来的铃音可能到期了，所以您可以拨打12530，先问一下。行，行，他这能查出那个记录吗？嗯，这个我这边没有具体显示，您拨打12530，20也是进入人工台，您问一下。行，行，行，1236对，然后拨打这个12530，正常收取通话费的。啊，行，谢谢。不客气，彩铃没帮您取消，十块钱的流量已经帮您取消了。所有费用都处理好了，不客气，还有其他需要帮助的吗？没有了，谢谢。不客气，祝您生活愉快，再见。",办理下载/设置,0,0,"对话内容：  
您好[SEP]请讲[SEP]哎[SEP]你好[SEP]帮我查一下我这边有多少套餐[SEP]这些套餐是怎么收费的[SEP]请稍等[SEP]我帮您查一下[SEP]您好[SEP]我帮您查了一下[SEP]您这张卡有一个八块钱的月租[SEP]十块钱七十兆的流量智能套餐[SEP]五块钱的彩铃[SEP]最低消费十块或者用完为止[SEP]这个八块钱不包括彩铃的[SEP]我知道最低消费是十块[SEP]那个是怎么回事啊[SEP]您现在每个月扣的费用一共是二十三块[SEP]已经超过了最低消费了[SEP]不用再考虑最低消费了[SEP]你能把那个流量取消吗[SEP]取消之后剩下的流量能用到月底吗[SEP]不能结转到下个月对吧[SEP]可以取消吗[SEP]你们给我取消一下[SEP]你的彩铃怎么换呢[SEP]那您是不是原来的铃音到期了[SEP]这个您可以拨打12530[SEP]问一下12580[SEP]12530对吧[SEP]对[SEP]拨打12530[SEP]正常收取通话费的[SEP]然后十块钱的流量我帮您取消了[SEP]你这个彩铃能取消吗[SEP]彩铃可以取消[SEP]取消之后马上就不能用了[SEP]您看现在取消还是月底取消[SEP]这钱不是已经花了嘛[SEP]对[SEP]本月的钱已经花了[SEP]但取消彩铃是立即就不能用了[SEP]这样话[SEP]我这反映怎么换歌呢[SEP]就是换别的[SEP]不是原来的那个了[SEP]那就说明您原来的铃音可能到期了[SEP]所以您可以拨打12530[SEP]先问一下[SEP]行[SEP]行[SEP]他这能查出那个记录吗[SEP]嗯[SEP]这个我这边没有具体显示[SEP]您拨打12530[SEP]20也是进入人工台[SEP]您问一下[SEP]行[SEP]行[SEP]行[SEP]1236对[SEP]然后拨打这个12530[SEP]正常收取通话费的[SEP]啊[SEP]行[SEP]谢谢[SEP]不客气[SEP]彩铃没帮您取消[SEP]十块钱的流量已经帮您取消了[SEP]所有费用都处理好了[SEP]不客气[SEP]还有其他需要帮助的吗[SEP]没有了[SEP]谢谢[SEP]不客气[SEP]祝您生活愉快[SEP]再见[SEP]"
"对话内容：  
您好，请讲。哦，你好，帮我看看我这边有几个套餐，这些套餐是怎么计费的？请稍等，我帮您查一下。您好，我帮您查了一下，您这张卡有一个八块钱的月租，十块钱七十兆的流量套餐，五块钱的彩铃，最低消费是十块或者用完为止。这个八块钱不包含彩铃的。我知道最低消费是十块，那个是什么情况啊？您现在每月扣的费用总共是二十三块，已经超过了最低消费，不用再考虑最低消费了。你可以把那个流量停掉吗？停掉之后剩下的流量还能用到月底吗？不能延续到下个月对吧？可以停掉吗？麻烦你帮我停掉。你的彩铃怎么换呢？是不是之前的铃声到期了？您可以拨打12530，问问12580，12530对吧？对，拨打12530，会收取正常通话费的。然后十块钱的流量我帮您停掉了。你这个彩铃能取消吗？可以取消，取消后马上就不能用了。您现在取消还是月底取消？这钱不是已经用了嘛？对，本月的费用已经扣了，但取消彩铃是马上生效的。这样的话，我这反映怎么换歌呢？就是想换一首新的，不是原来的那个。那就说明您之前的铃声可能到期了，您可以拨打12530，先确认一下。行，行，他那边能查到记录吗？嗯，我这边没有具体信息，您拨打12530，20号是人工服务，您问一下。行，行，行，1236对，然后拨打12530，正常收通话费的。啊，行，谢谢。不客气，彩铃没取消，十块钱的流量已经帮您停掉了。所有费用都处理好了，不客气，还有其他问题吗？没有了，谢谢。不客气，祝您生活愉快，再见。",办理下载/设置,0,0,"对话内容：  
您好[SEP]请讲[SEP]哦[SEP]你好[SEP]帮我看看我这边有几个套餐[SEP]这些套餐是怎么计费的[SEP]请稍等[SEP]我帮您查一下[SEP]您好[SEP]我帮您查了一下[SEP]您这张卡有一个八块钱的月租[SEP]十块钱七十兆的流量套餐[SEP]五块钱的彩铃[SEP]最低消费是十块或者用完为止[SEP]这个八块钱不包含彩铃的[SEP]我知道最低消费是十块[SEP]那个是什么情况啊[SEP]您现在每月扣的费用总共是二十三块[SEP]已经超过了最低消费[SEP]不用再考虑最低消费了[SEP]你可以把那个流量停掉吗[SEP]停掉之后剩下的流量还能用到月底吗[SEP]不能延续到下个月对吧[SEP]可以停掉吗[SEP]麻烦你帮我停掉[SEP]你的彩铃怎么换呢[SEP]是不是之前的铃声到期了[SEP]您可以拨打12530[SEP]问问12580[SEP]12530对吧[SEP]对[SEP]拨打12530[SEP]会收取正常通话费的[SEP]然后十块钱的流量我帮您停掉了[SEP]你这个彩铃能取消吗[SEP]可以取消[SEP]取消后马上就不能用了[SEP]您现在取消还是月底取消[SEP]这钱不是已经用了嘛[SEP]对[SEP]本月的费用已经扣了[SEP]但取消彩铃是马上生效的[SEP]这样的话[SEP]我这反映怎么换歌呢[SEP]就是想换一首新的[SEP]不是原来的那个[SEP]那就说明您之前的铃声可能到期了[SEP]您可以拨打12530[SEP]先确认一下[SEP]行[SEP]行[SEP]他那边能查到记录吗[SEP]嗯[SEP]我这边没有具体信息[SEP]您拨打12530[SEP]20号是人工服务[SEP]您问一下[SEP]行[SEP]行[SEP]行[SEP]1236对[SEP]然后拨打12530[SEP]正常收通话费的[SEP]啊[SEP]行[SEP]谢谢[SEP]不客气[SEP]彩铃没取消[SEP]十块钱的流量已经帮您停掉了[SEP]所有费用都处理好了[SEP]不客气[SEP]还有其他问题吗[SEP]没有了[SEP]谢谢[SEP]不客气[SEP]祝您生活愉快[SEP]再见[SEP]"
对话内容：哎您好，很高兴为您服务啊，您说说看吧，那个他手机停机了，麻烦你给他开通一下行不？好，您报下号码呗，呃，幺五零幺五零九三三八九三三八三四三四三四三四，对吧？请稍等哈，现在卡三个g呢。哎这边已经帮您开好了，现在可以放心用了，行吧，好好。,办理停复机,0,0,对话内容：哎您好[SEP]很高兴为您服务啊[SEP]您说说看吧[SEP]那个他手机停机了[SEP]麻烦你给他开通一下行不[SEP]好[SEP]您报下号码呗[SEP]呃[SEP]幺五零幺五零九三三八九三三八三四三四三四三四[SEP]对吧[SEP]请稍等哈[SEP]现在卡三个g呢[SEP]哎这边已经帮您开好了[SEP]现在可以放心用了[SEP]行吧[SEP]好好[SEP]
对话内容：你好，我想把之前办的紧急停机的号码开机，报一下号码，13713723622302还是23622362222？您有身份证号码还是服务密码？好的，请输入身份证号码验证。好的，帮您开机了。谢谢。不客气，还有其他问题吗？没有了。,办理停复机,0,0,对话内容：你好[SEP]我想把之前办的紧急停机的号码开机[SEP]报一下号码[SEP]13713723622302还是23622362222[SEP]您有身份证号码还是服务密码[SEP]好的[SEP]请输入身份证号码验证[SEP]好的[SEP]帮您开机了[SEP]谢谢[SEP]不客气[SEP]还有其他问题吗[SEP]没有了[SEP]
"对话内容：  
您好，请讲。  
哎，你好，我这个号码绑定到报停了，能不能恢复？  
请问号码是多少？  
四四八五？  
唉呀，四四八八。  
可以，请问有密码吗？  
请您根据提示输入密码。  
请您稍等一下。  
幺三五……要密码的。  
您好，输入正确帮您复通，当月的固定费用和最低消费正常收取，短信互通的是吧？  
喂，行，好的，已经开通了。  
先生，请问您还有其他问题需要咨询吗？  
没了，好了，谢谢哦。",办理停复机,0,0,"对话内容：  
您好[SEP]请讲[SEP]  
哎[SEP]你好[SEP]我这个号码绑定到报停了[SEP]能不能恢复[SEP]  
请问号码是多少[SEP]  
四四八五[SEP]  
唉呀[SEP]四四八八[SEP]  
可以[SEP]请问有密码吗[SEP]  
请您根据提示输入密码[SEP]  
请您稍等一下[SEP]  
幺三五……要密码的[SEP]  
您好[SEP]输入正确帮您复通[SEP]当月的固定费用和最低消费正常收取[SEP]短信互通的是吧[SEP]  
喂[SEP]行[SEP]好的[SEP]已经开通了[SEP]  
先生[SEP]请问您还有其他问题需要咨询吗[SEP]  
没了[SEP]好了[SEP]谢谢哦[SEP]"
对话内容：您好很高兴为您服务谢谢啊喂呃是不是喂你好我是那个手机号报开呃办理紧急开机是吗啊我手机昨天昨天咋挂失啊昨天挂失了今天我开先帮我开一下啊好的那您说一下那个手机号码幺五九八七六五四五二一幺三七幺三七幺八四幺八幺八四幺二八好的请稍等好的好的嗯那您记得身份证号码还是服务密码的再见呃身份证身份证号码给给你说吧好的那您输入一下身份证号码不要挂机什么啊嗯嗯嗯好的请稍等啊现在这个业务已经帮您办理成功了已经帮您紧急开机啦我已经成功了是吧好的好谢谢啊哎行好,办理停复机,0,0,对话内容：您好很高兴为您服务谢谢啊喂呃是不是喂你好我是那个手机号报开呃办理紧急开机是吗啊我手机昨天昨天咋挂失啊昨天挂失了今天我开先帮我开一下啊好的那您说一下那个手机号码幺五九八七六五四五二一幺三七幺三七幺八四幺八幺八四幺二八好的请稍等好的好的嗯那您记得身份证号码还是服务密码的再见呃身份证身份证号码给给你说吧好的那您输入一下身份证号码不要挂机什么啊嗯嗯嗯好的请稍等啊现在这个业务已经帮您办理成功了已经帮您紧急开机啦我已经成功了是吧好的好谢谢啊哎行好
"对话内容：  
呃早上好，欢迎使用10086应急处理查询，那个咱们卡上我想让它挂失一下，手机上了，请问号码多少啊？13843041638，13843041638对吗？对吧？请问有这张卡的服务密码吗？什么忙？这张卡的服务密码是六位的，哦我不知道，那个您这卡是用身份证办的吗？对，提供一下身份证号码吧，22038119950528什么7219，姓名忘审220381199505287219，对吧？对。很抱歉，这卡不是您身份证办的呀，先生，不是这个身份证办的，不是我身份证办的，这个不是您说的身份证号，手机号是13843041638对吧？对，嗯就是您这个220381199505287119办的，不是的身份证啊，不是的身份证啊，啊我知道，就是您在问一下，对了，然后再与我们联系帮您办理报停，好好，还有什么可以帮助您啊？没有，祝您生活愉快，再见。",办理停复机,0,0,"对话内容：  
呃早上好[SEP]欢迎使用10086应急处理查询[SEP]那个咱们卡上我想让它挂失一下[SEP]手机上了[SEP]请问号码多少啊[SEP]13843041638[SEP]13843041638对吗[SEP]对吧[SEP]请问有这张卡的服务密码吗[SEP]什么忙[SEP]这张卡的服务密码是六位的[SEP]哦我不知道[SEP]那个您这卡是用身份证办的吗[SEP]对[SEP]提供一下身份证号码吧[SEP]22038119950528什么7219[SEP]姓名忘审220381199505287219[SEP]对吧[SEP]对[SEP]很抱歉[SEP]这卡不是您身份证办的呀[SEP]先生[SEP]不是这个身份证办的[SEP]不是我身份证办的[SEP]这个不是您说的身份证号[SEP]手机号是13843041638对吧[SEP]对[SEP]嗯就是您这个220381199505287119办的[SEP]不是的身份证啊[SEP]不是的身份证啊[SEP]啊我知道[SEP]就是您在问一下[SEP]对了[SEP]然后再与我们联系帮您办理报停[SEP]好好[SEP]还有什么可以帮助您啊[SEP]没有[SEP]祝您生活愉快[SEP]再见[SEP]"
对话内容：你好，我想把那个三十块钱的流量加油包给取消掉，现在已经到期了，能帮我处理一下吗？,办理取消,0,0,对话内容：你好[SEP]我想把那个三十块钱的流量加油包给取消掉[SEP]现在已经到期了[SEP]能帮我处理一下吗[SEP]
对话内容：喂，您好，我之前办的那个三十元的流量包快到期了，能不能帮我关掉？,办理取消,0,0,对话内容：喂[SEP]您好[SEP]我之前办的那个三十元的流量包快到期了[SEP]能不能帮我关掉[SEP]
对话内容：高兴服务喂你好给我查一下这手机都开通啥业务您现在收费的二十八套餐一个五十元的流量包校讯通是两个学生哦那个五十元流量包给我去掉给我去可以去掉吧啊行那就不用了吗不用了行那它这个取消立即生效我看里面还有赠送的省内流量那取消之后就不能再用了好吧好不用了不是去掉了还有那个一个一个还有一个校讯通可以给我去掉不能给我送那个校讯通还有可以去掉吗嗯我说一个一个来咱们先取消这个流量包再用那个校讯通的好吧,办理取消,0,0,对话内容：高兴服务喂你好给我查一下这手机都开通啥业务您现在收费的二十八套餐一个五十元的流量包校讯通是两个学生哦那个五十元流量包给我去掉给我去可以去掉吧啊行那就不用了吗不用了行那它这个取消立即生效我看里面还有赠送的省内流量那取消之后就不能再用了好吧好不用了不是去掉了还有那个一个一个还有一个校讯通可以给我去掉不能给我送那个校讯通还有可以去掉吗嗯我说一个一个来咱们先取消这个流量包再用那个校讯通的好吧
对话内容：呃您好，很高兴为您服务，喂，你好，我想问一下，就是说能不能开一个八块钱的彩铃啊，开了吗？你看看啊，我帮您查一下，这边显示彩铃已经开了，请问不想要了吗？不是就开了，个人说扣了吗？这个费用的话，这边显示扣了，就是说现在没扣，稍后也会扣的，啊，那我现在不要，就是不敢骗了呗，对吧？是的，请按一，那那要是我下个月不想让我等下个月再取消吧，那您需要在这个月的月末之前取消啊，哎，行，怎么谁说的我都不知道，那行好了，那我这边帮您取消了，不是，怎么写，现在取消不也扣费了吗？对，是的，那您要记得月末之前联系我们取消，要不然下个月收费可以吗？啊，我就说我用啊，来天呗，这钱都花了，可以的，那请问还有什么可以帮助您的？没事了，好了。,办理取消,0,0,对话内容：呃您好[SEP]很高兴为您服务[SEP]喂[SEP]你好[SEP]我想问一下[SEP]就是说能不能开一个八块钱的彩铃啊[SEP]开了吗[SEP]你看看啊[SEP]我帮您查一下[SEP]这边显示彩铃已经开了[SEP]请问不想要了吗[SEP]不是就开了[SEP]个人说扣了吗[SEP]这个费用的话[SEP]这边显示扣了[SEP]就是说现在没扣[SEP]稍后也会扣的[SEP]啊[SEP]那我现在不要[SEP]就是不敢骗了呗[SEP]对吧[SEP]是的[SEP]请按一[SEP]那那要是我下个月不想让我等下个月再取消吧[SEP]那您需要在这个月的月末之前取消啊[SEP]哎[SEP]行[SEP]怎么谁说的我都不知道[SEP]那行好了[SEP]那我这边帮您取消了[SEP]不是[SEP]怎么写[SEP]现在取消不也扣费了吗[SEP]对[SEP]是的[SEP]那您要记得月末之前联系我们取消[SEP]要不然下个月收费可以吗[SEP]啊[SEP]我就说我用啊[SEP]来天呗[SEP]这钱都花了[SEP]可以的[SEP]那请问还有什么可以帮助您的[SEP]没事了[SEP]好了[SEP]
您好，请问有什么可以帮您？喂，你好，能帮我查一下我手机上有哪些业务吗？好的，我帮您查一下。您这张卡现在用的是神州行大众卡，每月月租三元，包含彩铃包月。另外您还办理了一个四十元七百兆的国内流量包，还有一个十元一百兆的国内流量包，对吧？那个十元的流量包我要取消掉，可以吗？十元的那个取消后会到月底自动失效，下个月就不会再扣费了。那四十元的那个是什么意思？四十元七百兆的国内流量包，是不是说晚上还会返还二十元？您当时办的时候有跟您说明吗？是的，有说过吗？如果当时有说，那应该就是有的。不过具体我们这边不太清楚，可能当时告诉您有返还。如果他告诉您了，那就是有的。还有没有提到四十元七百兆，赠送八百兆的事？您是接到电话还是通过其他方式知道的？是通过1086打来的电话，您这里显示有七百兆的国内流量，他说不赠送八百兆。那可能是现在赠送的还没到账，因为您刚开通，建议您这几天再打过来确认一下。您还有其他问题吗？啊，我。,办理取消,0,0,您好[SEP]请问有什么可以帮您[SEP]喂[SEP]你好[SEP]能帮我查一下我手机上有哪些业务吗[SEP]好的[SEP]我帮您查一下[SEP]您这张卡现在用的是神州行大众卡[SEP]每月月租三元[SEP]包含彩铃包月[SEP]另外您还办理了一个四十元七百兆的国内流量包[SEP]还有一个十元一百兆的国内流量包[SEP]对吧[SEP]那个十元的流量包我要取消掉[SEP]可以吗[SEP]十元的那个取消后会到月底自动失效[SEP]下个月就不会再扣费了[SEP]那四十元的那个是什么意思[SEP]四十元七百兆的国内流量包[SEP]是不是说晚上还会返还二十元[SEP]您当时办的时候有跟您说明吗[SEP]是的[SEP]有说过吗[SEP]如果当时有说[SEP]那应该就是有的[SEP]不过具体我们这边不太清楚[SEP]可能当时告诉您有返还[SEP]如果他告诉您了[SEP]那就是有的[SEP]还有没有提到四十元七百兆[SEP]赠送八百兆的事[SEP]您是接到电话还是通过其他方式知道的[SEP]是通过1086打来的电话[SEP]您这里显示有七百兆的国内流量[SEP]他说不赠送八百兆[SEP]那可能是现在赠送的还没到账[SEP]因为您刚开通[SEP]建议您这几天再打过来确认一下[SEP]您还有其他问题吗[SEP]啊[SEP]我[SEP]
您好，请讲，喂，你好，能帮我看看我手机里有哪些业务吗？好的，我帮您查一下。您现在用的是神州行大众卡，每月月租三元，包含彩铃服务。另外您还申请了一个四十元七百兆的国内流量包，以及一个十元一百兆的国内流量包，对吧？那个十元的流量包我想关掉，可以吗？关掉的话会在月底自动失效，下个月就不会再扣钱了。那四十元的那个是什么情况？四十元七百兆的流量包，是不是晚上还能返二十元？您当时办的时候有没有人跟您说？是的，有说过吗？如果当时有人告诉您有返还，那应该是有的。不过我们这边不太清楚，可能当时工作人员有说明。如果他跟您说了，那就是有的。还有没有提到四十元七百兆，送八百兆的事情？您是通过什么渠道知道的？是1086打来的电话，您这边显示有七百兆的国内流量，对方说不送八百兆。那可能是赠送的还没到账，因为您刚开通，建议您这几天再打电话咨询一下。您还有别的问题吗？啊，我。,办理取消,0,0,您好[SEP]请讲[SEP]喂[SEP]你好[SEP]能帮我看看我手机里有哪些业务吗[SEP]好的[SEP]我帮您查一下[SEP]您现在用的是神州行大众卡[SEP]每月月租三元[SEP]包含彩铃服务[SEP]另外您还申请了一个四十元七百兆的国内流量包[SEP]以及一个十元一百兆的国内流量包[SEP]对吧[SEP]那个十元的流量包我想关掉[SEP]可以吗[SEP]关掉的话会在月底自动失效[SEP]下个月就不会再扣钱了[SEP]那四十元的那个是什么情况[SEP]四十元七百兆的流量包[SEP]是不是晚上还能返二十元[SEP]您当时办的时候有没有人跟您说[SEP]是的[SEP]有说过吗[SEP]如果当时有人告诉您有返还[SEP]那应该是有的[SEP]不过我们这边不太清楚[SEP]可能当时工作人员有说明[SEP]如果他跟您说了[SEP]那就是有的[SEP]还有没有提到四十元七百兆[SEP]送八百兆的事情[SEP]您是通过什么渠道知道的[SEP]是1086打来的电话[SEP]您这边显示有七百兆的国内流量[SEP]对方说不送八百兆[SEP]那可能是赠送的还没到账[SEP]因为您刚开通[SEP]建议您这几天再打电话咨询一下[SEP]您还有别的问题吗[SEP]啊[SEP]我[SEP]
喂您好，很高兴为您服务。现在我帮您看一下这个号码，目前是飞享套餐全国版，每月38元，还开通了校讯通和平安家校的10元流量包，以及校讯通三教育彩信。其他没有额外收费项目了，彩信是按月2元收取的。亲情包您不要了，我这边会发短信取消指令给您，是四个零，您稍后发送到10086，系统会回复信息提示您需要取消的业务，您选对应序号就可以操作。平安家校多少钱？刚才挂了，是38元包月的，包含50分钟全国通话、300M国内流量，还有12个月每月送130分钟本地通话和150M省内流量，来电显示也包含在内。我把套餐资费发给您看看，好吗？您看还有没有需要处理的？都不要了，还需要开流量吗？您说一下把10元流量包取消对，对，好的，立即生效，不能用了。我帮您取消，按1确认成功，已经帮您处理好了。谢谢您，不客气，还有其他需要帮忙的吗？不需要了。,办理取消,0,0,喂您好[SEP]很高兴为您服务[SEP]现在我帮您看一下这个号码[SEP]目前是飞享套餐全国版[SEP]每月38元[SEP]还开通了校讯通和平安家校的10元流量包[SEP]以及校讯通三教育彩信[SEP]其他没有额外收费项目了[SEP]彩信是按月2元收取的[SEP]亲情包您不要了[SEP]我这边会发短信取消指令给您[SEP]是四个零[SEP]您稍后发送到10086[SEP]系统会回复信息提示您需要取消的业务[SEP]您选对应序号就可以操作[SEP]平安家校多少钱[SEP]刚才挂了[SEP]是38元包月的[SEP]包含50分钟全国通话、300M国内流量[SEP]还有12个月每月送130分钟本地通话和150M省内流量[SEP]来电显示也包含在内[SEP]我把套餐资费发给您看看[SEP]好吗[SEP]您看还有没有需要处理的[SEP]都不要了[SEP]还需要开流量吗[SEP]您说一下把10元流量包取消对[SEP]对[SEP]好的[SEP]立即生效[SEP]不能用了[SEP]我帮您取消[SEP]按1确认成功[SEP]已经帮您处理好了[SEP]谢谢您[SEP]不客气[SEP]还有其他需要帮忙的吗[SEP]不需要了[SEP]
您好，很高兴为您服务。我现在帮您查一下这个号码，目前使用的是飞享套餐全国版，每月38元，另外还有校讯通、平安家校的10元流量包，以及校讯通三教育彩信。其他的没有额外收费项目，彩信是每月2元。亲情包您不需要了，我这就发短信取消指令给您，是四个零，您稍后发送到10086，系统会回复信息说明有哪些业务可以取消，您选择对应的数字即可。平安家校多少钱？刚才电话里说过了，是38元包月，包含50分钟全国通话、300M国内流量，还有12个月每月送130分钟本地通话和150M省内流量，来电显示也包括在内。我把套餐详情发给您看看，好吗？您看还有没有其他需要处理的？都不需要了，还要不要开流量？您说把10元流量包取消，对，对，好的，马上生效，不能用了。我帮您取消，按1确认，已经成功了。谢谢，不客气，还有别的吗？不用了。,办理取消,0,0,您好[SEP]很高兴为您服务[SEP]我现在帮您查一下这个号码[SEP]目前使用的是飞享套餐全国版[SEP]每月38元[SEP]另外还有校讯通、平安家校的10元流量包[SEP]以及校讯通三教育彩信[SEP]其他的没有额外收费项目[SEP]彩信是每月2元[SEP]亲情包您不需要了[SEP]我这就发短信取消指令给您[SEP]是四个零[SEP]您稍后发送到10086[SEP]系统会回复信息说明有哪些业务可以取消[SEP]您选择对应的数字即可[SEP]平安家校多少钱[SEP]刚才电话里说过了[SEP]是38元包月[SEP]包含50分钟全国通话、300M国内流量[SEP]还有12个月每月送130分钟本地通话和150M省内流量[SEP]来电显示也包括在内[SEP]我把套餐详情发给您看看[SEP]好吗[SEP]您看还有没有其他需要处理的[SEP]都不需要了[SEP]还要不要开流量[SEP]您说把10元流量包取消[SEP]对[SEP]对[SEP]好的[SEP]马上生效[SEP]不能用了[SEP]我帮您取消[SEP]按1确认[SEP]已经成功了[SEP]谢谢[SEP]不客气[SEP]还有别的吗[SEP]不用了[SEP]
对话内容：您好，很高兴为您服务。我有一个号码，你帮我转成十八元套餐吧，号码是15987602399。转套餐需要本机打过来才可以哦，那行。,办理变更,0,0,对话内容：您好[SEP]很高兴为您服务[SEP]我有一个号码[SEP]你帮我转成十八元套餐吧[SEP]号码是15987602399[SEP]转套餐需要本机打过来才可以哦[SEP]那行[SEP]
"对话内容：  
您好，很高兴为您服务。你好，麻烦你帮我把手机的三十八套餐改成十八的套餐。这个套餐的话，我看一下，换的话您这个需要到营业厅来办理。为什么原来幺零零八六不是能操作吗？因为现在降低套餐的话，我们这边系统不支持，得到营业厅那边直接办。哦，去新路营业厅都可以的，只要是正规的移动营业厅都行。好，谢谢啊。",办理变更,0,0,"对话内容：  
您好[SEP]很高兴为您服务[SEP]你好[SEP]麻烦你帮我把手机的三十八套餐改成十八的套餐[SEP]这个套餐的话[SEP]我看一下[SEP]换的话您这个需要到营业厅来办理[SEP]为什么原来幺零零八六不是能操作吗[SEP]因为现在降低套餐的话[SEP]我们这边系统不支持[SEP]得到营业厅那边直接办[SEP]哦[SEP]去新路营业厅都可以的[SEP]只要是正规的移动营业厅都行[SEP]好[SEP]谢谢啊[SEP]"
对话内容：您好，请讲。你好，就是帮我换一个套餐吧。这个手机请问有密码吗？有，有密码。那个密码好像有吧，试一下子。请稍等，给您提示音。稍后输入一下四毛九。诶，我看一下，我诶诶，您好，四四二零六二五百。好嘞，喂，你好，还有，我现在谢谢。您好，请讲。包月再见。诶，您好，您好，你好，就是为您服务。刚才，诶，一百五十兆，呃，您需要验密码，输入错误了啊。我那个手机密码好像我没有设置啊，应该是随机密码吧。又又回来说它自己随机的。那请问这张卡是用您身份证入网办的吗？对我，身份证入网办的。我稍后给您转到语音台，用身份证号重新设置一下密码，然后再联系我们好吧。请您稍等一下，不客气。,办理变更,0,0,对话内容：您好[SEP]请讲[SEP]你好[SEP]就是帮我换一个套餐吧[SEP]这个手机请问有密码吗[SEP]有[SEP]有密码[SEP]那个密码好像有吧[SEP]试一下子[SEP]请稍等[SEP]给您提示音[SEP]稍后输入一下四毛九[SEP]诶[SEP]我看一下[SEP]我诶诶[SEP]您好[SEP]四四二零六二五百[SEP]好嘞[SEP]喂[SEP]你好[SEP]还有[SEP]我现在谢谢[SEP]您好[SEP]请讲[SEP]包月再见[SEP]诶[SEP]您好[SEP]您好[SEP]你好[SEP]就是为您服务[SEP]刚才[SEP]诶[SEP]一百五十兆[SEP]呃[SEP]您需要验密码[SEP]输入错误了啊[SEP]我那个手机密码好像我没有设置啊[SEP]应该是随机密码吧[SEP]又又回来说它自己随机的[SEP]那请问这张卡是用您身份证入网办的吗[SEP]对我[SEP]身份证入网办的[SEP]我稍后给您转到语音台[SEP]用身份证号重新设置一下密码[SEP]然后再联系我们好吧[SEP]请您稍等一下[SEP]不客气[SEP]
您好，请问您是刚才接到我们电话的用户吗？刚才有通知您要办理一个每月58元的套餐，对吧？不好意思，系统这边查不到这个通话记录，您之前有接到过类似的电话吗？我这边是想帮您申请这个套餐，不过您说现在一个月的流量用不着，还是用原来的10元套餐就可以了。您当时是同意办理的吗？他说是从下个月开始生效的，我这边也跟爱丹路那边确认过，其实并不需要换套餐。那您稍等一下，我帮您把情况记录下来上报一下。感谢您的耐心等待，我们会转交给上级部门处理，之后会通过电话联系您的。请问还有其他问题需要帮忙吗？没有的话我就按原来的套餐来处理了，谢谢。,办理变更,0,0,您好[SEP]请问您是刚才接到我们电话的用户吗[SEP]刚才有通知您要办理一个每月58元的套餐[SEP]对吧[SEP]不好意思[SEP]系统这边查不到这个通话记录[SEP]您之前有接到过类似的电话吗[SEP]我这边是想帮您申请这个套餐[SEP]不过您说现在一个月的流量用不着[SEP]还是用原来的10元套餐就可以了[SEP]您当时是同意办理的吗[SEP]他说是从下个月开始生效的[SEP]我这边也跟爱丹路那边确认过[SEP]其实并不需要换套餐[SEP]那您稍等一下[SEP]我帮您把情况记录下来上报一下[SEP]感谢您的耐心等待[SEP]我们会转交给上级部门处理[SEP]之后会通过电话联系您的[SEP]请问还有其他问题需要帮忙吗[SEP]没有的话我就按原来的套餐来处理了[SEP]谢谢[SEP]
您好，您是刚才接到我们来电的用户吗？我们之前联系您是要帮您办理一个每月58元的套餐，对吧？抱歉，系统查不到这次通话记录，您之前有没有收到过类似的通知呢？我这边是想为您申请这个套餐，但您说现在的流量够用，还是继续用10元的套餐更合适。您当时是同意的吗？对方说从下个月开始生效，我也和爱丹路那边核实过了，其实没必要换。那您稍等一下，我帮您把这个问题反馈上去。感谢您的配合，我们会转给相关部门处理，之后会通过电话通知您的。请问还有其他需要帮助的吗？没有的话我就按原来的套餐来操作了，谢谢。,办理变更,0,0,您好[SEP]您是刚才接到我们来电的用户吗[SEP]我们之前联系您是要帮您办理一个每月58元的套餐[SEP]对吧[SEP]抱歉[SEP]系统查不到这次通话记录[SEP]您之前有没有收到过类似的通知呢[SEP]我这边是想为您申请这个套餐[SEP]但您说现在的流量够用[SEP]还是继续用10元的套餐更合适[SEP]您当时是同意的吗[SEP]对方说从下个月开始生效[SEP]我也和爱丹路那边核实过了[SEP]其实没必要换[SEP]那您稍等一下[SEP]我帮您把这个问题反馈上去[SEP]感谢您的配合[SEP]我们会转给相关部门处理[SEP]之后会通过电话通知您的[SEP]请问还有其他需要帮助的吗[SEP]没有的话我就按原来的套餐来操作了[SEP]谢谢[SEP]
"对话内容...  

您好请讲喂你好我这个想修改一下套餐您要改什么套餐就改那个最低那个十二块钱那个不要流量的行身份证密码吗为您办理再见有请按照提示输入密码按井号键结束你好好嘞谢谢啊不客气请稍等三百哦卡套餐月租十二块赠送给您六十分钟全国通话还有来电显超过之后呢全国打一毛五接免费那它那个办理的话下个季度生效哎好嘞然后额外咱们现在有一个来电提醒业务这个留着吗还是取消一个月五块来电提醒一月五块留着还是取消没了啊这个留着吧那就以后十三块钱消费了行吗啊好的谢谢然后不客气然后改完这个套餐之后的话咱们现在手机里面有一个除了这个您现在不是三十二套餐嘛它额外给您赠一个一千兆省内量如果现在就改完这个一千兆省内流量是立即失效现在就不能使用了行吗他那我那一千兆不要了行然后现在改套餐之后的话您原套餐的流量也是也截止啊这流量不不结转月末清零哎那行吧好的请稍等正在办理别着急啊请说对对对为您改完了十二元套餐七月一号生效好嘞下个季度一号能生效是吧对是的啊好嘞谢谢不客气请问还有什么能帮您啊没有了没有了好的祝您生活愉快再见",办理变更,0,0,"对话内容...  

您好请讲喂你好我这个想修改一下套餐您要改什么套餐就改那个最低那个十二块钱那个不要流量的行身份证密码吗为您办理再见有请按照提示输入密码按井号键结束你好好嘞谢谢啊不客气请稍等三百哦卡套餐月租十二块赠送给您六十分钟全国通话还有来电显超过之后呢全国打一毛五接免费那它那个办理的话下个季度生效哎好嘞然后额外咱们现在有一个来电提醒业务这个留着吗还是取消一个月五块来电提醒一月五块留着还是取消没了啊这个留着吧那就以后十三块钱消费了行吗啊好的谢谢然后不客气然后改完这个套餐之后的话咱们现在手机里面有一个除了这个您现在不是三十二套餐嘛它额外给您赠一个一千兆省内量如果现在就改完这个一千兆省内流量是立即失效现在就不能使用了行吗他那我那一千兆不要了行然后现在改套餐之后的话您原套餐的流量也是也截止啊这流量不不结转月末清零哎那行吧好的请稍等正在办理别着急啊请说对对对为您改完了十二元套餐七月一号生效好嘞下个季度一号能生效是吧对是的啊好嘞谢谢不客气请问还有什么能帮您啊没有了没有了好的祝您生活愉快再见"
对话内容：您好，很高兴为您服务。请问您需要开通一个三元五百兆的流量包吗？,办理开通,0,0,对话内容：您好[SEP]很高兴为您服务[SEP]请问您需要开通一个三元五百兆的流量包吗[SEP]
"对话内容...  

您好请讲哎你好我想办理一个流量套餐然后那个今天最合适的能用的是到今天为止就一天了我建议您要是就今天的话可以办个日套餐有效期二十四个小时的十块钱五百兆十五块钱一个g十块钱五百兆十五块钱一个g的对是的给我办个一块钱五百兆的吧好的开通立刻生效到期之后自动取消流量呢不结转有效期二十四个小时提前用完提前取消到期后也是自动取消超出流量后每兆两毛九请问号码幺五八零四三幺四六九七办十块钱五百兆日套餐对吧哎哎行已经给您开通了先生哎好的直接生效了是吧对是的哎那好的谢谢啊不客气那祝您生活愉快再见哎再见",办理开通,0,0,"对话内容...  

您好请讲哎你好我想办理一个流量套餐然后那个今天最合适的能用的是到今天为止就一天了我建议您要是就今天的话可以办个日套餐有效期二十四个小时的十块钱五百兆十五块钱一个g十块钱五百兆十五块钱一个g的对是的给我办个一块钱五百兆的吧好的开通立刻生效到期之后自动取消流量呢不结转有效期二十四个小时提前用完提前取消到期后也是自动取消超出流量后每兆两毛九请问号码幺五八零四三幺四六九七办十块钱五百兆日套餐对吧哎哎行已经给您开通了先生哎好的直接生效了是吧对是的哎那好的谢谢啊不客气那祝您生活愉快再见哎再见"
"对话内容：  
您好，请讲。你好，我这个手机想办理一下咱们现在的活动，就三十元五百兆流量，三十五百兆的啊，就是一个月三十，然后每个月返回二十的那个。请问您是收到这个营销的短信了吗？我的这个移动手机就接到接电话了。很抱歉，接电话的话只有接电话当时能办，现在办是不返费的，就接电话的时候可以办。对啊，行，那我知道了。好了，行，那现在还有啥活动吗？就是优惠活动什么的，流量的优惠有个假日流量，十块钱一个G，时间是一月二十七号零点到二月二号二十四点之间用的啊。那那个，那个我就是接电话的那个流量是啥意思？那个是存不是，也不也是咱们零八幺零零八六做的活动吗？现在只有外呼的客户经理的活动，人工台办理没有这项活动。用户没有。行，那我知道了。谢谢。不客气。请问还有什么可以帮助您？没有了。谢谢。不客气。祝您生活愉快。再见。",办理开通,0,0,"对话内容：  
您好[SEP]请讲[SEP]你好[SEP]我这个手机想办理一下咱们现在的活动[SEP]就三十元五百兆流量[SEP]三十五百兆的啊[SEP]就是一个月三十[SEP]然后每个月返回二十的那个[SEP]请问您是收到这个营销的短信了吗[SEP]我的这个移动手机就接到接电话了[SEP]很抱歉[SEP]接电话的话只有接电话当时能办[SEP]现在办是不返费的[SEP]就接电话的时候可以办[SEP]对啊[SEP]行[SEP]那我知道了[SEP]好了[SEP]行[SEP]那现在还有啥活动吗[SEP]就是优惠活动什么的[SEP]流量的优惠有个假日流量[SEP]十块钱一个G[SEP]时间是一月二十七号零点到二月二号二十四点之间用的啊[SEP]那那个[SEP]那个我就是接电话的那个流量是啥意思[SEP]那个是存不是[SEP]也不也是咱们零八幺零零八六做的活动吗[SEP]现在只有外呼的客户经理的活动[SEP]人工台办理没有这项活动[SEP]用户没有[SEP]行[SEP]那我知道了[SEP]谢谢[SEP]不客气[SEP]请问还有什么可以帮助您[SEP]没有了[SEP]谢谢[SEP]不客气[SEP]祝您生活愉快[SEP]再见[SEP]"
对话内容：呃你好麻烦你帮我开一下那个流量啊六十元六个g的呢嗯可以的女士我给您核实下您是咱们四g飞享套餐十八元的可以参加咱们这个活动然后这样女士咱们是六个月内这套餐十八元是不能改的然后这流量呢也不能共享的您自己用的啊行不过现在办理的话短信方式比较方便我这边可以直接告诉您对呀短信方式挺方便的我发短信了吗办呢嗯请您稍等发送短信内容是幺六零六您放心就在这直接办办不了吗啊您好女士我给您核实了因为人工台真的没有这个办理权限但是我可以给您更方便的办理方式好吗啊行恩请您发送内容是幺六零六直接发到咱们幺零零八六就可以了发送信息是免费的啊行幺零幺六零六然后对是的哎行好嘞这一次性是女士收您六十元钱给您六个g的国内流量有效期一百八十天套餐到期或者流量用完就自动取消的啊行行行好的请问您还有啥问题需要咨询吗没有了谢谢恩好的那祝您生活愉快再见再见好再见,办理开通,0,0,对话内容：呃你好麻烦你帮我开一下那个流量啊六十元六个g的呢嗯可以的女士我给您核实下您是咱们四g飞享套餐十八元的可以参加咱们这个活动然后这样女士咱们是六个月内这套餐十八元是不能改的然后这流量呢也不能共享的您自己用的啊行不过现在办理的话短信方式比较方便我这边可以直接告诉您对呀短信方式挺方便的我发短信了吗办呢嗯请您稍等发送短信内容是幺六零六您放心就在这直接办办不了吗啊您好女士我给您核实了因为人工台真的没有这个办理权限但是我可以给您更方便的办理方式好吗啊行恩请您发送内容是幺六零六直接发到咱们幺零零八六就可以了发送信息是免费的啊行幺零幺六零六然后对是的哎行好嘞这一次性是女士收您六十元钱给您六个g的国内流量有效期一百八十天套餐到期或者流量用完就自动取消的啊行行行好的请问您还有啥问题需要咨询吗没有了谢谢恩好的那祝您生活愉快再见再见好再见
"对话内容...  

谢谢你好方便高兴服务你好哎给我开通本机的套餐所以您看看这个咱们人工开不了没有接到过什么电话或者是短信通知您转这种套餐没有就是哎好的哎等于说的这不好意思我打断一下您声音有点小可以声音稍微大一点吗啊声音大一点您电话稍微近一点好像电话比较远胜于点小听不到啊您请讲声音比较小现在才交啊您请讲可以听到就是我朋友昨天都打了东西那个套餐开了吗就是打电话开通吧我为什么开不了啊嗯嗯人工开不了先生您有没有收到过什么短信提醒或者打电话帮您转这种套餐没有啊我那您是想了解多少钱的我给您发个短信这都没用短信试一下我开呃那那国内的吧谢谢谢谢啊什么的一百九十八您说那个国内不限量那种是吧哎它那个是六百分钟国内通话三千五百分钟的省内打国内通话国内流量不限量国内的流量使用就能达到三G之后会限速但是还是不限量的好吧行那不需要了我看不了我给您把这个短信代码发您手机上了等一下需要麻烦您转发给幺零零八六您自己尝试他成功或者不成功都有短信提醒您注意条短信如果成功了会立即生效原来一百六十八作废按照一百九十八重新计算行好嘞是一下你给我转发到幺零零八六啊啊是的四三六八我发您手机上了直接转发给幺零零八六看短信提示行好的其他还有什么可以帮您的不客气的",办理开通,0,0,"对话内容...  

谢谢你好方便高兴服务你好哎给我开通本机的套餐所以您看看这个咱们人工开不了没有接到过什么电话或者是短信通知您转这种套餐没有就是哎好的哎等于说的这不好意思我打断一下您声音有点小可以声音稍微大一点吗啊声音大一点您电话稍微近一点好像电话比较远胜于点小听不到啊您请讲声音比较小现在才交啊您请讲可以听到就是我朋友昨天都打了东西那个套餐开了吗就是打电话开通吧我为什么开不了啊嗯嗯人工开不了先生您有没有收到过什么短信提醒或者打电话帮您转这种套餐没有啊我那您是想了解多少钱的我给您发个短信这都没用短信试一下我开呃那那国内的吧谢谢谢谢啊什么的一百九十八您说那个国内不限量那种是吧哎它那个是六百分钟国内通话三千五百分钟的省内打国内通话国内流量不限量国内的流量使用就能达到三G之后会限速但是还是不限量的好吧行那不需要了我看不了我给您把这个短信代码发您手机上了等一下需要麻烦您转发给幺零零八六您自己尝试他成功或者不成功都有短信提醒您注意条短信如果成功了会立即生效原来一百六十八作废按照一百九十八重新计算行好嘞是一下你给我转发到幺零零八六啊啊是的四三六八我发您手机上了直接转发给幺零零八六看短信提示行好的其他还有什么可以帮您的不客气的"
对话内容：您好很高兴为您服务我那他说我那话费还有多少话费这个咱人工没法直接看到我稍后给您发个信息是截止到现在您的余额稍后可以直接看一下可以啊好您注意查收不客气嗯嗯请问什么可以帮您说我为啥帮助嗯好那祝您生活愉快再见,办理打印/邮寄,0,0,对话内容：您好很高兴为您服务我那他说我那话费还有多少话费这个咱人工没法直接看到我稍后给您发个信息是截止到现在您的余额稍后可以直接看一下可以啊好您注意查收不客气嗯嗯请问什么可以帮您说我为啥帮助嗯好那祝您生活愉快再见
对话内容...您好很高兴为您服务阳免费再见好你好那就这样那它那那个二十扣了没事哎你好哦你你能帮忙查一下就是这个号码从这个月初到现在那个话费消费那个单子账单能帮忙发一下吗这个月的话需要您稍后直接拨打幺零零八六按一下一号键按一下三号键十月份的账单就给您发过去了嗯一还有算是吧对是的天按一号键听好提示音再按三号键就可以发过去了嗯好谢谢啊好不客气的还有其他需要帮助吗啊没有了好祝您生活愉快再见,办理打印/邮寄,0,0,对话内容...您好很高兴为您服务阳免费再见好你好那就这样那它那那个二十扣了没事哎你好哦你你能帮忙查一下就是这个号码从这个月初到现在那个话费消费那个单子账单能帮忙发一下吗这个月的话需要您稍后直接拨打幺零零八六按一下一号键按一下三号键十月份的账单就给您发过去了嗯一还有算是吧对是的天按一号键听好提示音再按三号键就可以发过去了嗯好谢谢啊好不客气的还有其他需要帮助吗啊没有了好祝您生活愉快再见
"二零零六很高兴为您服务，我想请问一下我现在手机上的话费还有多少啊？  
帮您查看了一下，现在您这个手机卡上的话费是正常的，不欠费。我将您截止到现在实时的余额发给您，您查看一下。  
我昨天几点的时候交了三十，然后昨天凌晨几点的时候又交了二十，为什么我昨天查的只有二十多？  
您的手机是在昨天交了三十，今天早上凌晨三点多又缴了二十，都已经交上了。  
我结合咱们的信息记录来查看，您这个本机余额有四十五块三毛四。那为什么昨天上午就二十九块钱？  
您是没有昨天交过三十块钱的话费，当时您的余额确实只有二十多，因为您交的这个二十是今天缴的，不是昨天的。  
今天是九号，昨天是十八号，可以了，我知道了。我觉得您今天凌晨的时候交了一个二十块钱的，是的，已经交上了。  
现在您的话费余额有四十多。那4G流量呢？  
那为什么昨天我查到就是二十九？  
应该没超的时候，它只能查询截止到昨天的费用，当天的费用不显示。  
那行，那你先把我现在的话费发过来吧。  
我已经发过去了，看一下。那好，谢谢。  
不客气，卡没有啦，没有啦。",办理打印/邮寄,0,0,"二零零六很高兴为您服务[SEP]我想请问一下我现在手机上的话费还有多少啊[SEP]  
帮您查看了一下[SEP]现在您这个手机卡上的话费是正常的[SEP]不欠费[SEP]我将您截止到现在实时的余额发给您[SEP]您查看一下[SEP]  
我昨天几点的时候交了三十[SEP]然后昨天凌晨几点的时候又交了二十[SEP]为什么我昨天查的只有二十多[SEP]  
您的手机是在昨天交了三十[SEP]今天早上凌晨三点多又缴了二十[SEP]都已经交上了[SEP]  
我结合咱们的信息记录来查看[SEP]您这个本机余额有四十五块三毛四[SEP]那为什么昨天上午就二十九块钱[SEP]  
您是没有昨天交过三十块钱的话费[SEP]当时您的余额确实只有二十多[SEP]因为您交的这个二十是今天缴的[SEP]不是昨天的[SEP]  
今天是九号[SEP]昨天是十八号[SEP]可以了[SEP]我知道了[SEP]我觉得您今天凌晨的时候交了一个二十块钱的[SEP]是的[SEP]已经交上了[SEP]  
现在您的话费余额有四十多[SEP]那4G流量呢[SEP]  
那为什么昨天我查到就是二十九[SEP]  
应该没超的时候[SEP]它只能查询截止到昨天的费用[SEP]当天的费用不显示[SEP]  
那行[SEP]那你先把我现在的话费发过来吧[SEP]  
我已经发过去了[SEP]看一下[SEP]那好[SEP]谢谢[SEP]  
不客气[SEP]卡没有啦[SEP]没有啦[SEP]"
"对话内容：  
您好，很高兴为您服务。你好，我想问一下我这个手机现在办了什么套餐？能帮我查一下吗？哦，是一个飞享套餐，一个月18元。知道了，那有没有捆绑宽带呢？而且我看办了个50兆的宽带，这个宽带每个月收30元吗？对，30元加18元电话费，总共48元。是的，都是从话费里扣的。那我现在想问一下，这18元套餐有什么服务？包括100兆国内流量、来电显示，还送20兆省内流量，以及80分钟本地打国内电话。那全国电话都是算分钟的，对吧？是的。那30元是上网流量费用，18元是包含流量和通话的。对，是这样。那麻烦你给我发个短信，今年1月份到现在的账单可以发过来吗？只能查六个月内的，我这边给您发一条信息，您稍后收到后打开短信里的网站就能查了。好的，还有其他需要帮助吗？对，麻烦问一下，现在能查我账户上还有多少钱吗？我可以把话费余额发到您手机上。好的，短信会发过来的。谢谢啊。",办理打印/邮寄,0,0,"对话内容：  
您好[SEP]很高兴为您服务[SEP]你好[SEP]我想问一下我这个手机现在办了什么套餐[SEP]能帮我查一下吗[SEP]哦[SEP]是一个飞享套餐[SEP]一个月18元[SEP]知道了[SEP]那有没有捆绑宽带呢[SEP]而且我看办了个50兆的宽带[SEP]这个宽带每个月收30元吗[SEP]对[SEP]30元加18元电话费[SEP]总共48元[SEP]是的[SEP]都是从话费里扣的[SEP]那我现在想问一下[SEP]这18元套餐有什么服务[SEP]包括100兆国内流量、来电显示[SEP]还送20兆省内流量[SEP]以及80分钟本地打国内电话[SEP]那全国电话都是算分钟的[SEP]对吧[SEP]是的[SEP]那30元是上网流量费用[SEP]18元是包含流量和通话的[SEP]对[SEP]是这样[SEP]那麻烦你给我发个短信[SEP]今年1月份到现在的账单可以发过来吗[SEP]只能查六个月内的[SEP]我这边给您发一条信息[SEP]您稍后收到后打开短信里的网站就能查了[SEP]好的[SEP]还有其他需要帮助吗[SEP]对[SEP]麻烦问一下[SEP]现在能查我账户上还有多少钱吗[SEP]我可以把话费余额发到您手机上[SEP]好的[SEP]短信会发过来的[SEP]谢谢啊[SEP]"
"对话内容：  
喂喂你好呃那个我想问一下就是我这手机九月初交了五十块钱然后到今天怎么又欠那么多你能帮我查一下就是最低消费啥情况啊  
嗯您稍等啊这张卡套餐费一个月是十八块就是这个套餐十八块之外还有个三十元的手机上网流量包其他就没有了都正常您这个月收费二十多的原因你说有一个三十块的流量包是啥情况啊  
您另外在套餐外开通了一个三十元流量包啊我没有开啊没有没有开啊如果您没开的话这个月流量会送话对吧因为您开了这个业务然后您的套餐内一百二十兆用完接着用了三十元五百兆流量现在差不多用完了我三十元话费扣完所以说现在扣了四十多啊  
不好意思让您等下这个三十元的流量之前你们不是有个活动是不赠送嘛嗯对就是现在活动到期了您没取消的话还会有这个但是这个取消的话当时是不是自动取消了啊  
我肯定没开啊因为这个管这个情况我又忘了我基本上都可以开啊那您不取消一直都有啊它不会这个我那问题是你们给全部打电话应该打过吧到时候发信息然后我也会咨询一下子如果真是您是自动取消的话我基本上都是开如果说不会自动取消就不会开啊那不清楚您当时是什么原因才能看到现在用  
那您现在给我取消吧行那现在取消立即生效二点五g的省内流量全部取消我的这个月末再取消因为您流量用的这个算这个三这个三十块他现在稍微大一点吗我听不清哦您说这个三十这个三十元的流量这个是现在我就显示一次性扣钱不您五百兆流量用完它已经扣了二十多了如果取消掉之后那您现在的话等于说还是二点五g省内流量没有用比较吃亏反正三十元话费马上扣完一天扣了二十多了我建议您就取消这个三十元流量是一共多少是跟是多少g流量显示无百兆全国的和原来一样但是现在返活动给您赠送二点五g的省内流量还有前提下赠送二点五g要开通这个三十元流量包就没有这个三十元流量包呐里面登录都要二点五g省内流量也全部失效再用啊不是那如果说我现在取消的话那我手机里边现在可用流量那个还有还有多少没有了没有了这流量不是这流量不是累积的吗这个不累计啊今天充的现在用完了就不累计我说那个套餐流量不是理解吗就我不知道十块钱套餐吗用完了现在一百二十兆但是我之前我我我七天手机上两个月对我都没有用流量呀那没有那不累计累计的流量也就只能累计一个月那那一个月嘛在长期不用的话到第二个月这个上上个月累计流量磁场就自动取消是吧还是分哦那就是说现在我基本上我流量费扣了二十多了是不如果他就是我那它这个剩下扣二十总共三十块钱它扣了二十多了那是二十九块钱但是还还剩多少流量里面还有二点五g多那三十元总共多少兆总共多少总共送多少流量总共是三个g是吧对五百兆全国的五百兆流量用完三十元话费送二点五g的省内流量免费使用啊不是我的意思是你你刚才已经给我说了我我这三十元流量总共是总共是二总共是二点五g流量是吧那我现在那我现在就已经扣了二十多了信息说我已经把这二十块钱流量已经用完了吗三十元是按照五百兆流量来用的五百兆用完三十元话费扣完二点我就不参与一下里面那就二点五g是啥免费给您赠送的不要钱的是免费赠送了呀对如果您在取消掉三十元流量包也是免费赠送了啊如果说三十元流量的话如果我不开通这个就二点五g就没有了对是这个意思那现在就是我这个五百兆用完之后三十元扣完扣完之后这个二点五g我还是可以用了行是这个情况是吧意思对如果您取消掉之后那就不能用现在就一直在跟您说这个问题挽留也可以哦那就说其实我把这个用完用完之后这个三十块钱他不会再多扣我钱了是吧我这多少钱然后其他的我用流量都是免费了对是这意思吧那就我要取消的话啥时候取消这个月最后一天取消就比较划算月末最后一天是吧吧哦那个你就是你刚才能给我发一份就是包括我打电话平时打电话了一个一个一个就是账单吗这个看不到必须要到营业厅查询这是哪条街已经营业厅查询是吧今天扣费才回来了密码我知道了",办理打印/邮寄,0,0,"对话内容：  
喂喂你好呃那个我想问一下就是我这手机九月初交了五十块钱然后到今天怎么又欠那么多你能帮我查一下就是最低消费啥情况啊  
嗯您稍等啊这张卡套餐费一个月是十八块就是这个套餐十八块之外还有个三十元的手机上网流量包其他就没有了都正常您这个月收费二十多的原因你说有一个三十块的流量包是啥情况啊  
您另外在套餐外开通了一个三十元流量包啊我没有开啊没有没有开啊如果您没开的话这个月流量会送话对吧因为您开了这个业务然后您的套餐内一百二十兆用完接着用了三十元五百兆流量现在差不多用完了我三十元话费扣完所以说现在扣了四十多啊  
不好意思让您等下这个三十元的流量之前你们不是有个活动是不赠送嘛嗯对就是现在活动到期了您没取消的话还会有这个但是这个取消的话当时是不是自动取消了啊  
我肯定没开啊因为这个管这个情况我又忘了我基本上都可以开啊那您不取消一直都有啊它不会这个我那问题是你们给全部打电话应该打过吧到时候发信息然后我也会咨询一下子如果真是您是自动取消的话我基本上都是开如果说不会自动取消就不会开啊那不清楚您当时是什么原因才能看到现在用  
那您现在给我取消吧行那现在取消立即生效二点五g的省内流量全部取消我的这个月末再取消因为您流量用的这个算这个三这个三十块他现在稍微大一点吗我听不清哦您说这个三十这个三十元的流量这个是现在我就显示一次性扣钱不您五百兆流量用完它已经扣了二十多了如果取消掉之后那您现在的话等于说还是二点五g省内流量没有用比较吃亏反正三十元话费马上扣完一天扣了二十多了我建议您就取消这个三十元流量是一共多少是跟是多少g流量显示无百兆全国的和原来一样但是现在返活动给您赠送二点五g的省内流量还有前提下赠送二点五g要开通这个三十元流量包就没有这个三十元流量包呐里面登录都要二点五g省内流量也全部失效再用啊不是那如果说我现在取消的话那我手机里边现在可用流量那个还有还有多少没有了没有了这流量不是这流量不是累积的吗这个不累计啊今天充的现在用完了就不累计我说那个套餐流量不是理解吗就我不知道十块钱套餐吗用完了现在一百二十兆但是我之前我我我七天手机上两个月对我都没有用流量呀那没有那不累计累计的流量也就只能累计一个月那那一个月嘛在长期不用的话到第二个月这个上上个月累计流量磁场就自动取消是吧还是分哦那就是说现在我基本上我流量费扣了二十多了是不如果他就是我那它这个剩下扣二十总共三十块钱它扣了二十多了那是二十九块钱但是还还剩多少流量里面还有二点五g多那三十元总共多少兆总共多少总共送多少流量总共是三个g是吧对五百兆全国的五百兆流量用完三十元话费送二点五g的省内流量免费使用啊不是我的意思是你你刚才已经给我说了我我这三十元流量总共是总共是二总共是二点五g流量是吧那我现在那我现在就已经扣了二十多了信息说我已经把这二十块钱流量已经用完了吗三十元是按照五百兆流量来用的五百兆用完三十元话费扣完二点我就不参与一下里面那就二点五g是啥免费给您赠送的不要钱的是免费赠送了呀对如果您在取消掉三十元流量包也是免费赠送了啊如果说三十元流量的话如果我不开通这个就二点五g就没有了对是这个意思那现在就是我这个五百兆用完之后三十元扣完扣完之后这个二点五g我还是可以用了行是这个情况是吧意思对如果您取消掉之后那就不能用现在就一直在跟您说这个问题挽留也可以哦那就说其实我把这个用完用完之后这个三十块钱他不会再多扣我钱了是吧我这多少钱然后其他的我用流量都是免费了对是这意思吧那就我要取消的话啥时候取消这个月最后一天取消就比较划算月末最后一天是吧吧哦那个你就是你刚才能给我发一份就是包括我打电话平时打电话了一个一个一个就是账单吗这个看不到必须要到营业厅查询这是哪条街已经营业厅查询是吧今天扣费才回来了密码我知道了"
您好，很高兴为您服务。你好，请问您是想办理移机业务吗？就是想把原来的宽带号码换成八五四五的光宽带，需要什么手续呢？是不是要重新申请宽带呢？我们这边有专门的宽带客服可以帮您转接，您看方便吗？好的，那如果没有其他问题，我帮您转过去，稍等一下，别挂断电话，听好提示音哦。,办理移机/装机/拆机,0,0,您好[SEP]很高兴为您服务[SEP]你好[SEP]请问您是想办理移机业务吗[SEP]就是想把原来的宽带号码换成八五四五的光宽带[SEP]需要什么手续呢[SEP]是不是要重新申请宽带呢[SEP]我们这边有专门的宽带客服可以帮您转接[SEP]您看方便吗[SEP]好的[SEP]那如果没有其他问题[SEP]我帮您转过去[SEP]稍等一下[SEP]别挂断电话[SEP]听好提示音哦[SEP]
您好，很高兴为您服务。请问您是想办理移机业务吗？就是把原来的宽带换成八五四五的光纤宽带，需要哪些流程呢？是不是得重新申请宽带呢？我们这里有宽带专席可以为您转接，您看需要吗？好的，如果没有其他问题，我这就帮您转过去，稍等一下，别挂断，注意听提示音哦。,办理移机/装机/拆机,0,0,您好[SEP]很高兴为您服务[SEP]请问您是想办理移机业务吗[SEP]就是把原来的宽带换成八五四五的光纤宽带[SEP]需要哪些流程呢[SEP]是不是得重新申请宽带呢[SEP]我们这里有宽带专席可以为您转接[SEP]您看需要吗[SEP]好的[SEP]如果没有其他问题[SEP]我这就帮您转过去[SEP]稍等一下[SEP]别挂断[SEP]注意听提示音哦[SEP]
哦上网知道您好，很高兴为您服务。喂，你好，我想申请一下宽带移机对吗？女士啊，对的，这个需要您带上身份证到我们的营业厅办理。不用了，我之前打电话已经办好了。那这样吧，女士，我给您这边负责宽带的区域经理打个电话，把他的号码发给您，您直接联系他办理可以吗？一百兆的号码发给我吧，好的，稍等一下。啊，谢谢啊，稍等一下，女士，啊，什么什么，九九，嗯嗯，取消了。好的，这边已经把短信发给您了，稍后注意查收。,办理移机/装机/拆机,0,0,哦上网知道您好[SEP]很高兴为您服务[SEP]喂[SEP]你好[SEP]我想申请一下宽带移机对吗[SEP]女士啊[SEP]对的[SEP]这个需要您带上身份证到我们的营业厅办理[SEP]不用了[SEP]我之前打电话已经办好了[SEP]那这样吧[SEP]女士[SEP]我给您这边负责宽带的区域经理打个电话[SEP]把他的号码发给您[SEP]您直接联系他办理可以吗[SEP]一百兆的号码发给我吧[SEP]好的[SEP]稍等一下[SEP]啊[SEP]谢谢啊[SEP]稍等一下[SEP]女士[SEP]啊[SEP]什么什么[SEP]九九[SEP]嗯嗯[SEP]取消了[SEP]好的[SEP]这边已经把短信发给您了[SEP]稍后注意查收[SEP]
哦，上网知道您好，很高兴为您服务。喂，你好，我想把宽带移一下位置，对吗？女士啊，对的，这个需要您拿着身份证去营业厅办理。不用了，我之前打电话已经处理过了。那这样吧，女士，我帮您联系一下负责宽带的区域经理，把他的电话发给您，您直接跟他沟通办理吧。一百兆的号码发给我，好的，稍等一下。啊，谢谢啊，稍等一下，女士，啊，什么什么，九九，嗯嗯，取消了。好的，短信已经发给您了，请注意查收。,办理移机/装机/拆机,0,0,哦[SEP]上网知道您好[SEP]很高兴为您服务[SEP]喂[SEP]你好[SEP]我想把宽带移一下位置[SEP]对吗[SEP]女士啊[SEP]对的[SEP]这个需要您拿着身份证去营业厅办理[SEP]不用了[SEP]我之前打电话已经处理过了[SEP]那这样吧[SEP]女士[SEP]我帮您联系一下负责宽带的区域经理[SEP]把他的电话发给您[SEP]您直接跟他沟通办理吧[SEP]一百兆的号码发给我[SEP]好的[SEP]稍等一下[SEP]啊[SEP]谢谢啊[SEP]稍等一下[SEP]女士[SEP]啊[SEP]什么什么[SEP]九九[SEP]嗯嗯[SEP]取消了[SEP]好的[SEP]短信已经发给您了[SEP]请注意查收[SEP]
对话内容：不需要服务专线请讲喂我想装个你们移动那个宽带那有没有查询过您这个位置有没有我们宽带覆盖没有我也有跟您说一下您的位置您说这个是我帮您记录然后咱们会有工作人员帮您查询您这张卡费用朝阳区北侧我这不是您本地的您详细说一下嗯得多详细北京用说吗嗯北京市或者是哪个区通州区北京地区通州区啊嗯然后呢朝阳区北侧朝阳区北侧然后呢没了我这不道你们牌号多少骑车那你这是一个门市还什么没事门市经营什么叫什么名小李洗洗车店科室哪个李先后的里还是礼仪呀加贝洗车行是吧对联系电话留您本机就可以吗行这个我帮您记录了工作人员查询完之后会给您回复电话请问还有其他问题吗没有祝您生活愉快再见,办理移机/装机/拆机,0,0,对话内容：不需要服务专线请讲喂我想装个你们移动那个宽带那有没有查询过您这个位置有没有我们宽带覆盖没有我也有跟您说一下您的位置您说这个是我帮您记录然后咱们会有工作人员帮您查询您这张卡费用朝阳区北侧我这不是您本地的您详细说一下嗯得多详细北京用说吗嗯北京市或者是哪个区通州区北京地区通州区啊嗯然后呢朝阳区北侧朝阳区北侧然后呢没了我这不道你们牌号多少骑车那你这是一个门市还什么没事门市经营什么叫什么名小李洗洗车店科室哪个李先后的里还是礼仪呀加贝洗车行是吧对联系电话留您本机就可以吗行这个我帮您记录了工作人员查询完之后会给您回复电话请问还有其他问题吗没有祝您生活愉快再见
"对话内容：  
谢谢您好，实习生七六五，很高兴为您服务。你好，您好，我想问一下，放假期间有没有人可以来安装宽带啊？您是说要装宽带对吗？对的。您好，请问您具体在哪个位置呢？我给您发一下营业厅的电话，您去问问放假期间他们能不能正常上门安装。嗯，您是在哪个区域呀？是信阳市的哪个区或者县呢？谢谢老板，第一线。好的，请稍等，金县。请您稍等一下，我帮您查一下。对，您方便具体说一下位置吗？七街老单机大批G。嗯，您是说在市区里面吗？您确定是在市区吗？哦，对，市区的话有东华路营业厅和车站路营业厅，您就近选一个吧。移动中华路营业厅。好的，我把地址和电话发给您，您再跟营业厅确认一下放假期间是否能安装吧。好的，谢谢。不客气，已经发给您了，您稍后联系一下。好的，再见。",办理移机/装机/拆机,0,0,"对话内容：  
谢谢您好[SEP]实习生七六五[SEP]很高兴为您服务[SEP]你好[SEP]您好[SEP]我想问一下[SEP]放假期间有没有人可以来安装宽带啊[SEP]您是说要装宽带对吗[SEP]对的[SEP]您好[SEP]请问您具体在哪个位置呢[SEP]我给您发一下营业厅的电话[SEP]您去问问放假期间他们能不能正常上门安装[SEP]嗯[SEP]您是在哪个区域呀[SEP]是信阳市的哪个区或者县呢[SEP]谢谢老板[SEP]第一线[SEP]好的[SEP]请稍等[SEP]金县[SEP]请您稍等一下[SEP]我帮您查一下[SEP]对[SEP]您方便具体说一下位置吗[SEP]七街老单机大批G[SEP]嗯[SEP]您是说在市区里面吗[SEP]您确定是在市区吗[SEP]哦[SEP]对[SEP]市区的话有东华路营业厅和车站路营业厅[SEP]您就近选一个吧[SEP]移动中华路营业厅[SEP]好的[SEP]我把地址和电话发给您[SEP]您再跟营业厅确认一下放假期间是否能安装吧[SEP]好的[SEP]谢谢[SEP]不客气[SEP]已经发给您了[SEP]您稍后联系一下[SEP]好的[SEP]再见[SEP]"
"对话内容：  
您好，感谢来电，我是实习生七六五，很高兴为您服务。你好，您好，我想问一下，假期期间还有没有工作人员可以来装宽带啊？您是想装宽带对吗？对的。您好，请问您具体在哪个地方呢？我给您提供一下营业厅的联系方式，您去了解一下假期期间是否还能上门安装。嗯，您是在哪个区域呢？是信阳市的哪个区或县？谢谢，第一线。好的，请稍等，金县。我帮您查一下。对，您方便说明一下具体位置吗？七街老单机大批G。嗯，您是说在市区里吗？您确定是在市区吗？哦，对，市区有东华路营业厅和车站路营业厅，您看哪个更近。移动中华路营业厅。好的，我把这个营业厅的地址和电话发给您，您再和他们确认一下假期是否能安装。好的，谢谢。不客气，已经发给您了，您稍后联系一下。好的，再见。",办理移机/装机/拆机,0,0,"对话内容：  
您好[SEP]感谢来电[SEP]我是实习生七六五[SEP]很高兴为您服务[SEP]你好[SEP]您好[SEP]我想问一下[SEP]假期期间还有没有工作人员可以来装宽带啊[SEP]您是想装宽带对吗[SEP]对的[SEP]您好[SEP]请问您具体在哪个地方呢[SEP]我给您提供一下营业厅的联系方式[SEP]您去了解一下假期期间是否还能上门安装[SEP]嗯[SEP]您是在哪个区域呢[SEP]是信阳市的哪个区或县[SEP]谢谢[SEP]第一线[SEP]好的[SEP]请稍等[SEP]金县[SEP]我帮您查一下[SEP]对[SEP]您方便说明一下具体位置吗[SEP]七街老单机大批G[SEP]嗯[SEP]您是说在市区里吗[SEP]您确定是在市区吗[SEP]哦[SEP]对[SEP]市区有东华路营业厅和车站路营业厅[SEP]您看哪个更近[SEP]移动中华路营业厅[SEP]好的[SEP]我把这个营业厅的地址和电话发给您[SEP]您再和他们确认一下假期是否能安装[SEP]好的[SEP]谢谢[SEP]不客气[SEP]已经发给您了[SEP]您稍后联系一下[SEP]好的[SEP]再见[SEP]"
"对话内容：  
你好啊，很高兴为您服务。我想问一下，我这个号码上面有一条免费的宽带，现在想停掉，但是好像不能直接销号。您是需要先把宽带解除掉，才能办理销号。我看到您还有一个送话费的手机套餐，是刚用不久的，现在手机坏了也不用了，可以取消吗？这个是因为您在五月份参加了买手机送话费的活动，这种活动期间号码是不能销号的。如果手机确实坏了，建议您去营业厅找值班经理说明情况，看看能不能申请取消这个活动。我们这边没办法操作，需要到当地移动营业厅处理。取消之后就可以正常办理销号了，对吧？好的，谢谢您。不客气，还有其他需要帮助的吗？",办理移机/装机/拆机,0,0,"对话内容：  
你好啊[SEP]很高兴为您服务[SEP]我想问一下[SEP]我这个号码上面有一条免费的宽带[SEP]现在想停掉[SEP]但是好像不能直接销号[SEP]您是需要先把宽带解除掉[SEP]才能办理销号[SEP]我看到您还有一个送话费的手机套餐[SEP]是刚用不久的[SEP]现在手机坏了也不用了[SEP]可以取消吗[SEP]这个是因为您在五月份参加了买手机送话费的活动[SEP]这种活动期间号码是不能销号的[SEP]如果手机确实坏了[SEP]建议您去营业厅找值班经理说明情况[SEP]看看能不能申请取消这个活动[SEP]我们这边没办法操作[SEP]需要到当地移动营业厅处理[SEP]取消之后就可以正常办理销号了[SEP]对吧[SEP]好的[SEP]谢谢您[SEP]不客气[SEP]还有其他需要帮助的吗[SEP]"
"对话内容：  
您好，很高兴为您服务。我这边有个问题想咨询一下，我的号码上有一条免费宽带，现在想停掉，但好像不能直接销号。您得先把宽带解绑，才能办理销号。我看您还有一个送话费的手机套餐，是刚用不久的，现在手机坏了，不想用了，能取消吗？这个活动是五月份参加的买手机送话费，活动期间是不能销号的。如果手机确实损坏了，建议您去营业厅找经理说明情况，看是否能取消这个活动。我们这边无法操作，只能去当地移动营业厅处理。取消后就能正常销号了，对吧？好的，谢谢。不客气，还有其他需要帮忙的吗？",办理移机/装机/拆机,0,0,"对话内容：  
您好[SEP]很高兴为您服务[SEP]我这边有个问题想咨询一下[SEP]我的号码上有一条免费宽带[SEP]现在想停掉[SEP]但好像不能直接销号[SEP]您得先把宽带解绑[SEP]才能办理销号[SEP]我看您还有一个送话费的手机套餐[SEP]是刚用不久的[SEP]现在手机坏了[SEP]不想用了[SEP]能取消吗[SEP]这个活动是五月份参加的买手机送话费[SEP]活动期间是不能销号的[SEP]如果手机确实损坏了[SEP]建议您去营业厅找经理说明情况[SEP]看是否能取消这个活动[SEP]我们这边无法操作[SEP]只能去当地移动营业厅处理[SEP]取消后就能正常销号了[SEP]对吧[SEP]好的[SEP]谢谢[SEP]不客气[SEP]还有其他需要帮忙的吗[SEP]"
对话内容：您好，很高兴为您服务。请问您是想把一百元话费转到家庭成员账户吗？您先按手机上的1号键。是的，您是从自己的话费里转一百到家庭账户对吗？需要服务密码吗？请先输入账号和密码，九对吧？我给您发个验证码，请看一下，是1346000998吗？您收到后输入验证一下。扣十块的话，您稍等，六九九二零，网那边您今天是否已经转过来了？如果没成功，可以再转一次，因为每天限额两百元。您是不是已经转成功了？那我明天再联系您吧，好的。,办理缴费,0,0,对话内容：您好[SEP]很高兴为您服务[SEP]请问您是想把一百元话费转到家庭成员账户吗[SEP]您先按手机上的1号键[SEP]是的[SEP]您是从自己的话费里转一百到家庭账户对吗[SEP]需要服务密码吗[SEP]请先输入账号和密码[SEP]九对吧[SEP]我给您发个验证码[SEP]请看一下[SEP]是1346000998吗[SEP]您收到后输入验证一下[SEP]扣十块的话[SEP]您稍等[SEP]六九九二零[SEP]网那边您今天是否已经转过来了[SEP]如果没成功[SEP]可以再转一次[SEP]因为每天限额两百元[SEP]您是不是已经转成功了[SEP]那我明天再联系您吧[SEP]好的[SEP]
对话内容：喂你好呃我想问一下那个账户是不是能转话费啊哎对对对行本机密码知道吗嗯知道您现在输下密码二四一般退款再见啊谢谢啊你好啊欠多少钱啊不返不用您手机上发个短信验证码看到就输入验证一下好吗好的再见啊那他都是转到家庭成员的号码上是吧对啊喔他再给您发个短信验证码输入验证一下幺您好好好哎九三三八九二喂谢谢啊我再见再见的这个是谢谢啊有收到验证码吗都输过了呀又给您发了没收到是吧哦那你再发一个吧啊行我再给您发一下七七二幺六二谢谢对好的好稍等一下好的他给您转过了好谢谢啊不客气嗯,办理缴费,0,0,对话内容：喂你好呃我想问一下那个账户是不是能转话费啊哎对对对行本机密码知道吗嗯知道您现在输下密码二四一般退款再见啊谢谢啊你好啊欠多少钱啊不返不用您手机上发个短信验证码看到就输入验证一下好吗好的再见啊那他都是转到家庭成员的号码上是吧对啊喔他再给您发个短信验证码输入验证一下幺您好好好哎九三三八九二喂谢谢啊我再见再见的这个是谢谢啊有收到验证码吗都输过了呀又给您发了没收到是吧哦那你再发一个吧啊行我再给您发一下七七二幺六二谢谢对好的好稍等一下好的他给您转过了好谢谢啊不客气嗯
对话内容：您好，很高兴为您服务。您是想从家庭账户转账吗？刚才短信发送失败，能帮您电话转一下吗？您是交话费对吧？您有服务密码吗？我帮您操作。是用本机转账吗？转多少钱？从家庭账户转100元到566，您稍等一下。输一下密码，不要挂电话。井号键结束。验证码收到了吗？您看下。语音提示输入验证码，输完井号键。请输验证码，不要挂电话。验证成功了，100元已经转到566这个号码上了。再转100到568，您确认一下。好的，已经转过去了。还有其他需要帮助的吗？,办理缴费,0,0,对话内容：您好[SEP]很高兴为您服务[SEP]您是想从家庭账户转账吗[SEP]刚才短信发送失败[SEP]能帮您电话转一下吗[SEP]您是交话费对吧[SEP]您有服务密码吗[SEP]我帮您操作[SEP]是用本机转账吗[SEP]转多少钱[SEP]从家庭账户转100元到566[SEP]您稍等一下[SEP]输一下密码[SEP]不要挂电话[SEP]井号键结束[SEP]验证码收到了吗[SEP]您看下[SEP]语音提示输入验证码[SEP]输完井号键[SEP]请输验证码[SEP]不要挂电话[SEP]验证成功了[SEP]100元已经转到566这个号码上了[SEP]再转100到568[SEP]您确认一下[SEP]好的[SEP]已经转过去了[SEP]还有其他需要帮助的吗[SEP]
您好，很高兴为您服务。我这边帮您把两百块钱的话费转一下，稍等一下。不客气，请您按一下一号键确认一下。比如说，感谢您的来电，再见。你好，您现在在家庭账户里没有费用，您是想把这二百元转到家庭账户里对吗？对对对。稍等一下，请您听好提示音输入密码。不是哦，系统会发一条短信验证码，请您看一下有没有收到。四好，收到了吗？请您听好提示音进行验证。好的，再见。不客气。哦，帮您转好了。好的，钱已经转到江苏账户里了，是要转给其他成员吗？转接哪个号码？一三五，然后二六六，知道八零零四个五，第四个。我对两百元全转吗？对，是的。好的，我给您发的第二条验证码，请您稍后查看。嗯，收到吗？好的，请听好提示音进行验证。不客气，再见。稍等一下，咨询一下。好的好的，已经帮您转过了。还有其他需要帮助的吗？没有了，没有了。,办理缴费,0,0,您好[SEP]很高兴为您服务[SEP]我这边帮您把两百块钱的话费转一下[SEP]稍等一下[SEP]不客气[SEP]请您按一下一号键确认一下[SEP]比如说[SEP]感谢您的来电[SEP]再见[SEP]你好[SEP]您现在在家庭账户里没有费用[SEP]您是想把这二百元转到家庭账户里对吗[SEP]对对对[SEP]稍等一下[SEP]请您听好提示音输入密码[SEP]不是哦[SEP]系统会发一条短信验证码[SEP]请您看一下有没有收到[SEP]四好[SEP]收到了吗[SEP]请您听好提示音进行验证[SEP]好的[SEP]再见[SEP]不客气[SEP]哦[SEP]帮您转好了[SEP]好的[SEP]钱已经转到江苏账户里了[SEP]是要转给其他成员吗[SEP]转接哪个号码[SEP]一三五[SEP]然后二六六[SEP]知道八零零四个五[SEP]第四个[SEP]我对两百元全转吗[SEP]对[SEP]是的[SEP]好的[SEP]我给您发的第二条验证码[SEP]请您稍后查看[SEP]嗯[SEP]收到吗[SEP]好的[SEP]请听好提示音进行验证[SEP]不客气[SEP]再见[SEP]稍等一下[SEP]咨询一下[SEP]好的好的[SEP]已经帮您转过了[SEP]还有其他需要帮助的吗[SEP]没有了[SEP]没有了[SEP]
您好，很高兴为您服务。您能帮我把两百块的话费转一下吗？稍等一下。不客气，请您按一下一号键确认一下。比如说，感谢您的来电，再见。你好，您现在在家庭账户里没有费用，您是想把这两百元转进家庭账户里对吧？对对对。稍等，您听好提示音输入密码。不是，系统会发一条短信验证码，请您看看有没有收到。四好，收到吗？请您听好提示音来验证。好的，再见。不客气。哦，帮您转好了。钱已经转到江苏账户里了，是要转给其他人吗？转哪个号码？一三五，接着二六六，八零零四个五，第四个。我对两百元全部转过去吗？对，是的。好的，我刚发的第二条验证码，请您查看一下。嗯，收到吗？好的，请听好提示音操作。不客气，再见。稍等一下，咨询一下。好的好的，已经帮您转好了。还有其他需要帮忙的吗？没有了，没有了。,办理缴费,0,0,您好[SEP]很高兴为您服务[SEP]您能帮我把两百块的话费转一下吗[SEP]稍等一下[SEP]不客气[SEP]请您按一下一号键确认一下[SEP]比如说[SEP]感谢您的来电[SEP]再见[SEP]你好[SEP]您现在在家庭账户里没有费用[SEP]您是想把这两百元转进家庭账户里对吧[SEP]对对对[SEP]稍等[SEP]您听好提示音输入密码[SEP]不是[SEP]系统会发一条短信验证码[SEP]请您看看有没有收到[SEP]四好[SEP]收到吗[SEP]请您听好提示音来验证[SEP]好的[SEP]再见[SEP]不客气[SEP]哦[SEP]帮您转好了[SEP]钱已经转到江苏账户里了[SEP]是要转给其他人吗[SEP]转哪个号码[SEP]一三五[SEP]接着二六六[SEP]八零零四个五[SEP]第四个[SEP]我对两百元全部转过去吗[SEP]对[SEP]是的[SEP]好的[SEP]我刚发的第二条验证码[SEP]请您查看一下[SEP]嗯[SEP]收到吗[SEP]好的[SEP]请听好提示音操作[SEP]不客气[SEP]再见[SEP]稍等一下[SEP]咨询一下[SEP]好的好的[SEP]已经帮您转好了[SEP]还有其他需要帮忙的吗[SEP]没有了[SEP]没有了[SEP]
"对话内容...  

您好实习生六零七很高兴服务喂你好把我那个手机家庭账户里边的费用给我的家庭账户那个成员调一下吧嗯谢谢您是户主吗我是户主好稍等一下按一号键确认一下您稍等上面家庭账户现在有二百块钱我好像是不是我那个机子里本身还要有能转了转到这个家庭账户的钱是吧本身余额还有三千多对啊那是不是还可以调调家庭账户里只能调二百块钱只能调二百那你给我调二百五嗯再见然后家庭账户里面是吗对啊再见嗯行请讲啊啊其他再见您好嗯嗯对输一下密码你好不好意思您的密码输入错误了那我记不住了那那还有啥办法吗这个没有密码转不了的呀七那我报身份证号重新设置密码不行吗嗯嗯您稍等稍等一下恩找什么费用你好吧好的那我稍后把那个家庭成员调账方式以短信形式下发给您可以吗短信的形式是吧不是发送给您也行啊我稍后发到您手机上稍后您查看一下好谢谢啊还有其他需要帮助吗没有了感谢来电再见",办理缴费,0,0,"对话内容...  

您好实习生六零七很高兴服务喂你好把我那个手机家庭账户里边的费用给我的家庭账户那个成员调一下吧嗯谢谢您是户主吗我是户主好稍等一下按一号键确认一下您稍等上面家庭账户现在有二百块钱我好像是不是我那个机子里本身还要有能转了转到这个家庭账户的钱是吧本身余额还有三千多对啊那是不是还可以调调家庭账户里只能调二百块钱只能调二百那你给我调二百五嗯再见然后家庭账户里面是吗对啊再见嗯行请讲啊啊其他再见您好嗯嗯对输一下密码你好不好意思您的密码输入错误了那我记不住了那那还有啥办法吗这个没有密码转不了的呀七那我报身份证号重新设置密码不行吗嗯嗯您稍等稍等一下恩找什么费用你好吧好的那我稍后把那个家庭成员调账方式以短信形式下发给您可以吗短信的形式是吧不是发送给您也行啊我稍后发到您手机上稍后您查看一下好谢谢啊还有其他需要帮助吗没有了感谢来电再见"
您好，很高兴为您服务。刚才我打电话说要补一张河南的卡，现在我在东莞，但是不知道密码，这边能补吗？如果没密码的话就补不了。跨省补卡的话，一般需要知道密码，密码通常是手机后六位，您之前试过吗？没试过的话，建议您去营业厅试试看，要不然在省外可能没办法补了，真的不行的话只能回去了再处理。这张卡是……,办理补换卡,0,0,您好[SEP]很高兴为您服务[SEP]刚才我打电话说要补一张河南的卡[SEP]现在我在东莞[SEP]但是不知道密码[SEP]这边能补吗[SEP]如果没密码的话就补不了[SEP]跨省补卡的话[SEP]一般需要知道密码[SEP]密码通常是手机后六位[SEP]您之前试过吗[SEP]没试过的话[SEP]建议您去营业厅试试看[SEP]要不然在省外可能没办法补了[SEP]真的不行的话只能回去了再处理[SEP]这张卡是……
您好，很高兴为您服务。我刚才打电话说要补一张河南的卡，现在人在东莞，但忘记密码了，这边能补吗？没有密码的话是没法补的。跨省补卡的话，通常需要密码，一般是手机后六位，您之前试过吗？没试过的话，建议去营业厅试试，否则在省外可能没有其他办法，实在不行只能回去了再补。这张卡是……,办理补换卡,0,0,您好[SEP]很高兴为您服务[SEP]我刚才打电话说要补一张河南的卡[SEP]现在人在东莞[SEP]但忘记密码了[SEP]这边能补吗[SEP]没有密码的话是没法补的[SEP]跨省补卡的话[SEP]通常需要密码[SEP]一般是手机后六位[SEP]您之前试过吗[SEP]没试过的话[SEP]建议去营业厅试试[SEP]否则在省外可能没有其他办法[SEP]实在不行只能回去了再补[SEP]这张卡是……
对话内容：哎呀谢谢啊您好很高兴为您服务喂你好昨天我那个手机丢啦然后嗯手机号码挂失了现在能不能帮我看下我这补卡行不行啊您报下手机号幺三四幺三四六二七幺嗯嗯六五七零好您当时是通过身份证号办的还是密码办的身份证吧嗯身份证号呃你说副卡的时候是吧对当时是密码吧好像他让我验证密码好那我帮您转接您得输下密码哦不好意思哦我说好行您稍等一下好的嗯嗯不客气嗯嗯好的已经帮您办理开机还有什么需要帮助吗好号好谢谢你啊好不客气嗯好祝您生活愉快再见,办理补换卡,0,0,对话内容：哎呀谢谢啊您好很高兴为您服务喂你好昨天我那个手机丢啦然后嗯手机号码挂失了现在能不能帮我看下我这补卡行不行啊您报下手机号幺三四幺三四六二七幺嗯嗯六五七零好您当时是通过身份证号办的还是密码办的身份证吧嗯身份证号呃你说副卡的时候是吧对当时是密码吧好像他让我验证密码好那我帮您转接您得输下密码哦不好意思哦我说好行您稍等一下好的嗯嗯不客气嗯嗯好的已经帮您办理开机还有什么需要帮助吗好号好谢谢你啊好不客气嗯好祝您生活愉快再见
您好，请问您想咨询补卡费用吗？请问您的卡是长春地区的还是其他地方的？我是长春的，现在在沈阳。沈阳这边只能以您实际使用地为准，因为跨区补卡业务目前不支持。如果您的卡支持快捷支付功能的话，具体要求需要去营业厅了解。吉林省内现在可以办理快捷支付卡，但需要到指定营业厅办理。您能帮我查一下吗？那请您按语音提示联系沈阳的客服，因为吉林省的部分业务只能在指定营业厅处理。补卡多少钱呢？如果是长春的卡，您客户星级如果是三星的话，补卡费是30元一张。如果三天内有三千以上的消费，补卡费是免费的。长春那边是不是这样？有没有包含三星的优惠？比如五百元消费的话会不会产生费用？他们说具体要以营业厅为准，建议您去核实一下。好的，还有其他需要帮助的吗？祝您生活愉快，再见。,办理补换卡,0,0,您好[SEP]请问您想咨询补卡费用吗[SEP]请问您的卡是长春地区的还是其他地方的[SEP]我是长春的[SEP]现在在沈阳[SEP]沈阳这边只能以您实际使用地为准[SEP]因为跨区补卡业务目前不支持[SEP]如果您的卡支持快捷支付功能的话[SEP]具体要求需要去营业厅了解[SEP]吉林省内现在可以办理快捷支付卡[SEP]但需要到指定营业厅办理[SEP]您能帮我查一下吗[SEP]那请您按语音提示联系沈阳的客服[SEP]因为吉林省的部分业务只能在指定营业厅处理[SEP]补卡多少钱呢[SEP]如果是长春的卡[SEP]您客户星级如果是三星的话[SEP]补卡费是30元一张[SEP]如果三天内有三千以上的消费[SEP]补卡费是免费的[SEP]长春那边是不是这样[SEP]有没有包含三星的优惠[SEP]比如五百元消费的话会不会产生费用[SEP]他们说具体要以营业厅为准[SEP]建议您去核实一下[SEP]好的[SEP]还有其他需要帮助的吗[SEP]祝您生活愉快[SEP]再见[SEP]
您好，请问您想了解补卡费用吗？您这个卡是长春的还是别的地区？我是在长春，但现在在沈阳。沈阳这边只能根据您实际使用地来处理，因为跨区补卡暂时不支持。如果您这张卡支持快捷支付的话，具体要求得去营业厅确认。吉林省内现在可以申请快捷支付卡，不过需要去指定的营业厅办理。您能帮我查一下吗？那请您按提示转接沈阳的客服，因为吉林省部分业务只在指定营业厅办理。补卡要收多少钱？如果是长春的卡，客户等级是三星的话，补卡费是30元一张。如果三天内消费满三千，补卡费是免费的。长春那边是不是这样？有没有包含三星的优惠？比如消费五百的话会不会收费？他们说具体情况要以营业厅为准，建议您去详细了解一下。好的，还有其他问题吗？祝您生活愉快，再见。,办理补换卡,0,0,您好[SEP]请问您想了解补卡费用吗[SEP]您这个卡是长春的还是别的地区[SEP]我是在长春[SEP]但现在在沈阳[SEP]沈阳这边只能根据您实际使用地来处理[SEP]因为跨区补卡暂时不支持[SEP]如果您这张卡支持快捷支付的话[SEP]具体要求得去营业厅确认[SEP]吉林省内现在可以申请快捷支付卡[SEP]不过需要去指定的营业厅办理[SEP]您能帮我查一下吗[SEP]那请您按提示转接沈阳的客服[SEP]因为吉林省部分业务只在指定营业厅办理[SEP]补卡要收多少钱[SEP]如果是长春的卡[SEP]客户等级是三星的话[SEP]补卡费是30元一张[SEP]如果三天内消费满三千[SEP]补卡费是免费的[SEP]长春那边是不是这样[SEP]有没有包含三星的优惠[SEP]比如消费五百的话会不会收费[SEP]他们说具体情况要以营业厅为准[SEP]建议您去详细了解一下[SEP]好的[SEP]还有其他问题吗[SEP]祝您生活愉快[SEP]再见[SEP]
对话内容：您好请讲你好我想问一下就是我有一张那个吉林的卡我现在那个在长春我那张卡丢了我在长春能补吗很抱歉先生现在暂时没有办法直接跨省补卡呀那你的意思我就还得回到吉林修复呗再就回到吉林地区进行补办吉林地区都可以还是就是吉林如果说您这张卡是吉林的咱们吉林市内的话都可以或者说其他的外五县比如桦甸市蛟河市都可以补办都可以是吧对但是仅限于普通号码如果说您这是优良号码比如说是三个八的四十八了这种号码优良号码那您说那不是补卡对吧我看一下啊对可以就是说只要不是正常的就是要是优良号码身份证号码也应该也能补还没有提及这方面啊可以补都可以就只要是吉林地区就行零四三四范围内的嗯对那就是长春现在还没办法补是吧对放心补卡的话这边暂时没有这个相关的活动啊哎那我就是说那我能能不能让他们给我邮过来呀这个不能先生代办的话您补卡的话就是说代办我看一下啊代办人持有效证件原件及代办人有效证件原件啊啊那我记得我当时那个换四g卡的时候就是他给我邮过来的那不一样换四g卡的话是邮寄您补卡是补卡它是两个业务不能就是说放到一块啊那行谢谢啊不客气请问您还有其他问题需要咨询吗呃没了谢谢不客气祝您生活愉快再见哎再见,办理补换卡,0,0,对话内容：您好请讲你好我想问一下就是我有一张那个吉林的卡我现在那个在长春我那张卡丢了我在长春能补吗很抱歉先生现在暂时没有办法直接跨省补卡呀那你的意思我就还得回到吉林修复呗再就回到吉林地区进行补办吉林地区都可以还是就是吉林如果说您这张卡是吉林的咱们吉林市内的话都可以或者说其他的外五县比如桦甸市蛟河市都可以补办都可以是吧对但是仅限于普通号码如果说您这是优良号码比如说是三个八的四十八了这种号码优良号码那您说那不是补卡对吧我看一下啊对可以就是说只要不是正常的就是要是优良号码身份证号码也应该也能补还没有提及这方面啊可以补都可以就只要是吉林地区就行零四三四范围内的嗯对那就是长春现在还没办法补是吧对放心补卡的话这边暂时没有这个相关的活动啊哎那我就是说那我能能不能让他们给我邮过来呀这个不能先生代办的话您补卡的话就是说代办我看一下啊代办人持有效证件原件及代办人有效证件原件啊啊那我记得我当时那个换四g卡的时候就是他给我邮过来的那不一样换四g卡的话是邮寄您补卡是补卡它是两个业务不能就是说放到一块啊那行谢谢啊不客气请问您还有其他问题需要咨询吗呃没了谢谢不客气祝您生活愉快再见哎再见
"对话内容：  
喂，你好啊，我这边想换一张4G卡，就是换4G卡的话，机主本人得带着有效身份证原件，拿着您的卡去当地的移动营业厅就能换了。我现在这边有卡，系统显示您收到邮寄的卡了，是想激活对吧？哎，您之前有没有备份老卡的通讯录和电话本啊？备份好了吗？那麻烦您提供一下机主的身份证号码和姓名。身份证号是多少啊？二二零二二零幺二二幺二二幺九六六一九六六零八二八四零八二八七零四九七零四九，嗯，请您再核对一下这个信息对不对？是不是二二零多少？哦，幺二二幺二二，嗯，幺九六六幺三六六零八二八零八二八七七零四九七零四九？这回对了吧？姓名是栾栾立新，嗯嗯。现在我给您发个短信验证码，您别挂机，把验证码告诉我。验证码是什么呀？我也不懂，我刚给您发的，您看看短信，要是没看到的话，验证码五分钟内有效，卡进来之后会提示。嗯，现在能看到吗？验证码，我刚发的，你告诉我验证码是什么，给您发个短信，请您看短信，要是现在看不到，稍后看一下，记下来，五分钟内联系我们。哎，哦，那您别忘了联系我们，现在没给您联系，后台激活还得验证完验证码才行。如果您现在看不到，请稍后记下验证码，五分钟内联系我们。请问还有啥能帮您的吗？那个今天完了再给您打这个人工服务，对，然后把验证码告诉我们哦。",办理补换卡,0,0,"对话内容：  
喂[SEP]你好啊[SEP]我这边想换一张4G卡[SEP]就是换4G卡的话[SEP]机主本人得带着有效身份证原件[SEP]拿着您的卡去当地的移动营业厅就能换了[SEP]我现在这边有卡[SEP]系统显示您收到邮寄的卡了[SEP]是想激活对吧[SEP]哎[SEP]您之前有没有备份老卡的通讯录和电话本啊[SEP]备份好了吗[SEP]那麻烦您提供一下机主的身份证号码和姓名[SEP]身份证号是多少啊[SEP]二二零二二零幺二二幺二二幺九六六一九六六零八二八四零八二八七零四九七零四九[SEP]嗯[SEP]请您再核对一下这个信息对不对[SEP]是不是二二零多少[SEP]哦[SEP]幺二二幺二二[SEP]嗯[SEP]幺九六六幺三六六零八二八零八二八七七零四九七零四九[SEP]这回对了吧[SEP]姓名是栾栾立新[SEP]嗯嗯[SEP]现在我给您发个短信验证码[SEP]您别挂机[SEP]把验证码告诉我[SEP]验证码是什么呀[SEP]我也不懂[SEP]我刚给您发的[SEP]您看看短信[SEP]要是没看到的话[SEP]验证码五分钟内有效[SEP]卡进来之后会提示[SEP]嗯[SEP]现在能看到吗[SEP]验证码[SEP]我刚发的[SEP]你告诉我验证码是什么[SEP]给您发个短信[SEP]请您看短信[SEP]要是现在看不到[SEP]稍后看一下[SEP]记下来[SEP]五分钟内联系我们[SEP]哎[SEP]哦[SEP]那您别忘了联系我们[SEP]现在没给您联系[SEP]后台激活还得验证完验证码才行[SEP]如果您现在看不到[SEP]请稍后记下验证码[SEP]五分钟内联系我们[SEP]请问还有啥能帮您的吗[SEP]那个今天完了再给您打这个人工服务[SEP]对[SEP]然后把验证码告诉我们哦[SEP]"
对话内容：喂，你好，是181吗？很高兴服务，你把我那个服务密码发一下呗，他那边啊。,办理重置/修改/补发,0,0,对话内容：喂[SEP]你好[SEP]是181吗[SEP]很高兴服务[SEP]你把我那个服务密码发一下呗[SEP]他那边啊[SEP]
对话内容：呃，那个取消好的，再见啊，您好，请问发到10086什么业务需要咨询啊？没有服务密码，把你那个你给我改一下那个服务密码，密码好吗？哦，原密码您知道是吗？接听不知道吗？那身份证号码有吗？有啊，听到提示输入身份证号，请您放心，结束啊，不客气，好的我哦，行嗯嗯，就是我，你好那么多啊啊，谢谢好哦，那好的，淘宝您好吧，就是你好好好。,办理重置/修改/补发,0,0,对话内容：呃[SEP]那个取消好的[SEP]再见啊[SEP]您好[SEP]请问发到10086什么业务需要咨询啊[SEP]没有服务密码[SEP]把你那个你给我改一下那个服务密码[SEP]密码好吗[SEP]哦[SEP]原密码您知道是吗[SEP]接听不知道吗[SEP]那身份证号码有吗[SEP]有啊[SEP]听到提示输入身份证号[SEP]请您放心[SEP]结束啊[SEP]不客气[SEP]好的我哦[SEP]行嗯嗯[SEP]就是我[SEP]你好那么多啊啊[SEP]谢谢好哦[SEP]那好的[SEP]淘宝您好吧[SEP]就是你好好好[SEP]
"对话内容：  
客服：您好，很高兴为您服务。请问您需要修改服务密码吗？  
用户：对，我忘了。  
客服：请问您办理这张卡时使用的身份证号是多少？  
用户：我记不太清了。  
客服：那您方便用语音输入一下身份证号码吗？我帮您重置。  
用户：好的，我试试。  
客服：请开始语音输入。  
用户：嗯……  
客服：您的密码已经发送到手机，请查收。  
用户：谢谢。  
客服：不客气，还有其他问题吗？  
用户：没有了。",办理重置/修改/补发,0,0,"对话内容：  
客服：您好[SEP]很高兴为您服务[SEP]请问您需要修改服务密码吗[SEP]  
用户：对[SEP]我忘了[SEP]  
客服：请问您办理这张卡时使用的身份证号是多少[SEP]  
用户：我记不太清了[SEP]  
客服：那您方便用语音输入一下身份证号码吗[SEP]我帮您重置[SEP]  
用户：好的[SEP]我试试[SEP]  
客服：请开始语音输入[SEP]  
用户：嗯……  
客服：您的密码已经发送到手机[SEP]请查收[SEP]  
用户：谢谢[SEP]  
客服：不客气[SEP]还有其他问题吗[SEP]  
用户：没有了[SEP]"
对话内容：哎你好很高兴为您服务去过那个五十元流量包取消了哦我看一下嗯行我帮您取消立即生效取消以后五十流量包上网流量就不能用了好吧啊啊好按数字一听好再见啊啊再见哦您好确认成功五十流量包已经取消了现在就没有了好吧哎就是何查一下我那个小学那个卡密码额密码的话稍等一下您现在也发送初始密码发送成功了一下短信直接买手机上了号好好好好还有其他问题吗好没有好嗯按一号键我的服务免费评分好吧嗯祝您生活愉快再见,办理重置/修改/补发,0,0,对话内容：哎你好很高兴为您服务去过那个五十元流量包取消了哦我看一下嗯行我帮您取消立即生效取消以后五十流量包上网流量就不能用了好吧啊啊好按数字一听好再见啊啊再见哦您好确认成功五十流量包已经取消了现在就没有了好吧哎就是何查一下我那个小学那个卡密码额密码的话稍等一下您现在也发送初始密码发送成功了一下短信直接买手机上了号好好好好还有其他问题吗好没有好嗯按一号键我的服务免费评分好吧嗯祝您生活愉快再见
"对话内容：  
您好，请问有什么可以帮您？  
你好，帮我重置一下手机号码的初始密码。  
您这个号码不是移动号，是联通的，需要移动号才能操作。  
那我用我的手机打过去行吗？  
密码涉及隐私，只能用本机操作。  
那我用这个手机号码发信息给你可以吗？  
对，您用这个手机号码发“sxmm”到10086即可查询。  
好的，谢谢。",办理重置/修改/补发,0,0,"对话内容：  
您好[SEP]请问有什么可以帮您[SEP]  
你好[SEP]帮我重置一下手机号码的初始密码[SEP]  
您这个号码不是移动号[SEP]是联通的[SEP]需要移动号才能操作[SEP]  
那我用我的手机打过去行吗[SEP]  
密码涉及隐私[SEP]只能用本机操作[SEP]  
那我用这个手机号码发信息给你可以吗[SEP]  
对[SEP]您用这个手机号码发“sxmm”到10086即可查询[SEP]  
好的[SEP]谢谢[SEP]"
对话内容：你好，有什么服务啊？你能帮我查一下我的套餐能不能降档吗？,咨询（含查询）业务规定,0,0,对话内容：你好[SEP]有什么服务啊[SEP]你能帮我查一下我的套餐能不能降档吗[SEP]
"对话内容：  
客户：你好，我想问一下今天是九月一号吗？  
客服：是的，今天已经取消长途漫游费了。  
客户：那市内的电话费怎么算？  
客服：如果您在优惠分区打电话，是一毛钱一分钟。  
客户：那打长途呢？  
客服：在优惠分区打长途也是一毛钱一分钟。  
客户：如果不在优惠分区呢？  
客服：超出部分是四毛钱，但接电话免费。  
客户：好的，谢谢你。  
客服：不客气，祝您生活愉快，再见。",咨询（含查询）业务规定,0,0,"对话内容：  
客户：你好[SEP]我想问一下今天是九月一号吗[SEP]  
客服：是的[SEP]今天已经取消长途漫游费了[SEP]  
客户：那市内的电话费怎么算[SEP]  
客服：如果您在优惠分区打电话[SEP]是一毛钱一分钟[SEP]  
客户：那打长途呢[SEP]  
客服：在优惠分区打长途也是一毛钱一分钟[SEP]  
客户：如果不在优惠分区呢[SEP]  
客服：超出部分是四毛钱[SEP]但接电话免费[SEP]  
客户：好的[SEP]谢谢你[SEP]  
客服：不客气[SEP]祝您生活愉快[SEP]再见[SEP]"
"对话内容：  
您好，很高兴为您服务，你好，请问有什么可以帮您？我想了解一下我目前开通的套餐是什么，我来帮您查一下，您现在使用的是38元的套餐，包含180分钟通话和450M流量，还赠送来电显示以及全国接听免费。打电话的话每分钟是0.19元。那最近两个月我的消费情况怎么样，是不是都超了？您稍等一下，我来帮您查一下。您本月的套餐是在本地使用的吗？不是，是在河南省，但不在信阳，我现在在郑州。对，我现在的本地通话没有使用，但省内流量有用了。这个套餐里总共有50分钟通话，全国通用，您在郑州可以用这50分钟。流量方面，郑州也可以用，不过昨天流量已经用完了，还有超出的情况。那我现在能换套餐吗？可以的，最低可以换成18元的套餐。哦，好的，那我先了解一下，之后再决定能不能换。",咨询（含查询）业务规定,0,0,"对话内容：  
您好[SEP]很高兴为您服务[SEP]你好[SEP]请问有什么可以帮您[SEP]我想了解一下我目前开通的套餐是什么[SEP]我来帮您查一下[SEP]您现在使用的是38元的套餐[SEP]包含180分钟通话和450M流量[SEP]还赠送来电显示以及全国接听免费[SEP]打电话的话每分钟是0.19元[SEP]那最近两个月我的消费情况怎么样[SEP]是不是都超了[SEP]您稍等一下[SEP]我来帮您查一下[SEP]您本月的套餐是在本地使用的吗[SEP]不是[SEP]是在河南省[SEP]但不在信阳[SEP]我现在在郑州[SEP]对[SEP]我现在的本地通话没有使用[SEP]但省内流量有用了[SEP]这个套餐里总共有50分钟通话[SEP]全国通用[SEP]您在郑州可以用这50分钟[SEP]流量方面[SEP]郑州也可以用[SEP]不过昨天流量已经用完了[SEP]还有超出的情况[SEP]那我现在能换套餐吗[SEP]可以的[SEP]最低可以换成18元的套餐[SEP]哦[SEP]好的[SEP]那我先了解一下[SEP]之后再决定能不能换[SEP]"
"对话内容：  
您好，很高兴为您服务，你好，有什么问题吗？我想查一下自己现在用的是什么套餐，我来帮您看看，您目前的套餐是38元，包括180分钟通话和450M流量，还送来电显示和全国接听免费。打电话每分钟0.19元。那我最近两个月的费用是不是都超支了？您稍等，我帮您查一下。您本月的套餐是在本地使用的吗？不是，是在河南省，但不是信阳，我现在在郑州。对，我这边看到您本地通话没用，但省内流量用了。这个套餐总共是50分钟通话，全国都能用，您在郑州可以用。流量方面，郑州也是可以使用的，不过昨天流量已经用完了，还有超出的部分。那我现在能换套餐吗？可以的，最低可以换成18元的套餐。哦，明白了，那我先了解一下，之后再考虑是否更换。",咨询（含查询）业务规定,0,0,"对话内容：  
您好[SEP]很高兴为您服务[SEP]你好[SEP]有什么问题吗[SEP]我想查一下自己现在用的是什么套餐[SEP]我来帮您看看[SEP]您目前的套餐是38元[SEP]包括180分钟通话和450M流量[SEP]还送来电显示和全国接听免费[SEP]打电话每分钟0.19元[SEP]那我最近两个月的费用是不是都超支了[SEP]您稍等[SEP]我帮您查一下[SEP]您本月的套餐是在本地使用的吗[SEP]不是[SEP]是在河南省[SEP]但不是信阳[SEP]我现在在郑州[SEP]对[SEP]我这边看到您本地通话没用[SEP]但省内流量用了[SEP]这个套餐总共是50分钟通话[SEP]全国都能用[SEP]您在郑州可以用[SEP]流量方面[SEP]郑州也是可以使用的[SEP]不过昨天流量已经用完了[SEP]还有超出的部分[SEP]那我现在能换套餐吗[SEP]可以的[SEP]最低可以换成18元的套餐[SEP]哦[SEP]明白了[SEP]那我先了解一下[SEP]之后再考虑是否更换[SEP]"
"对话内容：  
您好，很高兴为您服务，请讲。  
喂，你好，我这个流量还剩多少？  
我这边帮您看一下，截止到昨天晚上24点，您套餐里包的国内流量还有68.1M，省内流量还有2.5G。  
那这个省内流量在河南省内能用吗？  
对，只要在河南省内都能用，出了省就只能用国内流量了。  
那我现在是在河南用的，这个流量包是3G的，所以我觉得500M国内流量和2.5G省内流量，现在国内流量只剩60多M了，剩下的都是省内流量，出省的话不能用了。  
哦，是的，只能在河南省内用。  
还有其他问题吗？  
现在不需要了。",咨询（含查询）业务规定,0,0,"对话内容：  
您好[SEP]很高兴为您服务[SEP]请讲[SEP]  
喂[SEP]你好[SEP]我这个流量还剩多少[SEP]  
我这边帮您看一下[SEP]截止到昨天晚上24点[SEP]您套餐里包的国内流量还有68.1M[SEP]省内流量还有2.5G[SEP]  
那这个省内流量在河南省内能用吗[SEP]  
对[SEP]只要在河南省内都能用[SEP]出了省就只能用国内流量了[SEP]  
那我现在是在河南用的[SEP]这个流量包是3G的[SEP]所以我觉得500M国内流量和2.5G省内流量[SEP]现在国内流量只剩60多M了[SEP]剩下的都是省内流量[SEP]出省的话不能用了[SEP]  
哦[SEP]是的[SEP]只能在河南省内用[SEP]  
还有其他问题吗[SEP]  
现在不需要了[SEP]"
"对话内容：  
您好，请讲。喂，你好，我想查一下我这张卡有什么费用。好的，请您稍等，感谢您的耐心等待。您目前的主资费套餐是移动4G飞享八元，还有一个三十元的上网流量包，还有一个二十元的电视移动互联网电视魔百盒基础包月，还有一个十五元的魔百和包月。还有一个五十元的幸福家庭包年，一直有效。还有一个五元的套餐，是全国流量三十兆的。现在我要问一下，这些费用要怎么取消对吗？还有一个普通移动气象是两元的，这个是不是也不能取消？这些费用都取消不了的。您这个五元套餐和普通移动气象是可以帮您取消的。宽带其他的呢？您那个三十元流量需要您自己拨打10086，按四号键，有语音提示，您按照语音操作就可以了。您这个魔百和业务应该是用来看电视的，如果您想取消，可以到营业厅，带着您的身份证去沟通一下，看看能不能取消。啊，那您现在这两个业务需要取消吗？不能取消，那个两元的套餐已经取消了。天气预报的这个套餐取消吗？怎么了，天气预报取消吗？用身份证的话，这个月的月租已经扣完了，两元的是的，现在取消的话下个月生效。那我现在就取消五元套餐和两元的移动气象，今天取消是吧？对的，好的。还有其他需要帮助的吗？没有了，就这两项。不客气，祝您生活愉快，再见。哎，再见。着急的情况想让您帮忙。",咨询（含查询）业务规定,0,0,"对话内容：  
您好[SEP]请讲[SEP]喂[SEP]你好[SEP]我想查一下我这张卡有什么费用[SEP]好的[SEP]请您稍等[SEP]感谢您的耐心等待[SEP]您目前的主资费套餐是移动4G飞享八元[SEP]还有一个三十元的上网流量包[SEP]还有一个二十元的电视移动互联网电视魔百盒基础包月[SEP]还有一个十五元的魔百和包月[SEP]还有一个五十元的幸福家庭包年[SEP]一直有效[SEP]还有一个五元的套餐[SEP]是全国流量三十兆的[SEP]现在我要问一下[SEP]这些费用要怎么取消对吗[SEP]还有一个普通移动气象是两元的[SEP]这个是不是也不能取消[SEP]这些费用都取消不了的[SEP]您这个五元套餐和普通移动气象是可以帮您取消的[SEP]宽带其他的呢[SEP]您那个三十元流量需要您自己拨打10086[SEP]按四号键[SEP]有语音提示[SEP]您按照语音操作就可以了[SEP]您这个魔百和业务应该是用来看电视的[SEP]如果您想取消[SEP]可以到营业厅[SEP]带着您的身份证去沟通一下[SEP]看看能不能取消[SEP]啊[SEP]那您现在这两个业务需要取消吗[SEP]不能取消[SEP]那个两元的套餐已经取消了[SEP]天气预报的这个套餐取消吗[SEP]怎么了[SEP]天气预报取消吗[SEP]用身份证的话[SEP]这个月的月租已经扣完了[SEP]两元的是的[SEP]现在取消的话下个月生效[SEP]那我现在就取消五元套餐和两元的移动气象[SEP]今天取消是吧[SEP]对的[SEP]好的[SEP]还有其他需要帮助的吗[SEP]没有了[SEP]就这两项[SEP]不客气[SEP]祝您生活愉快[SEP]再见[SEP]哎[SEP]再见[SEP]着急的情况想让您帮忙[SEP]"
"对话内容：  
您好，请讲。喂，你好，我想了解一下我这个号码有哪些费用。好的，请稍等，感谢您的配合。您现在的主套餐是移动4G飞享八元，还有一个三十元的流量包，二十元的电视魔百盒基础包月，十五元的魔百和包月，还有一个五十元的幸福家庭包年，一直有效。还有一个五元的套餐，是全国流量三十兆的。现在我要问一下，这些费用能取消吗？还有一个普通的移动气象，是两元的，这个能取消吗？这些费用大部分都是不能取消的。您这个五元套餐和普通移动气象是可以帮您关掉的。宽带方面呢？您那个三十元流量包需要您自己打10086，按四号键，根据语音提示操作就可以取消了。您这个魔百和业务是用于看电视的，如果想取消，可以去营业厅，带上本人身份证，跟工作人员沟通看看能不能处理。啊，那您现在这两个业务要取消吗？不能取消，那个两元的套餐已经取消了。天气预报的那个套餐能取消吗？怎么了，天气预报能取消吗？用身份证的话，这个月的费用已经扣了，两元的是的，现在取消的话下个月生效。那我现在就取消五元套餐和两元的移动气象，今天取消是吧？对的，好的。还有其他需要帮忙的吗？没有了，就这两项。不客气，祝您生活愉快，再见。哎，再见。着急的情况想让您帮忙。",咨询（含查询）业务规定,0,0,"对话内容：  
您好[SEP]请讲[SEP]喂[SEP]你好[SEP]我想了解一下我这个号码有哪些费用[SEP]好的[SEP]请稍等[SEP]感谢您的配合[SEP]您现在的主套餐是移动4G飞享八元[SEP]还有一个三十元的流量包[SEP]二十元的电视魔百盒基础包月[SEP]十五元的魔百和包月[SEP]还有一个五十元的幸福家庭包年[SEP]一直有效[SEP]还有一个五元的套餐[SEP]是全国流量三十兆的[SEP]现在我要问一下[SEP]这些费用能取消吗[SEP]还有一个普通的移动气象[SEP]是两元的[SEP]这个能取消吗[SEP]这些费用大部分都是不能取消的[SEP]您这个五元套餐和普通移动气象是可以帮您关掉的[SEP]宽带方面呢[SEP]您那个三十元流量包需要您自己打10086[SEP]按四号键[SEP]根据语音提示操作就可以取消了[SEP]您这个魔百和业务是用于看电视的[SEP]如果想取消[SEP]可以去营业厅[SEP]带上本人身份证[SEP]跟工作人员沟通看看能不能处理[SEP]啊[SEP]那您现在这两个业务要取消吗[SEP]不能取消[SEP]那个两元的套餐已经取消了[SEP]天气预报的那个套餐能取消吗[SEP]怎么了[SEP]天气预报能取消吗[SEP]用身份证的话[SEP]这个月的费用已经扣了[SEP]两元的是的[SEP]现在取消的话下个月生效[SEP]那我现在就取消五元套餐和两元的移动气象[SEP]今天取消是吧[SEP]对的[SEP]好的[SEP]还有其他需要帮忙的吗[SEP]没有了[SEP]就这两项[SEP]不客气[SEP]祝您生活愉快[SEP]再见[SEP]哎[SEP]再见[SEP]着急的情况想让您帮忙[SEP]"
对话内容：喂，你好啊，我这边有点急，能帮我查一下我手机上都开通了啥业务吗？就是我最近好像没咋操作过，但突然收到短信，有点搞不懂。,咨询（含查询）业务订购信息查询,0,0,对话内容：喂[SEP]你好啊[SEP]我这边有点急[SEP]能帮我查一下我手机上都开通了啥业务吗[SEP]就是我最近好像没咋操作过[SEP]但突然收到短信[SEP]有点搞不懂[SEP]
您好，很高兴为您服务。我想请您帮我查一下这个号码有没有开通什么业务，我帮您看看。现在是有一个38块钱的包月套餐，其他没有吧？对，不过为什么每个月都会扣90多甚至上百块呢？您之前有没有开通其他的业务，比如专线之类的？那两个业务已经取消了，嗯，好的，谢谢。不客气，还有不明白的吗？没有了，谢谢，感谢来电，再见。,咨询（含查询）业务订购信息查询,0,0,您好[SEP]很高兴为您服务[SEP]我想请您帮我查一下这个号码有没有开通什么业务[SEP]我帮您看看[SEP]现在是有一个38块钱的包月套餐[SEP]其他没有吧[SEP]对[SEP]不过为什么每个月都会扣90多甚至上百块呢[SEP]您之前有没有开通其他的业务[SEP]比如专线之类的[SEP]那两个业务已经取消了[SEP]嗯[SEP]好的[SEP]谢谢[SEP]不客气[SEP]还有不明白的吗[SEP]没有了[SEP]谢谢[SEP]感谢来电[SEP]再见[SEP]
您好，很高兴为您服务。我想请您帮忙查一下这个号码有没有开通什么业务，我来帮您看看。现在是有一个38元的月套餐，其他没有了吧？对，但为什么每月会扣90多甚至一百多呢？您之前有没有办理过其他业务，比如专线之类的？那两个业务已经关掉了，嗯，好的，谢谢。不客气，还有不清楚的吗？没有了，谢谢，感谢来电，再见。,咨询（含查询）业务订购信息查询,0,0,您好[SEP]很高兴为您服务[SEP]我想请您帮忙查一下这个号码有没有开通什么业务[SEP]我来帮您看看[SEP]现在是有一个38元的月套餐[SEP]其他没有了吧[SEP]对[SEP]但为什么每月会扣90多甚至一百多呢[SEP]您之前有没有办理过其他业务[SEP]比如专线之类的[SEP]那两个业务已经关掉了[SEP]嗯[SEP]好的[SEP]谢谢[SEP]不客气[SEP]还有不清楚的吗[SEP]没有了[SEP]谢谢[SEP]感谢来电[SEP]再见[SEP]
您好，请问有什么可以帮您的？哎，你好，我想查一下我这手机现在有什么业务。还有其他的吗？都有哪些啊？谢谢您。这边显示您目前有八元的月租，包含五十分钟的本地主叫和国内通话时长。我帮您看一下，您这个套餐是三十分钟的国内通话，还额外送了三十分钟的本地主叫国内时长，这个是赠送到二〇一八年三月底的。还有来电显示的优惠。那我现在每月最低要交多少钱呢？每个月是八元的月租，如果不用的话也要收八块钱对吧？对，明白了。还有其他需要咨询的吗？没有了，谢谢。不客气。,咨询（含查询）业务订购信息查询,0,0,您好[SEP]请问有什么可以帮您的[SEP]哎[SEP]你好[SEP]我想查一下我这手机现在有什么业务[SEP]还有其他的吗[SEP]都有哪些啊[SEP]谢谢您[SEP]这边显示您目前有八元的月租[SEP]包含五十分钟的本地主叫和国内通话时长[SEP]我帮您看一下[SEP]您这个套餐是三十分钟的国内通话[SEP]还额外送了三十分钟的本地主叫国内时长[SEP]这个是赠送到二〇一八年三月底的[SEP]还有来电显示的优惠[SEP]那我现在每月最低要交多少钱呢[SEP]每个月是八元的月租[SEP]如果不用的话也要收八块钱对吧[SEP]对[SEP]明白了[SEP]还有其他需要咨询的吗[SEP]没有了[SEP]谢谢[SEP]不客气[SEP]
您好，有什么能帮您的吗？哎，你好，帮我查下我这手机现在有什么业务。还有别的吗？有哪些呢？谢谢。本卡显示有八元的月租，包含五十分钟本地主叫和国内通话时间。我给您看看，您这个是三十分钟的国内通话，另外还送了三十分钟的本地主叫国内时长，这个是到二〇一八年三月底结束的。还有来电显示的优惠。那我现在每月最低消费是多少呢？每个月是八元的月租，如果不使用的话是不是也得交八块钱？对，明白了。还有问题吗？没有了，谢谢。不客气。,咨询（含查询）业务订购信息查询,0,0,您好[SEP]有什么能帮您的吗[SEP]哎[SEP]你好[SEP]帮我查下我这手机现在有什么业务[SEP]还有别的吗[SEP]有哪些呢[SEP]谢谢[SEP]本卡显示有八元的月租[SEP]包含五十分钟本地主叫和国内通话时间[SEP]我给您看看[SEP]您这个是三十分钟的国内通话[SEP]另外还送了三十分钟的本地主叫国内时长[SEP]这个是到二〇一八年三月底结束的[SEP]还有来电显示的优惠[SEP]那我现在每月最低消费是多少呢[SEP]每个月是八元的月租[SEP]如果不使用的话是不是也得交八块钱[SEP]对[SEP]明白了[SEP]还有问题吗[SEP]没有了[SEP]谢谢[SEP]不客气[SEP]
"对话内容：  
您好，实习生七五四，很高兴为您服务。哎，你好，我想问一下，我之前订的那个一百二十八的无线流量套餐现在是不是已经成功了？现在已经生效了吗？现在我看到是有一百八的套餐，已经生效了，那我的流量是不是无限的？对，是的，我现在已经能用了，对吧？可以使用。那省内流量是无线的，要是出省的话就不是无线的了，这个我知道。然后就是全国流量的话是两个店对吧？好，谢谢啊。嗯，不客气。但我看您手机上还开了一个五十块的流量包，是从九月十五号开通的，我建议您到十一月十五号的时候把它关掉就行。你说下个月的话会扣一百七十一点，一百七十八是吧？对，您到下个月十一月十五号把它取消就可以了，就不会再扣钱了。好的，谢谢啊。哎，还有其他可以帮您吗？没有。",咨询（含查询）业务订购信息查询,0,0,"对话内容：  
您好[SEP]实习生七五四[SEP]很高兴为您服务[SEP]哎[SEP]你好[SEP]我想问一下[SEP]我之前订的那个一百二十八的无线流量套餐现在是不是已经成功了[SEP]现在已经生效了吗[SEP]现在我看到是有一百八的套餐[SEP]已经生效了[SEP]那我的流量是不是无限的[SEP]对[SEP]是的[SEP]我现在已经能用了[SEP]对吧[SEP]可以使用[SEP]那省内流量是无线的[SEP]要是出省的话就不是无线的了[SEP]这个我知道[SEP]然后就是全国流量的话是两个店对吧[SEP]好[SEP]谢谢啊[SEP]嗯[SEP]不客气[SEP]但我看您手机上还开了一个五十块的流量包[SEP]是从九月十五号开通的[SEP]我建议您到十一月十五号的时候把它关掉就行[SEP]你说下个月的话会扣一百七十一点[SEP]一百七十八是吧[SEP]对[SEP]您到下个月十一月十五号把它取消就可以了[SEP]就不会再扣钱了[SEP]好的[SEP]谢谢啊[SEP]哎[SEP]还有其他可以帮您吗[SEP]没有[SEP]"
"对话内容：  
您好，实习生七五四，很高兴为您服务。哎，你好，我有点问题想问一下，我之前申请的那个一百二十八的无线流量套餐现在是不是已经生效了？现在我看到是有一百八的套餐，已经生效了，那我的流量是不是不限量的？对，是的，我现在已经能用了，对吧？可以正常使用。那省内流量是无线的，如果出省的话就不属于无线的了，这个我知道。然后全国流量的话是两个店对吧？好，谢谢。嗯，不客气。不过我看您手机上还开着一个五十块的流量包，是从九月十五号开始的，我建议您在十一月十五号的时候把它停掉就行。你说下个月会扣一百七十一点，一百七十八是吧？对，您到下个月十一月十五号把它取消就可以了，这样就不会再扣费了。好的，谢谢。哎，还有其他需要帮忙的吗？没有。",咨询（含查询）业务订购信息查询,0,0,"对话内容：  
您好[SEP]实习生七五四[SEP]很高兴为您服务[SEP]哎[SEP]你好[SEP]我有点问题想问一下[SEP]我之前申请的那个一百二十八的无线流量套餐现在是不是已经生效了[SEP]现在我看到是有一百八的套餐[SEP]已经生效了[SEP]那我的流量是不是不限量的[SEP]对[SEP]是的[SEP]我现在已经能用了[SEP]对吧[SEP]可以正常使用[SEP]那省内流量是无线的[SEP]如果出省的话就不属于无线的了[SEP]这个我知道[SEP]然后全国流量的话是两个店对吧[SEP]好[SEP]谢谢[SEP]嗯[SEP]不客气[SEP]不过我看您手机上还开着一个五十块的流量包[SEP]是从九月十五号开始的[SEP]我建议您在十一月十五号的时候把它停掉就行[SEP]你说下个月会扣一百七十一点[SEP]一百七十八是吧[SEP]对[SEP]您到下个月十一月十五号把它取消就可以了[SEP]这样就不会再扣费了[SEP]好的[SEP]谢谢[SEP]哎[SEP]还有其他需要帮忙的吗[SEP]没有[SEP]"
对话内容：您好请讲那你同事你给我查一下子刚才我刚才我订了这电话来这个短信说他回什么新科什么公司说发生移动退订扣三块钱在十月十五号开始你给我查一下子我要它啥用啊请稍等啊其实它请问什么号码给您发送的呀但现在我不知道啊您告诉我一下是什么号码给您发的什么信息请您具体提供一下那我的这个电话了我看手机他现在什么玩意就是咱们幺零零八六发的信息吧呃那您看一下先生您给我念一下好吗我好核实一下呀啊那你给我所以我怕电话能给我办了手机哦恩好您现在看一下吧哎我就是发布了发不了信息我这是老电话对您稍后看完以后联系我们一下吧因为我看了一下这个卡本身是有天气预报的再额外它没有开通什么业务啊那行好了哎好那您别着急啊先生您查一下吧啊我再我再打幺零零八六能接不能吧嗯这个不确认先生因为系统随机接的如果是别的工作人员都能帮助您的好吗哦好的谢谢了不客气的请问还有什么可以帮助您那好了谢谢不客气祝您生活愉快再见,咨询（含查询）业务订购信息查询,0,0,对话内容：您好请讲那你同事你给我查一下子刚才我刚才我订了这电话来这个短信说他回什么新科什么公司说发生移动退订扣三块钱在十月十五号开始你给我查一下子我要它啥用啊请稍等啊其实它请问什么号码给您发送的呀但现在我不知道啊您告诉我一下是什么号码给您发的什么信息请您具体提供一下那我的这个电话了我看手机他现在什么玩意就是咱们幺零零八六发的信息吧呃那您看一下先生您给我念一下好吗我好核实一下呀啊那你给我所以我怕电话能给我办了手机哦恩好您现在看一下吧哎我就是发布了发不了信息我这是老电话对您稍后看完以后联系我们一下吧因为我看了一下这个卡本身是有天气预报的再额外它没有开通什么业务啊那行好了哎好那您别着急啊先生您查一下吧啊我再我再打幺零零八六能接不能吧嗯这个不确认先生因为系统随机接的如果是别的工作人员都能帮助您的好吗哦好的谢谢了不客气的请问还有什么可以帮助您那好了谢谢不客气祝您生活愉快再见
对话内容：你好，请问一下我这个手机卡的套餐费用是多少啊？麻烦帮我查一下。,咨询（含查询）业务资费,0,0,对话内容：你好[SEP]请问一下我这个手机卡的套餐费用是多少啊[SEP]麻烦帮我查一下[SEP]
对话内容：喂，您好，我想了解一下我用的这个手机卡套餐要多少钱，能帮我查一下吗？,咨询（含查询）业务资费,0,0,对话内容：喂[SEP]您好[SEP]我想了解一下我用的这个手机卡套餐要多少钱[SEP]能帮我查一下吗[SEP]
对话内容：呃，那个我问一下，就是我这手机是五百八十分钟的包月，这个这个超了之后市话还有长途费用费吗？没有长途漫游费啊，就是五百八十分钟之内都包括十都是市话呗。这张卡五百八十分钟是国内通话，超过之后国内打电话一分钟一毛五，我就嗯就是五百八是国内的是不是哪都可以打？是的，国内不含港澳台啊，不含港澳台就是说是啊，国内的所有城区打都是没有长途和漫游是啊是的，都包五百八十分钟之内是不是啊？是的啊，现在是长途跟那什么漫游都取消了是不是啊？对啊，那好了，现在还有什么呢？半年的没有了，我就不知道这个长途是还收不收，现在是好吧？请问还有哪里不理解的吗？啊没有了，就是问问好吧，祝您生活愉快再见。,咨询（含查询）业务资费,0,0,对话内容：呃[SEP]那个我问一下[SEP]就是我这手机是五百八十分钟的包月[SEP]这个这个超了之后市话还有长途费用费吗[SEP]没有长途漫游费啊[SEP]就是五百八十分钟之内都包括十都是市话呗[SEP]这张卡五百八十分钟是国内通话[SEP]超过之后国内打电话一分钟一毛五[SEP]我就嗯就是五百八是国内的是不是哪都可以打[SEP]是的[SEP]国内不含港澳台啊[SEP]不含港澳台就是说是啊[SEP]国内的所有城区打都是没有长途和漫游是啊是的[SEP]都包五百八十分钟之内是不是啊[SEP]是的啊[SEP]现在是长途跟那什么漫游都取消了是不是啊[SEP]对啊[SEP]那好了[SEP]现在还有什么呢[SEP]半年的没有了[SEP]我就不知道这个长途是还收不收[SEP]现在是好吧[SEP]请问还有哪里不理解的吗[SEP]啊没有了[SEP]就是问问好吧[SEP]祝您生活愉快再见[SEP]
"对话内容：  
您好，请问有什么可以帮您？  
你好，我想问一下我这个套餐在吉林市打一分钟多少钱？  
您这张卡是吉林市的，主叫国内每分钟一毛钱，出吉林市的话是每分钟一毛九。  
那在吉林市打电话是六毛吗？  
是的。  
女士，您这个套餐现在每个月有流量，赠送了五十兆省内流量，到九月末结束自动取消。  
这个月还有一个七十兆省内流量也是赠到九月末结束。  
我知道了，就是说套餐本身没有流量，使用的话按每兆两毛九收费对吗？  
不用，不收费的。  
我现在是国通卡对吗？  
是的。  
那打电话都是按一毛一条算吗？  
是的。  
那有没有赠送五十分钟的通话时长？  
有的，超过之后月租八块钱，吉林市内主叫国内一毛，出吉林市的话是每分钟一毛九。  
好的，谢谢。",咨询（含查询）业务资费,0,0,"对话内容：  
您好[SEP]请问有什么可以帮您[SEP]  
你好[SEP]我想问一下我这个套餐在吉林市打一分钟多少钱[SEP]  
您这张卡是吉林市的[SEP]主叫国内每分钟一毛钱[SEP]出吉林市的话是每分钟一毛九[SEP]  
那在吉林市打电话是六毛吗[SEP]  
是的[SEP]  
女士[SEP]您这个套餐现在每个月有流量[SEP]赠送了五十兆省内流量[SEP]到九月末结束自动取消[SEP]  
这个月还有一个七十兆省内流量也是赠到九月末结束[SEP]  
我知道了[SEP]就是说套餐本身没有流量[SEP]使用的话按每兆两毛九收费对吗[SEP]  
不用[SEP]不收费的[SEP]  
我现在是国通卡对吗[SEP]  
是的[SEP]  
那打电话都是按一毛一条算吗[SEP]  
是的[SEP]  
那有没有赠送五十分钟的通话时长[SEP]  
有的[SEP]超过之后月租八块钱[SEP]吉林市内主叫国内一毛[SEP]出吉林市的话是每分钟一毛九[SEP]  
好的[SEP]谢谢[SEP]"
四哎你好您好请问一下我这个卡之前是农村八分乘以一毛二的对吧请您稍等我帮您查一下您好先生我帮您看一下您这张卡的套餐现在已经是从下个月开始改成八块钱的套餐了呃那我想问问能不能恢复成原来的套餐呢请您稍等请问您是在营业厅办理的这个套餐还是通过外呼电话开通的呢好像是外呼电话开通的那这个我这边没办法帮您更改的先生如果您还想要用回之前的套餐，我可以帮您提交申请，之后会有专人联系您处理的嗯那可以的话麻烦您帮我改回来吧我不太喜欢这个新套餐请您稍等您好先生已经帮您提交申请了，请问还有其他需要帮助的吗不需要了那这个卡到5月1号之后是不是又会恢复成原来的资费标准啊包括流量这些还能不能调整呢我这边暂时无法确认，会由相关部门给您回电说明的感谢您的耐心等待，稍后请您回复满意度短信哦好的谢谢祝您生活愉快再见,咨询（含查询）业务资费,0,0,四哎你好您好请问一下我这个卡之前是农村八分乘以一毛二的对吧请您稍等我帮您查一下您好先生我帮您看一下您这张卡的套餐现在已经是从下个月开始改成八块钱的套餐了呃那我想问问能不能恢复成原来的套餐呢请您稍等请问您是在营业厅办理的这个套餐还是通过外呼电话开通的呢好像是外呼电话开通的那这个我这边没办法帮您更改的先生如果您还想要用回之前的套餐[SEP]我可以帮您提交申请[SEP]之后会有专人联系您处理的嗯那可以的话麻烦您帮我改回来吧我不太喜欢这个新套餐请您稍等您好先生已经帮您提交申请了[SEP]请问还有其他需要帮助的吗不需要了那这个卡到5月1号之后是不是又会恢复成原来的资费标准啊包括流量这些还能不能调整呢我这边暂时无法确认[SEP]会由相关部门给您回电说明的感谢您的耐心等待[SEP]稍后请您回复满意度短信哦好的谢谢祝您生活愉快再见
四哎你好您好请问一下我这张卡之前是农村八分乘以一毛二的对吧请您稍等我帮您查一下您好先生我帮您看看您这张卡的套餐现在已经从下个月开始改成八块钱的了呃那我想问一下能不能换回原来的套餐呢请您稍等请问您是去营业厅办理的这个套餐还是被外呼电话推荐的呢应该是外呼电话那边办的那这个我这边没法直接更改的先生如果您还想用以前的套餐，我可以帮您反映一下，后续会有工作人员联系您处理的嗯那能改回来的话麻烦您帮我操作一下吧我不太满意这个新套餐请您稍等您好先生已经帮您反馈了，请问还有别的问题吗不用了那这个卡到了5月1号以后是不是就恢复成原来的收费方式了啊包括流量部分还能不能调呢我这边不能直接处理，会由相关部门给您回电说明的感谢您的配合，稍后请您回复满意度短信哦好的谢谢祝您生活愉快再见,咨询（含查询）业务资费,0,0,四哎你好您好请问一下我这张卡之前是农村八分乘以一毛二的对吧请您稍等我帮您查一下您好先生我帮您看看您这张卡的套餐现在已经从下个月开始改成八块钱的了呃那我想问一下能不能换回原来的套餐呢请您稍等请问您是去营业厅办理的这个套餐还是被外呼电话推荐的呢应该是外呼电话那边办的那这个我这边没法直接更改的先生如果您还想用以前的套餐[SEP]我可以帮您反映一下[SEP]后续会有工作人员联系您处理的嗯那能改回来的话麻烦您帮我操作一下吧我不太满意这个新套餐请您稍等您好先生已经帮您反馈了[SEP]请问还有别的问题吗不用了那这个卡到了5月1号以后是不是就恢复成原来的收费方式了啊包括流量部分还能不能调呢我这边不能直接处理[SEP]会由相关部门给您回电说明的感谢您的配合[SEP]稍后请您回复满意度短信哦好的谢谢祝您生活愉快再见
对话内容：您好请讲你好我麻烦你一下你看看我这个呃我这个卡呀那这个我这是老卡这从今天开始这个资费情况好的先生我这边帮您查询了一下就是您这个打电话的资费在这个就是本地还是不变就是说咱们如果还在吉林的农村一百分钟之内含一百分钟是久费一百分钟到三百分钟含三百分钟是八分但是他打市话和长途都是了就比如说咱们这个如果在这个就是吉林农村一百分钟之内假如说咱们打上海的电话也是九分钱一分钟就长途也是九分钱一分钟然后如果要是三百分钟以上打这个就是打电话是七分钱一分钟假如说您出了吉林农村咱们在国内其它地方比如说在长春地区或者是到北京去它是两毛钱一分钟然后全国接听电话是免费的啊那嗯就是我在吉林农村打不管往全国每个地方打都是九块对啊一百分钟之内都是九分钱一分钟啊啊那如果我要是到长春了或者到北京啊那个我在我我往别人打就是两毛了是的啊我这个一个月给多少流量啊您这个是月月那个来电显示有个主显包里边包括来电显示七十兆省内流量幺三九邮箱和地图和飞信会员里面一共有七十兆的省内流量可以用啊嗯如果流量不够就就得从话费扣了呗是的超过这七十兆之后是两毛九分钱一兆的啊两毛九一兆的对啊啊那我现在我就是在那个吉林农村呃让全国各地打都是九分是啊是的那好谢谢你啊不客气的请问还有什么可以帮助您的没有了谢谢你不客气祝您生活愉快再见,咨询（含查询）业务资费,0,0,对话内容：您好请讲你好我麻烦你一下你看看我这个呃我这个卡呀那这个我这是老卡这从今天开始这个资费情况好的先生我这边帮您查询了一下就是您这个打电话的资费在这个就是本地还是不变就是说咱们如果还在吉林的农村一百分钟之内含一百分钟是久费一百分钟到三百分钟含三百分钟是八分但是他打市话和长途都是了就比如说咱们这个如果在这个就是吉林农村一百分钟之内假如说咱们打上海的电话也是九分钱一分钟就长途也是九分钱一分钟然后如果要是三百分钟以上打这个就是打电话是七分钱一分钟假如说您出了吉林农村咱们在国内其它地方比如说在长春地区或者是到北京去它是两毛钱一分钟然后全国接听电话是免费的啊那嗯就是我在吉林农村打不管往全国每个地方打都是九块对啊一百分钟之内都是九分钱一分钟啊啊那如果我要是到长春了或者到北京啊那个我在我我往别人打就是两毛了是的啊我这个一个月给多少流量啊您这个是月月那个来电显示有个主显包里边包括来电显示七十兆省内流量幺三九邮箱和地图和飞信会员里面一共有七十兆的省内流量可以用啊嗯如果流量不够就就得从话费扣了呗是的超过这七十兆之后是两毛九分钱一兆的啊两毛九一兆的对啊啊那我现在我就是在那个吉林农村呃让全国各地打都是九分是啊是的那好谢谢你啊不客气的请问还有什么可以帮助您的没有了谢谢你不客气祝您生活愉快再见
您好，很高兴为您服务。我想了解一下，我这个10G的专属流量是用在哪个地方的呢？是不是用来做彩铃或者咪咕视频这类视频内容的？对，就是我们这边提供的视频服务，是这样吗？我明白了。,咨询（含查询）产品/业务功能,0,0,您好[SEP]很高兴为您服务[SEP]我想了解一下[SEP]我这个10G的专属流量是用在哪个地方的呢[SEP]是不是用来做彩铃或者咪咕视频这类视频内容的[SEP]对[SEP]就是我们这边提供的视频服务[SEP]是这样吗[SEP]我明白了[SEP]
你好，很高兴为您服务。能帮我查一下，我这个10G的专用流量是用在什么地方的吗？是不是用于彩铃或者咪咕视频这些视频业务啊？对，就是我们提供的那种视频服务，没错吧？我懂了。,咨询（含查询）产品/业务功能,0,0,你好[SEP]很高兴为您服务[SEP]能帮我查一下[SEP]我这个10G的专用流量是用在什么地方的吗[SEP]是不是用于彩铃或者咪咕视频这些视频业务啊[SEP]对[SEP]就是我们提供的那种视频服务[SEP]没错吧[SEP]我懂了[SEP]
您好，很高兴为您服务。你好，我有个问题想问一下，就是我手机上信号栏那里显示了一个SD，这是什么意思啊？是不是高清语音功能？以前怎么从来没看到过，最近这两天才有的。这个是手机卡的功能吗？我查了一下，为什么之前没有呢？是不是月初才上线的？手机卡本来是有这个功能的，之前没有，对吧？对，之前是没有的。那这个标准没问题吧？女士，这个HTC是什么意思啊？是哪款机型吗？打电话的时候是不是会用到这个网络？好的，谢谢您，不客气，祝您生活愉快，再见。,咨询（含查询）产品/业务功能,0,0,您好[SEP]很高兴为您服务[SEP]你好[SEP]我有个问题想问一下[SEP]就是我手机上信号栏那里显示了一个SD[SEP]这是什么意思啊[SEP]是不是高清语音功能[SEP]以前怎么从来没看到过[SEP]最近这两天才有的[SEP]这个是手机卡的功能吗[SEP]我查了一下[SEP]为什么之前没有呢[SEP]是不是月初才上线的[SEP]手机卡本来是有这个功能的[SEP]之前没有[SEP]对吧[SEP]对[SEP]之前是没有的[SEP]那这个标准没问题吧[SEP]女士[SEP]这个HTC是什么意思啊[SEP]是哪款机型吗[SEP]打电话的时候是不是会用到这个网络[SEP]好的[SEP]谢谢您[SEP]不客气[SEP]祝您生活愉快[SEP]再见[SEP]
您好，很高兴为您服务。你好，我有点问题想咨询一下，就是我手机信号栏里出现了一个SD，这是什么意思呀？是不是高清语音功能？以前都没见过，就这两天才有。这个是手机卡的功能吗？我查了一下，为什么之前没有呢？是不是月初才开通的？手机卡本来是有这个功能的，之前没出现过，对吧？对，之前是没有的。那这个有没有影响呢？女士，这个HTC是啥意思啊？是哪款手机吗？打电话时会不会用到这个网络？好的，谢谢您，不客气，祝您生活愉快，再见。,咨询（含查询）产品/业务功能,0,0,您好[SEP]很高兴为您服务[SEP]你好[SEP]我有点问题想咨询一下[SEP]就是我手机信号栏里出现了一个SD[SEP]这是什么意思呀[SEP]是不是高清语音功能[SEP]以前都没见过[SEP]就这两天才有[SEP]这个是手机卡的功能吗[SEP]我查了一下[SEP]为什么之前没有呢[SEP]是不是月初才开通的[SEP]手机卡本来是有这个功能的[SEP]之前没出现过[SEP]对吧[SEP]对[SEP]之前是没有的[SEP]那这个有没有影响呢[SEP]女士[SEP]这个HTC是啥意思啊[SEP]是哪款手机吗[SEP]打电话时会不会用到这个网络[SEP]好的[SEP]谢谢您[SEP]不客气[SEP]祝您生活愉快[SEP]再见[SEP]
喂您好，请问一下我手机现在开通了哪些业务呀？请您稍等，非常感谢您的配合。您这张卡目前是18元的月租费，10元的超级QQ，5元的彩铃，其他的就没有了。这个18元的月租费是不能直接关掉的，如果您不想用的话，可以改成8元的套餐。8元的套餐包含50分钟国内通话和来电显示，而18元的套餐内容不一样，包括100兆国内流量、50兆省内流量，还有80分钟本地通话和来电显示。我现在有流量吗？系统显示您这个月租里包含流量，是100兆国内和50兆省内，现在还有剩余吗？如果看不到的话，建议您拨打10086查询一下，谢谢。不客气，还有其他问题吗？没有了，祝您生活愉快，再见。,咨询（含查询）产品/业务功能,0,0,喂您好[SEP]请问一下我手机现在开通了哪些业务呀[SEP]请您稍等[SEP]非常感谢您的配合[SEP]您这张卡目前是18元的月租费[SEP]10元的超级QQ[SEP]5元的彩铃[SEP]其他的就没有了[SEP]这个18元的月租费是不能直接关掉的[SEP]如果您不想用的话[SEP]可以改成8元的套餐[SEP]8元的套餐包含50分钟国内通话和来电显示[SEP]而18元的套餐内容不一样[SEP]包括100兆国内流量、50兆省内流量[SEP]还有80分钟本地通话和来电显示[SEP]我现在有流量吗[SEP]系统显示您这个月租里包含流量[SEP]是100兆国内和50兆省内[SEP]现在还有剩余吗[SEP]如果看不到的话[SEP]建议您拨打10086查询一下[SEP]谢谢[SEP]不客气[SEP]还有其他问题吗[SEP]没有了[SEP]祝您生活愉快[SEP]再见[SEP]
你好，请问一下我手机上现在有哪些业务开通了？请稍等，感谢您的耐心。您这张卡现在是18元的月租，加上10元的超级QQ和5元的彩铃，其他的没有了。这个18元的月租费是无法取消的，如果您不想要的话，可以换成8元的套餐。8元的套餐只有50分钟国内通话和来电显示，而18元的套餐内容更丰富，包括100兆国内流量、50兆省内流量，还有80分钟本地通话和来电显示。我现在有没有流量呢？系统显示您的月租里包含流量，是100兆国内和50兆省内，现在还剩多少呢？如果看不清楚的话，建议您拨打10086查一下，谢谢。不用谢，还有别的问题吗？没有了，祝您生活愉快，再见。,咨询（含查询）产品/业务功能,0,0,你好[SEP]请问一下我手机上现在有哪些业务开通了[SEP]请稍等[SEP]感谢您的耐心[SEP]您这张卡现在是18元的月租[SEP]加上10元的超级QQ和5元的彩铃[SEP]其他的没有了[SEP]这个18元的月租费是无法取消的[SEP]如果您不想要的话[SEP]可以换成8元的套餐[SEP]8元的套餐只有50分钟国内通话和来电显示[SEP]而18元的套餐内容更丰富[SEP]包括100兆国内流量、50兆省内流量[SEP]还有80分钟本地通话和来电显示[SEP]我现在有没有流量呢[SEP]系统显示您的月租里包含流量[SEP]是100兆国内和50兆省内[SEP]现在还剩多少呢[SEP]如果看不清楚的话[SEP]建议您拨打10086查一下[SEP]谢谢[SEP]不用谢[SEP]还有别的问题吗[SEP]没有了[SEP]祝您生活愉快[SEP]再见[SEP]
您好，我想换一下套餐，现在用的是38元的，想换成流量多一点的。您看有没有合适的？您现在在外地还是本地呀？在本地的话，我看您还有不少流量呢。您现在需要换套餐吗？我之前有一个30元的试用套餐，两个月的，有积分。我知道了，我不用这个流量包的话，有没有更划算的套餐？看话费的话，28元往上可以升级到68元的，68元的有2G流量和80分钟通话，对吧？您现在用的是68元套餐，流量会更多一些，所以没必要换了。现在是38元加30元凑成68元，如果您选68元的话，流量是3个多G，两档的话是2G，通话时间太少了。我这个通话时间是多少啊？您这个也是80分钟，没错。所以套餐没必要换。如果通话时间再多一点的话，有78元的套餐，150分钟，2G流量。那我再考虑一下吧。好的，好的。,咨询（含查询）产品/业务功能,0,0,您好[SEP]我想换一下套餐[SEP]现在用的是38元的[SEP]想换成流量多一点的[SEP]您看有没有合适的[SEP]您现在在外地还是本地呀[SEP]在本地的话[SEP]我看您还有不少流量呢[SEP]您现在需要换套餐吗[SEP]我之前有一个30元的试用套餐[SEP]两个月的[SEP]有积分[SEP]我知道了[SEP]我不用这个流量包的话[SEP]有没有更划算的套餐[SEP]看话费的话[SEP]28元往上可以升级到68元的[SEP]68元的有2G流量和80分钟通话[SEP]对吧[SEP]您现在用的是68元套餐[SEP]流量会更多一些[SEP]所以没必要换了[SEP]现在是38元加30元凑成68元[SEP]如果您选68元的话[SEP]流量是3个多G[SEP]两档的话是2G[SEP]通话时间太少了[SEP]我这个通话时间是多少啊[SEP]您这个也是80分钟[SEP]没错[SEP]所以套餐没必要换[SEP]如果通话时间再多一点的话[SEP]有78元的套餐[SEP]150分钟[SEP]2G流量[SEP]那我再考虑一下吧[SEP]好的[SEP]好的[SEP]
请问我现在能不能换套餐？我现在用的是38元的，想换成流量更多的。您那边有什么推荐的吗？您现在是在外地还是本地？在本地的话，我看您还剩不少流量呢。您现在需要换套餐吗？我之前有个30元的试用套餐，两个月的，有积分。我明白了，我不用这个流量包的话，有没有更优惠的套餐？看话费的话，28元往上可以升到68元，68元的套餐有2G流量和80分钟通话，对吧？您现在用的也是68元套餐，流量更多，所以不用换。现在是38元加30元凑成68元，如果您选择68元，流量是3个多G，两档的话只有2G，通话时间不够。我这个通话时间是多少啊？您这个也是80分钟，没错。所以套餐没必要换。如果通话时间多一点的话，有78元的套餐，150分钟，2G流量。那我再想想吧。好的，好的。,咨询（含查询）产品/业务功能,0,0,请问我现在能不能换套餐[SEP]我现在用的是38元的[SEP]想换成流量更多的[SEP]您那边有什么推荐的吗[SEP]您现在是在外地还是本地[SEP]在本地的话[SEP]我看您还剩不少流量呢[SEP]您现在需要换套餐吗[SEP]我之前有个30元的试用套餐[SEP]两个月的[SEP]有积分[SEP]我明白了[SEP]我不用这个流量包的话[SEP]有没有更优惠的套餐[SEP]看话费的话[SEP]28元往上可以升到68元[SEP]68元的套餐有2G流量和80分钟通话[SEP]对吧[SEP]您现在用的也是68元套餐[SEP]流量更多[SEP]所以不用换[SEP]现在是38元加30元凑成68元[SEP]如果您选择68元[SEP]流量是3个多G[SEP]两档的话只有2G[SEP]通话时间不够[SEP]我这个通话时间是多少啊[SEP]您这个也是80分钟[SEP]没错[SEP]所以套餐没必要换[SEP]如果通话时间多一点的话[SEP]有78元的套餐[SEP]150分钟[SEP]2G流量[SEP]那我再想想吧[SEP]好的[SEP]好的[SEP]
"您好，请问一下，我这个号码上个月被改成的套餐是什么？  
您好，女士，上个月给您调整的套餐已经恢复了，您现在用的还是原来的神州行畅听卡，那个套餐最低消费是十元，有五百分钟通话和五十兆流量，到九月底会自动停掉。  
不过，现在这个套餐没有五百分钟的赠送，最低消费是十元，来电显示是免费的，还有五十兆省内流量。  
之前有个工作人员打电话过来，说最低消费从八元涨到十元，我想取消，但他没给我处理。现在我还是用原来的神州行畅听卡，他当时让我取消了，说是服务台打的电话。  
您看是不是要恢复原来的套餐？现在这个套餐是十元的，如果想办八元的，有五十分钟通话和来电显示，全国通话一毛九一分钟，但没有赠送五百分钟。  
那这样我就明白了，谢谢。请问还有其他需要帮忙的吗？没有的话，祝您生活愉快，再见。",咨询（含查询）产品/业务功能,0,0,"您好[SEP]请问一下[SEP]我这个号码上个月被改成的套餐是什么[SEP]  
您好[SEP]女士[SEP]上个月给您调整的套餐已经恢复了[SEP]您现在用的还是原来的神州行畅听卡[SEP]那个套餐最低消费是十元[SEP]有五百分钟通话和五十兆流量[SEP]到九月底会自动停掉[SEP]  
不过[SEP]现在这个套餐没有五百分钟的赠送[SEP]最低消费是十元[SEP]来电显示是免费的[SEP]还有五十兆省内流量[SEP]  
之前有个工作人员打电话过来[SEP]说最低消费从八元涨到十元[SEP]我想取消[SEP]但他没给我处理[SEP]现在我还是用原来的神州行畅听卡[SEP]他当时让我取消了[SEP]说是服务台打的电话[SEP]  
您看是不是要恢复原来的套餐[SEP]现在这个套餐是十元的[SEP]如果想办八元的[SEP]有五十分钟通话和来电显示[SEP]全国通话一毛九一分钟[SEP]但没有赠送五百分钟[SEP]  
那这样我就明白了[SEP]谢谢[SEP]请问还有其他需要帮忙的吗[SEP]没有的话[SEP]祝您生活愉快[SEP]再见[SEP]"
"你好，我问一下，我这个号码上个月被改成什么套餐了？  
您好，女士，上个月您套餐已经恢复成原来的了，现在还是神州行畅听卡，最低消费十元，有五百分钟通话和五十兆流量，到九月底会自动结束。  
不过现在这个套餐没有赠送五百分钟，最低消费是十元，来电显示免费，还有五十兆省内流量。  
之前有人打电话说最低消费从八元调到了十元，我想取消，但对方没帮我处理。现在我还是用原来的神州行畅听卡，他说让我取消，是服务台那边打的电话。  
您看是不是要恢复原来的套餐？目前这个是十元的，如果想换成八元的，有五十分钟通话和来电显示，全国通话一毛九，但不送五百分钟。  
好的，那我了解了，谢谢。还有别的可以帮您的吗？没有的话，祝您生活愉快，再见。",咨询（含查询）产品/业务功能,0,0,"你好[SEP]我问一下[SEP]我这个号码上个月被改成什么套餐了[SEP]  
您好[SEP]女士[SEP]上个月您套餐已经恢复成原来的了[SEP]现在还是神州行畅听卡[SEP]最低消费十元[SEP]有五百分钟通话和五十兆流量[SEP]到九月底会自动结束[SEP]  
不过现在这个套餐没有赠送五百分钟[SEP]最低消费是十元[SEP]来电显示免费[SEP]还有五十兆省内流量[SEP]  
之前有人打电话说最低消费从八元调到了十元[SEP]我想取消[SEP]但对方没帮我处理[SEP]现在我还是用原来的神州行畅听卡[SEP]他说让我取消[SEP]是服务台那边打的电话[SEP]  
您看是不是要恢复原来的套餐[SEP]目前这个是十元的[SEP]如果想换成八元的[SEP]有五十分钟通话和来电显示[SEP]全国通话一毛九[SEP]但不送五百分钟[SEP]  
好的[SEP]那我了解了[SEP]谢谢[SEP]还有别的可以帮您的吗[SEP]没有的话[SEP]祝您生活愉快[SEP]再见[SEP]"
对话内容：哎你好实习生七五七啊很高兴为您服务那个我就是想问一下我这个宽带密码给忘了呃我是不是得怎么才能查到啊,咨询（含查询）办理方式,0,0,对话内容：哎你好实习生七五七啊很高兴为您服务那个我就是想问一下我这个宽带密码给忘了呃我是不是得怎么才能查到啊
"对话内容：  
您好，实习生为您服务，谢谢，请讲。请问您这上面有多少个M3呀？请稍等，这边帮您查一下。有两千零五十六分。您说是要兑换什么呀？这个东西怎么兑换话费呢？对，现在八百四十分可以兑十块钱，两千五百分可以兑三十块钱，两千零五十六可以兑二十块钱。好的，我给您兑二十元。我把兑换指令发给您，稍后转发两次就可以。兑换成功的话，二十四小时内会生效，会发短信通知您。不需要再打电话了。空号直接发到您手机上，您稍后看一下。请按约定发送到这个号码就可以兑换。",咨询（含查询）办理方式,0,0,"对话内容：  
您好[SEP]实习生为您服务[SEP]谢谢[SEP]请讲[SEP]请问您这上面有多少个M3呀[SEP]请稍等[SEP]这边帮您查一下[SEP]有两千零五十六分[SEP]您说是要兑换什么呀[SEP]这个东西怎么兑换话费呢[SEP]对[SEP]现在八百四十分可以兑十块钱[SEP]两千五百分可以兑三十块钱[SEP]两千零五十六可以兑二十块钱[SEP]好的[SEP]我给您兑二十元[SEP]我把兑换指令发给您[SEP]稍后转发两次就可以[SEP]兑换成功的话[SEP]二十四小时内会生效[SEP]会发短信通知您[SEP]不需要再打电话了[SEP]空号直接发到您手机上[SEP]您稍后看一下[SEP]请按约定发送到这个号码就可以兑换[SEP]"
"对话内容：  
您好，请讲。你好，我想请问一下，我手机里有一个十元五百兆和三十元五百兆的活动，那个赠的话费第二天会赠二十块钱吗？三十块钱五百兆的活动是什么时候核实到的呀？啊，那是很久以前办的，一直没取消。他说今年九月九号可以取消，我想麻烦您帮我取消一下。稍等，不要着急，我查一下。好，谢谢你。三十块钱五百兆的活动是吗？对。我这边显示确实有一个三十块钱的活动，人工台暂时取消不了，我告诉您取消的方法好吗？现在系统升级了，这个业务不能在这里退订，您需要稍后打10086，听到语音后按4号键进入快捷流程，再按1号键取消。谢谢，不客气，还有其他可以帮您吗？没有了，谢谢你。",咨询（含查询）办理方式,0,0,"对话内容：  
您好[SEP]请讲[SEP]你好[SEP]我想请问一下[SEP]我手机里有一个十元五百兆和三十元五百兆的活动[SEP]那个赠的话费第二天会赠二十块钱吗[SEP]三十块钱五百兆的活动是什么时候核实到的呀[SEP]啊[SEP]那是很久以前办的[SEP]一直没取消[SEP]他说今年九月九号可以取消[SEP]我想麻烦您帮我取消一下[SEP]稍等[SEP]不要着急[SEP]我查一下[SEP]好[SEP]谢谢你[SEP]三十块钱五百兆的活动是吗[SEP]对[SEP]我这边显示确实有一个三十块钱的活动[SEP]人工台暂时取消不了[SEP]我告诉您取消的方法好吗[SEP]现在系统升级了[SEP]这个业务不能在这里退订[SEP]您需要稍后打10086[SEP]听到语音后按4号键进入快捷流程[SEP]再按1号键取消[SEP]谢谢[SEP]不客气[SEP]还有其他可以帮您吗[SEP]没有了[SEP]谢谢你[SEP]"
"对话内容：  
您好，很高兴为您服务。我想把我的套餐从九十八改成三十八，现在最低能改成多少？您稍等一下，我看看。您办了主副卡业务，副卡需要办理五十八的套餐，如果没有副卡的话，可以改成十八的。如果不用副卡的话，可以到营业厅办理取消。网上营业厅或者手机掌上营业厅都可以办理。微信也可以吗？对，那好。请问还有其他需要帮您的吗？没有了，祝您生活愉快，再见。",咨询（含查询）办理方式,0,0,"对话内容：  
您好[SEP]很高兴为您服务[SEP]我想把我的套餐从九十八改成三十八[SEP]现在最低能改成多少[SEP]您稍等一下[SEP]我看看[SEP]您办了主副卡业务[SEP]副卡需要办理五十八的套餐[SEP]如果没有副卡的话[SEP]可以改成十八的[SEP]如果不用副卡的话[SEP]可以到营业厅办理取消[SEP]网上营业厅或者手机掌上营业厅都可以办理[SEP]微信也可以吗[SEP]对[SEP]那好[SEP]请问还有其他需要帮您的吗[SEP]没有了[SEP]祝您生活愉快[SEP]再见[SEP]"
您好，请问有什么可以帮您的？啊，我有点想换套餐，现在这个全球通好像不太合适了，能换吗？听说现在有免漫游费的套餐，我这个全球通用起来没什么用。如果能换的话，是不是都是全球通的？能不能换成消费更低一点的？咱们这边从8块到888块都有不同的选择。那我现在能改成8块钱的吗？8块的话是送50分钟国内主叫，还有来电显示，没有流量对吧？那再高一点的呢？比如18块的，是送100M国内加50M省内，不结转，总共150M，通话时间是80分钟本地主叫加50分钟国内，总共130分钟对吗？还有更流量多一点的吗？您跟我说一下，每月能用多少流量？我平时用的不少，大概每天300到500M左右。您是在哪个地方使用？我在辽源，想要全国通用的。那您可以考虑38块的套餐，送300M国内加300M省内，不结转，总共600M，通话是50分钟国内加150分钟本地主叫，一共200分钟。那我要是现在改的话，得去营业厅办理吗？还是打电话就能改？那我现在能直接改吗？如果这月改的话，会不会扣钱？是不是下个月才能用？这月不能用对吧？那您帮我改成8块钱的套餐吧，就是每月8块，送50分钟国内主叫，有来电显示，没有流量。那我再另外加个流量包吧，现在有没有60块多少G的地方套餐？没有的话，那60块的就先这样吧，我再想想，然后打电话过来。请问还有其他问题吗？哎，谢谢您，祝您生活愉快，再见。,咨询（含查询）办理方式,0,0,您好[SEP]请问有什么可以帮您的[SEP]啊[SEP]我有点想换套餐[SEP]现在这个全球通好像不太合适了[SEP]能换吗[SEP]听说现在有免漫游费的套餐[SEP]我这个全球通用起来没什么用[SEP]如果能换的话[SEP]是不是都是全球通的[SEP]能不能换成消费更低一点的[SEP]咱们这边从8块到888块都有不同的选择[SEP]那我现在能改成8块钱的吗[SEP]8块的话是送50分钟国内主叫[SEP]还有来电显示[SEP]没有流量对吧[SEP]那再高一点的呢[SEP]比如18块的[SEP]是送100M国内加50M省内[SEP]不结转[SEP]总共150M[SEP]通话时间是80分钟本地主叫加50分钟国内[SEP]总共130分钟对吗[SEP]还有更流量多一点的吗[SEP]您跟我说一下[SEP]每月能用多少流量[SEP]我平时用的不少[SEP]大概每天300到500M左右[SEP]您是在哪个地方使用[SEP]我在辽源[SEP]想要全国通用的[SEP]那您可以考虑38块的套餐[SEP]送300M国内加300M省内[SEP]不结转[SEP]总共600M[SEP]通话是50分钟国内加150分钟本地主叫[SEP]一共200分钟[SEP]那我要是现在改的话[SEP]得去营业厅办理吗[SEP]还是打电话就能改[SEP]那我现在能直接改吗[SEP]如果这月改的话[SEP]会不会扣钱[SEP]是不是下个月才能用[SEP]这月不能用对吧[SEP]那您帮我改成8块钱的套餐吧[SEP]就是每月8块[SEP]送50分钟国内主叫[SEP]有来电显示[SEP]没有流量[SEP]那我再另外加个流量包吧[SEP]现在有没有60块多少G的地方套餐[SEP]没有的话[SEP]那60块的就先这样吧[SEP]我再想想[SEP]然后打电话过来[SEP]请问还有其他问题吗[SEP]哎[SEP]谢谢您[SEP]祝您生活愉快[SEP]再见[SEP]
您好，请问有什么需要帮助的吗？哦，我想了解一下我的套餐能不能换？我现在这个全球通感觉不太适合我，现在不是有免漫游费的套餐了吗？我这个全球通用起来没什么必要，能换成更便宜的吗？我们这里从8块到888块都有不同档次的套餐。那我现在能换成8块钱的吗？8块钱的套餐是送50分钟国内主叫，还有来电显示，没有流量对吧？那再高点的呢？比如18块钱的，是送100M国内加50M省内，不结转，总共150M，通话时间是80分钟本地主叫加50分钟国内，总共130分钟。还有没有流量更多一点的？您能告诉我一下，每个月能用多少流量？我一般用得比较多，大概每天300到500M。您是在哪里使用？我在辽源，想要全国可用的。那您可以选38块钱的套餐，送300M国内加300M省内，不结转，共600M，通话是50分钟国内加150分钟本地主叫，总共200分钟。那我现在要改的话，是不是要去营业厅？或者打电话就能改？现在能直接改吗？如果这月改的话，会不会扣钱？是不是下个月才能生效？这月用不了对吧？那您帮我改成8块钱的套餐，就是每月8块，送50分钟国内主叫，有来电显示，没有流量。那我再加个流量包吧，现在有没有60块多少G的本地套餐？没有的话，那60块的就先这样，我再考虑一下，之后再联系你们。请问还有其他问题吗？哎，谢谢您，祝您生活愉快，再见。,咨询（含查询）办理方式,0,0,您好[SEP]请问有什么需要帮助的吗[SEP]哦[SEP]我想了解一下我的套餐能不能换[SEP]我现在这个全球通感觉不太适合我[SEP]现在不是有免漫游费的套餐了吗[SEP]我这个全球通用起来没什么必要[SEP]能换成更便宜的吗[SEP]我们这里从8块到888块都有不同档次的套餐[SEP]那我现在能换成8块钱的吗[SEP]8块钱的套餐是送50分钟国内主叫[SEP]还有来电显示[SEP]没有流量对吧[SEP]那再高点的呢[SEP]比如18块钱的[SEP]是送100M国内加50M省内[SEP]不结转[SEP]总共150M[SEP]通话时间是80分钟本地主叫加50分钟国内[SEP]总共130分钟[SEP]还有没有流量更多一点的[SEP]您能告诉我一下[SEP]每个月能用多少流量[SEP]我一般用得比较多[SEP]大概每天300到500M[SEP]您是在哪里使用[SEP]我在辽源[SEP]想要全国可用的[SEP]那您可以选38块钱的套餐[SEP]送300M国内加300M省内[SEP]不结转[SEP]共600M[SEP]通话是50分钟国内加150分钟本地主叫[SEP]总共200分钟[SEP]那我现在要改的话[SEP]是不是要去营业厅[SEP]或者打电话就能改[SEP]现在能直接改吗[SEP]如果这月改的话[SEP]会不会扣钱[SEP]是不是下个月才能生效[SEP]这月用不了对吧[SEP]那您帮我改成8块钱的套餐[SEP]就是每月8块[SEP]送50分钟国内主叫[SEP]有来电显示[SEP]没有流量[SEP]那我再加个流量包吧[SEP]现在有没有60块多少G的本地套餐[SEP]没有的话[SEP]那60块的就先这样[SEP]我再考虑一下[SEP]之后再联系你们[SEP]请问还有其他问题吗[SEP]哎[SEP]谢谢您[SEP]祝您生活愉快[SEP]再见[SEP]
对话内容：你好，很高兴为您服务。请问一下，我这边有一张移动的充值卡，应该怎么使用呢？,咨询（含查询）使用方式,0,0,对话内容：你好[SEP]很高兴为您服务[SEP]请问一下[SEP]我这边有一张移动的充值卡[SEP]应该怎么使用呢[SEP]
对话内容：您好，感谢来电。我这边有张移动的充值卡，能帮我看看怎么用吗？,咨询（含查询）使用方式,0,0,对话内容：您好[SEP]感谢来电[SEP]我这边有张移动的充值卡[SEP]能帮我看看怎么用吗[SEP]
"对话内容：  
您好，请讲。你好，我想请问一下，我这个手机已经办理了4G卡，但是开流量的话怎么不是4G的呢？老户可怕了。请问女士，咱们手机是4G手机对吗？你说怎么的呀？请问手机是4G手机，办对4G手机。恩，那您稍等，别着急，我帮您把网络后台刷新一下。现在需要您把手机数据关闭之后，把手机关机重启一下，过两分钟再连接数据。您试一下，现在复机关闭了是不是？对，之后把手机挂电话之后关机重启就可以了。就把数据关了就行，两三分钟之后再试一下。是吗？数据关闭，把手机关机重启，怎么加手机也关了？哇，对，手机关机之后再开机啊。行，还有其他问题吗？没有了，谢谢。不客气，祝您生活愉快，再见。",咨询（含查询）使用方式,0,0,"对话内容：  
您好[SEP]请讲[SEP]你好[SEP]我想请问一下[SEP]我这个手机已经办理了4G卡[SEP]但是开流量的话怎么不是4G的呢[SEP]老户可怕了[SEP]请问女士[SEP]咱们手机是4G手机对吗[SEP]你说怎么的呀[SEP]请问手机是4G手机[SEP]办对4G手机[SEP]恩[SEP]那您稍等[SEP]别着急[SEP]我帮您把网络后台刷新一下[SEP]现在需要您把手机数据关闭之后[SEP]把手机关机重启一下[SEP]过两分钟再连接数据[SEP]您试一下[SEP]现在复机关闭了是不是[SEP]对[SEP]之后把手机挂电话之后关机重启就可以了[SEP]就把数据关了就行[SEP]两三分钟之后再试一下[SEP]是吗[SEP]数据关闭[SEP]把手机关机重启[SEP]怎么加手机也关了[SEP]哇[SEP]对[SEP]手机关机之后再开机啊[SEP]行[SEP]还有其他问题吗[SEP]没有了[SEP]谢谢[SEP]不客气[SEP]祝您生活愉快[SEP]再见[SEP]"
"对话内容...  

您好很高兴为您服务喂你好您好呃我的这个每次收到验证码的时候哼我就是查询这个我的这个手机手机号的呃服务密码每次发送的时候它上面会显示那个发送那个就是验证码这个平台是什么意思啊啊是手机服务密码的验证码吗啊对对对那现在是有没有更改成功这个服务密码我更改成功了他说每次就是那个呃发送赠送呃过平常呃那您就是发送的时候只用跟发送一遍就可以了不用重复的发送它就是呃收收到一个不行得收两个验证码然后就没到第二次的时候他都会显示那个是支付密码活动请稍后再试那现在有没有更改成功呢再见呃现在好像是更改成功了吗恩那好的那您就是重新用这个新密码来呃登陆一下看看有没有更改成功就可以了哦那行行行那我说一下吧恩好还有其他可以帮到您的吗没有他这个就是收到那个验证码这个过多管理平台是什么意思啊怎么一回事儿都这个是不影响的应该是您第一次输入的时候输入有误然后重新输入了一次哦那行行行好的好的",咨询（含查询）使用方式,0,0,"对话内容...  

您好很高兴为您服务喂你好您好呃我的这个每次收到验证码的时候哼我就是查询这个我的这个手机手机号的呃服务密码每次发送的时候它上面会显示那个发送那个就是验证码这个平台是什么意思啊啊是手机服务密码的验证码吗啊对对对那现在是有没有更改成功这个服务密码我更改成功了他说每次就是那个呃发送赠送呃过平常呃那您就是发送的时候只用跟发送一遍就可以了不用重复的发送它就是呃收收到一个不行得收两个验证码然后就没到第二次的时候他都会显示那个是支付密码活动请稍后再试那现在有没有更改成功呢再见呃现在好像是更改成功了吗恩那好的那您就是重新用这个新密码来呃登陆一下看看有没有更改成功就可以了哦那行行行那我说一下吧恩好还有其他可以帮到您的吗没有他这个就是收到那个验证码这个过多管理平台是什么意思啊怎么一回事儿都这个是不影响的应该是您第一次输入的时候输入有误然后重新输入了一次哦那行行行好的好的"
您好，请讲。哎，麻烦你帮我查一下，我手机上有个五毛钱的增值业务费用，我不清楚是怎么扣的，你能帮我看看吗？好的，我马上帮您查一下。抱歉让您久等了。增值服务费一般是指在网站上点播或者订购的一些非十一位号码的服务，比如一些交易平台发的信息产生的费用。我没有点过这些，就收到一条短信，是建设银行95533发的，那五毛钱是不是有点贵啊？您可以看一下您的详单，我建议您核实一下。我上哪儿看啊？你们能帮我查一下吗？我看不着。再见。我是来找你帮忙看看这个情况的，我会帮你联系计费部门进行核实和处理。那你先记一下吧，我就收到一条95533的短信，然后发到88加，八点半发送，赠送两万五毛钱，那也太贵了吧。其他我也没办什么业务。嗯，好的，我马上帮您联系。那谢谢您，会帮您处理的。请问还有其他需要帮助的吗？没有了，就这个。你给我按投诉也行，就是你说的服务也可以，完了他给我回话，什么情况啊，它一定要告诉我。刚才发个短信就五毛钱，现在长途电话都没了，连漫游都没有了，一个短信怎么这么贵？嗯……嗯……好的，谢谢。喂，你好，祝您生活愉快。,咨询（含查询）使用方式,0,0,您好[SEP]请讲[SEP]哎[SEP]麻烦你帮我查一下[SEP]我手机上有个五毛钱的增值业务费用[SEP]我不清楚是怎么扣的[SEP]你能帮我看看吗[SEP]好的[SEP]我马上帮您查一下[SEP]抱歉让您久等了[SEP]增值服务费一般是指在网站上点播或者订购的一些非十一位号码的服务[SEP]比如一些交易平台发的信息产生的费用[SEP]我没有点过这些[SEP]就收到一条短信[SEP]是建设银行95533发的[SEP]那五毛钱是不是有点贵啊[SEP]您可以看一下您的详单[SEP]我建议您核实一下[SEP]我上哪儿看啊[SEP]你们能帮我查一下吗[SEP]我看不着[SEP]再见[SEP]我是来找你帮忙看看这个情况的[SEP]我会帮你联系计费部门进行核实和处理[SEP]那你先记一下吧[SEP]我就收到一条95533的短信[SEP]然后发到88加[SEP]八点半发送[SEP]赠送两万五毛钱[SEP]那也太贵了吧[SEP]其他我也没办什么业务[SEP]嗯[SEP]好的[SEP]我马上帮您联系[SEP]那谢谢您[SEP]会帮您处理的[SEP]请问还有其他需要帮助的吗[SEP]没有了[SEP]就这个[SEP]你给我按投诉也行[SEP]就是你说的服务也可以[SEP]完了他给我回话[SEP]什么情况啊[SEP]它一定要告诉我[SEP]刚才发个短信就五毛钱[SEP]现在长途电话都没了[SEP]连漫游都没有了[SEP]一个短信怎么这么贵[SEP]嗯……嗯……好的[SEP]谢谢[SEP]喂[SEP]你好[SEP]祝您生活愉快[SEP]
您好，请讲。哎，麻烦你帮我看看，我手机上有个五毛钱的增值业务费，我不知道是怎么扣的，能帮我查一下吗？好的，我这就帮您查。抱歉让您久等了。增值服务费通常是指一些网上点播或者非十一位号码的订阅服务，比如一些平台发来的信息可能产生的费用。我没办过这些，只收到一条建设银行95533的短信，这五毛钱是不是太高了？您可以查一下自己的详单，确认一下是否合理。我上哪儿查啊？你们能帮我看看吗？我看不到。再见。我是来问问这个情况的，我会帮您联系计费部门核实处理。那你先记一下，我就收到一条95533的短信，然后发到88加，八点半发的，说送两万五毛钱，这也太贵了吧。别的没办什么。嗯，好的，我这就帮您联系。那谢谢您，会帮您处理的。请问还有什么事需要帮忙吗？没有了，就这个。你要是按投诉也行，或者说是服务问题也行，他那边回复我，什么情况？刚才发个短信就五毛钱，现在连漫游都没了，一个短信怎么这么贵？嗯……嗯……好的，谢谢。喂，你好，祝您生活愉快。,咨询（含查询）使用方式,0,0,您好[SEP]请讲[SEP]哎[SEP]麻烦你帮我看看[SEP]我手机上有个五毛钱的增值业务费[SEP]我不知道是怎么扣的[SEP]能帮我查一下吗[SEP]好的[SEP]我这就帮您查[SEP]抱歉让您久等了[SEP]增值服务费通常是指一些网上点播或者非十一位号码的订阅服务[SEP]比如一些平台发来的信息可能产生的费用[SEP]我没办过这些[SEP]只收到一条建设银行95533的短信[SEP]这五毛钱是不是太高了[SEP]您可以查一下自己的详单[SEP]确认一下是否合理[SEP]我上哪儿查啊[SEP]你们能帮我看看吗[SEP]我看不到[SEP]再见[SEP]我是来问问这个情况的[SEP]我会帮您联系计费部门核实处理[SEP]那你先记一下[SEP]我就收到一条95533的短信[SEP]然后发到88加[SEP]八点半发的[SEP]说送两万五毛钱[SEP]这也太贵了吧[SEP]别的没办什么[SEP]嗯[SEP]好的[SEP]我这就帮您联系[SEP]那谢谢您[SEP]会帮您处理的[SEP]请问还有什么事需要帮忙吗[SEP]没有了[SEP]就这个[SEP]你要是按投诉也行[SEP]或者说是服务问题也行[SEP]他那边回复我[SEP]什么情况[SEP]刚才发个短信就五毛钱[SEP]现在连漫游都没了[SEP]一个短信怎么这么贵[SEP]嗯……嗯……好的[SEP]谢谢[SEP]喂[SEP]你好[SEP]祝您生活愉快[SEP]
"对话内容：  
您好，请讲。  
你好，我想问一下，咱们那个10086里面有个139邮箱，我想问一下那个邮箱是app吗，还是邮箱单独有一个ip？  
女士，您是说咱们139邮箱的那个地址是吗？  
对，他说单独有一个ip。  
咱们可以自己下载一个139邮箱，也可以下载个客户端。  
那我打10086看看，那个要是今天呢属于什么呀？  
女士，您是说那里边那个怎么提示您的？就是说您那个登录139邮箱是在10086就能登录对吗？  
对，您看您那个是不是有链接，您点击之后直接进入六十天，就输入登录密码就进去了。  
哦，那女士，这个也有可能是说它那个里边有这个装置的，它这个啊网站，但是正常在139邮箱他也有139邮箱的这个地址。  
那我知道了，那个就属于一个链接短信呢是不对，有可能是有这个链接点就是链接上去了。  
是我看那有些活动139信箱活动肯定也还是找不着，应该就是gip里去就行是吧？  
哦，对，您也可以就是下载139邮箱的客户端，您看一下那个应用宝里头呢，下载的话就直接输入那个139休息那个新乡吗？  
怎么怎么下载？那下载哪个文字文字输入什么？就是吉林移动139信箱啊，中国移动啊。  
您稍等，我帮您看一下，我们这边有没有地址。  
您稍等一下啊，哦地址好像我那短信收过收到过是吧？您稍等，我看一下咱们这边系统有没有，有的话我就直接帮您发。  
请稍等啊。  
哦，行，谢谢。  
不客气，女士，您好。  
感谢您耐心等待，咱们有139邮箱的网址，我把139邮箱网址我直接发给您好吧。  
哦，那行，是不是要北京银行卡里找？应该输啥呀？  
电信打里头呃，在因为保持女士，那您就打咱们139邮箱，您看有没有出来呢？  
那行，好了，谢谢。",咨询（含查询）使用方式,0,0,"对话内容：  
您好[SEP]请讲[SEP]  
你好[SEP]我想问一下[SEP]咱们那个10086里面有个139邮箱[SEP]我想问一下那个邮箱是app吗[SEP]还是邮箱单独有一个ip[SEP]  
女士[SEP]您是说咱们139邮箱的那个地址是吗[SEP]  
对[SEP]他说单独有一个ip[SEP]  
咱们可以自己下载一个139邮箱[SEP]也可以下载个客户端[SEP]  
那我打10086看看[SEP]那个要是今天呢属于什么呀[SEP]  
女士[SEP]您是说那里边那个怎么提示您的[SEP]就是说您那个登录139邮箱是在10086就能登录对吗[SEP]  
对[SEP]您看您那个是不是有链接[SEP]您点击之后直接进入六十天[SEP]就输入登录密码就进去了[SEP]  
哦[SEP]那女士[SEP]这个也有可能是说它那个里边有这个装置的[SEP]它这个啊网站[SEP]但是正常在139邮箱他也有139邮箱的这个地址[SEP]  
那我知道了[SEP]那个就属于一个链接短信呢是不对[SEP]有可能是有这个链接点就是链接上去了[SEP]  
是我看那有些活动139信箱活动肯定也还是找不着[SEP]应该就是gip里去就行是吧[SEP]  
哦[SEP]对[SEP]您也可以就是下载139邮箱的客户端[SEP]您看一下那个应用宝里头呢[SEP]下载的话就直接输入那个139休息那个新乡吗[SEP]  
怎么怎么下载[SEP]那下载哪个文字文字输入什么[SEP]就是吉林移动139信箱啊[SEP]中国移动啊[SEP]  
您稍等[SEP]我帮您看一下[SEP]我们这边有没有地址[SEP]  
您稍等一下啊[SEP]哦地址好像我那短信收过收到过是吧[SEP]您稍等[SEP]我看一下咱们这边系统有没有[SEP]有的话我就直接帮您发[SEP]  
请稍等啊[SEP]  
哦[SEP]行[SEP]谢谢[SEP]  
不客气[SEP]女士[SEP]您好[SEP]  
感谢您耐心等待[SEP]咱们有139邮箱的网址[SEP]我把139邮箱网址我直接发给您好吧[SEP]  
哦[SEP]那行[SEP]是不是要北京银行卡里找[SEP]应该输啥呀[SEP]  
电信打里头呃[SEP]在因为保持女士[SEP]那您就打咱们139邮箱[SEP]您看有没有出来呢[SEP]  
那行[SEP]好了[SEP]谢谢[SEP]"
对话内容：喂你好啊，那个我问一下，就是15137930141379后面是啥呀，3016430164这个号码是不是欠费了？我查了一下好像挺正常的。,咨询（含查询）号码状态,0,0,对话内容：喂你好啊[SEP]那个我问一下[SEP]就是15137930141379后面是啥呀[SEP]3016430164这个号码是不是欠费了[SEP]我查了一下好像挺正常的[SEP]
"对话内容：  
您好，很高兴为您服务，嗯，现在呃，帮我查一下那个手机号是啥状态吧，我给您说个号，您报一下号码啊，呃，幺八七幺八七六八九九六八九九二二五八二二五八，呃，现在我已经欠费了，欠费停机，欠费一百七十四块四毛七，哎，那像电话费都能正常使用了是吧？充上话费就恢复了，好了，好，谢谢啊，不客气，还有什么可以帮您吗？呃，没有，谢谢，祝您生活愉快，再见，上保存错。",咨询（含查询）号码状态,0,0,"对话内容：  
您好[SEP]很高兴为您服务[SEP]嗯[SEP]现在呃[SEP]帮我查一下那个手机号是啥状态吧[SEP]我给您说个号[SEP]您报一下号码啊[SEP]呃[SEP]幺八七幺八七六八九九六八九九二二五八二二五八[SEP]呃[SEP]现在我已经欠费了[SEP]欠费停机[SEP]欠费一百七十四块四毛七[SEP]哎[SEP]那像电话费都能正常使用了是吧[SEP]充上话费就恢复了[SEP]好了[SEP]好[SEP]谢谢啊[SEP]不客气[SEP]还有什么可以帮您吗[SEP]呃[SEP]没有[SEP]谢谢[SEP]祝您生活愉快[SEP]再见[SEP]上保存错[SEP]"
对话内容：呃那个您好很高兴为您服务我这手机怎么突然就没信号了显示一小查这个号码关机开机一下也不行啊能不能帮我看看为什么业务说说那个卡的欧开的两个都是移动的就这一个卡把这个卡换个卡上试试呢邮箱这个可不行啊呃这到底怎么回事儿那这种的话那您拿这那就只能是不是卡坏了呀最近的号号码有什么问题没有哎你好手机号是多少先生您不是幺五零幺五零零三八九七幺八八嗯嗯状态是正常的状态是正常的是吧对哦行如果是换个更换过卡上还不行的话那应该是sim卡这两个问题可以让您到营业厅检查一下如果卡换了您再换一张就可以了哦好那我知道了常状态的号码没问题是吧对号码的问题状态也正常还有话费呢那这样我就说我正常用着呢怎么好ok,咨询（含查询）号码状态,0,0,对话内容：呃那个您好很高兴为您服务我这手机怎么突然就没信号了显示一小查这个号码关机开机一下也不行啊能不能帮我看看为什么业务说说那个卡的欧开的两个都是移动的就这一个卡把这个卡换个卡上试试呢邮箱这个可不行啊呃这到底怎么回事儿那这种的话那您拿这那就只能是不是卡坏了呀最近的号号码有什么问题没有哎你好手机号是多少先生您不是幺五零幺五零零三八九七幺八八嗯嗯状态是正常的状态是正常的是吧对哦行如果是换个更换过卡上还不行的话那应该是sim卡这两个问题可以让您到营业厅检查一下如果卡换了您再换一张就可以了哦好那我知道了常状态的号码没问题是吧对号码的问题状态也正常还有话费呢那这样我就说我正常用着呢怎么好ok
对话内容：您好，请问有什么可以帮您？我想办理十八块钱的套餐。好的，已经为您办理成功了。那这个套餐里面包含多少流量呢？您这个套餐包含一百兆国内流量和五十兆省内流量，每个月还会额外赠送九百兆省内和省外流量。那我的卡还是四G的吗？是的，您现在还是四G卡。那为什么我刚才上网有点问题？明白了，我们马上为您修复四G上网功能，您稍后关机重启一下。谢谢您，不用客气。还有其他问题吗？没有了，祝您生活愉快，再见。,咨询（含查询）号码状态,0,0,对话内容：您好[SEP]请问有什么可以帮您[SEP]我想办理十八块钱的套餐[SEP]好的[SEP]已经为您办理成功了[SEP]那这个套餐里面包含多少流量呢[SEP]您这个套餐包含一百兆国内流量和五十兆省内流量[SEP]每个月还会额外赠送九百兆省内和省外流量[SEP]那我的卡还是四G的吗[SEP]是的[SEP]您现在还是四G卡[SEP]那为什么我刚才上网有点问题[SEP]明白了[SEP]我们马上为您修复四G上网功能[SEP]您稍后关机重启一下[SEP]谢谢您[SEP]不用客气[SEP]还有其他问题吗[SEP]没有了[SEP]祝您生活愉快[SEP]再见[SEP]
您好，很高兴为您服务。我这边想问一下，我的主卡上个月没用，会不会被自动销号啊？这个卡是省外的还是省内的是不是有规定？比如说我在外地办的卡，是不是要回原归属地处理？您说的这个卡是外省的对吧？我在外地办的，现在在郑州，那这个卡会被销号吗？是这样吗？先生，我们现在是河南的客服，您说的卡是在郑州办的对吧？哦，是郑州的移动号码吗？我刚才听您说是贵州的，对吗？我接了两张卡，这张卡这个月要销号，是河南的，学生办的，然后在郑州也行。他说三个月不用就会被销号，现在已经销号了，他们说必须本人去对吧？您能跟我说一下，销号是不是需要机主本人带证件去营业厅办理呢？能不能让别人代为办理？比如用支付宝上传身份证信息可以吗？您是河南省的还是省外的？河南省的，申请的是郑州的，对吧？我看了一下郑州这边的规定，显示需要机主本人带证件去营业厅办理，其他号码没有这种情况。那我先问问，谢谢。不客气，还需要帮忙吗？需要三块钱。,咨询（含查询）号码状态,0,0,您好[SEP]很高兴为您服务[SEP]我这边想问一下[SEP]我的主卡上个月没用[SEP]会不会被自动销号啊[SEP]这个卡是省外的还是省内的是不是有规定[SEP]比如说我在外地办的卡[SEP]是不是要回原归属地处理[SEP]您说的这个卡是外省的对吧[SEP]我在外地办的[SEP]现在在郑州[SEP]那这个卡会被销号吗[SEP]是这样吗[SEP]先生[SEP]我们现在是河南的客服[SEP]您说的卡是在郑州办的对吧[SEP]哦[SEP]是郑州的移动号码吗[SEP]我刚才听您说是贵州的[SEP]对吗[SEP]我接了两张卡[SEP]这张卡这个月要销号[SEP]是河南的[SEP]学生办的[SEP]然后在郑州也行[SEP]他说三个月不用就会被销号[SEP]现在已经销号了[SEP]他们说必须本人去对吧[SEP]您能跟我说一下[SEP]销号是不是需要机主本人带证件去营业厅办理呢[SEP]能不能让别人代为办理[SEP]比如用支付宝上传身份证信息可以吗[SEP]您是河南省的还是省外的[SEP]河南省的[SEP]申请的是郑州的[SEP]对吧[SEP]我看了一下郑州这边的规定[SEP]显示需要机主本人带证件去营业厅办理[SEP]其他号码没有这种情况[SEP]那我先问问[SEP]谢谢[SEP]不客气[SEP]还需要帮忙吗[SEP]需要三块钱[SEP]
您好，很高兴为您服务。我有个问题想咨询一下，我的主卡上个月没用，会不会被自动销号啊？这个卡是省内还是省外的？有没有什么规定？比如说我在外地办的卡，是不是得回到归属地处理？您说的这个卡是外省的对吧？我在外地办的，现在在郑州，那这个卡会被销号吗？是这样吗？先生，我们现在是河南的客服，您说的卡是在郑州办的对吧？哦，是郑州的移动号码吗？我刚才听您说是贵州的，对吗？我接了两张卡，这张卡这个月要销号，是河南的，学生办的，然后在郑州也行。他说三个月不用就会被销号，现在已经销号了，他们说必须本人去对吧？您能跟我说一下，销号是不是需要机主本人带证件去营业厅办理呢？能不能找别人代办？比如通过支付宝上传身份证信息可以吗？您是河南省的还是省外的？河南省的，申请的是郑州的，对吧？我看了一下郑州这边的规定，显示需要机主本人带证件去营业厅办理，其他号码没有这种情况。那我先问问，谢谢。不客气，还有别的需要帮忙的吗？需要三块钱。,咨询（含查询）号码状态,0,0,您好[SEP]很高兴为您服务[SEP]我有个问题想咨询一下[SEP]我的主卡上个月没用[SEP]会不会被自动销号啊[SEP]这个卡是省内还是省外的[SEP]有没有什么规定[SEP]比如说我在外地办的卡[SEP]是不是得回到归属地处理[SEP]您说的这个卡是外省的对吧[SEP]我在外地办的[SEP]现在在郑州[SEP]那这个卡会被销号吗[SEP]是这样吗[SEP]先生[SEP]我们现在是河南的客服[SEP]您说的卡是在郑州办的对吧[SEP]哦[SEP]是郑州的移动号码吗[SEP]我刚才听您说是贵州的[SEP]对吗[SEP]我接了两张卡[SEP]这张卡这个月要销号[SEP]是河南的[SEP]学生办的[SEP]然后在郑州也行[SEP]他说三个月不用就会被销号[SEP]现在已经销号了[SEP]他们说必须本人去对吧[SEP]您能跟我说一下[SEP]销号是不是需要机主本人带证件去营业厅办理呢[SEP]能不能找别人代办[SEP]比如通过支付宝上传身份证信息可以吗[SEP]您是河南省的还是省外的[SEP]河南省的[SEP]申请的是郑州的[SEP]对吧[SEP]我看了一下郑州这边的规定[SEP]显示需要机主本人带证件去营业厅办理[SEP]其他号码没有这种情况[SEP]那我先问问[SEP]谢谢[SEP]不客气[SEP]还有别的需要帮忙的吗[SEP]需要三块钱[SEP]
对话内容：你好，请问一下移动宽带是不是有区域限制的？您是说有线宽带吗？对，我这边可以帮您转接宽带专员，确认一下您所在的位置是否支持办理。好的，请问您是想了解中国移动的有线宽带吗？对的，请稍等，别挂断。三九就等一下，行不行啊？对，用的话是这样。嗯，九十分钟可以办。对，去对啊。您好，为您服务。你好，您好，再见。再见。请问有什么可以帮您？好的，可以帮您。好的，对的。您好，您好。用户想查询自己所在位置是否能办理有线宽带。请转接。,咨询（含查询）宽带覆盖范围,0,0,对话内容：你好[SEP]请问一下移动宽带是不是有区域限制的[SEP]您是说有线宽带吗[SEP]对[SEP]我这边可以帮您转接宽带专员[SEP]确认一下您所在的位置是否支持办理[SEP]好的[SEP]请问您是想了解中国移动的有线宽带吗[SEP]对的[SEP]请稍等[SEP]别挂断[SEP]三九就等一下[SEP]行不行啊[SEP]对[SEP]用的话是这样[SEP]嗯[SEP]九十分钟可以办[SEP]对[SEP]去对啊[SEP]您好[SEP]为您服务[SEP]你好[SEP]您好[SEP]再见[SEP]再见[SEP]请问有什么可以帮您[SEP]好的[SEP]可以帮您[SEP]好的[SEP]对的[SEP]您好[SEP]您好[SEP]用户想查询自己所在位置是否能办理有线宽带[SEP]请转接[SEP]
对话内容：你好，我想问问移动宽带是不是只在某些地方能用？您是说有线宽带吗？对，我这边可以帮您转到宽带专席，核实一下您现在的位置是否支持办理。好的，您是问咱们移动的有线宽带对吧？对的，请稍等，不要挂掉。三九等一下，行不行？对，用的话就是这样。嗯，九十分钟能办。对，去对啊。您好，很高兴为您服务。你好，您好，再见。再见。请问需要帮忙吗？好的，可以帮您。好的，没错。您好，您好。用户想查一下他那边能不能申请有线宽带。请转接。,咨询（含查询）宽带覆盖范围,0,0,对话内容：你好[SEP]我想问问移动宽带是不是只在某些地方能用[SEP]您是说有线宽带吗[SEP]对[SEP]我这边可以帮您转到宽带专席[SEP]核实一下您现在的位置是否支持办理[SEP]好的[SEP]您是问咱们移动的有线宽带对吧[SEP]对的[SEP]请稍等[SEP]不要挂掉[SEP]三九等一下[SEP]行不行[SEP]对[SEP]用的话就是这样[SEP]嗯[SEP]九十分钟能办[SEP]对[SEP]去对啊[SEP]您好[SEP]很高兴为您服务[SEP]你好[SEP]您好[SEP]再见[SEP]再见[SEP]请问需要帮忙吗[SEP]好的[SEP]可以帮您[SEP]好的[SEP]没错[SEP]您好[SEP]您好[SEP]用户想查一下他那边能不能申请有线宽带[SEP]请转接[SEP]
"对话内容：  
喂你好啊呃那个我想问一下就是想安移动的无线网嗯再见哎我呃那个我们家是德辉的好的女士您先别着急您把您下的是哪个位置告诉我然后我们这里给您申请一下看看咱们的位置能不能申请我找不到安宽带吗我们是谁对就是按无线网络wifi咱们现在只有移动现在只有光纤了没有那种无线wifi了冲天对就我现在了有线开通国哦我们家是德德惠就是农村的高兴那因为现在咱们这里已经不在受理无线宽带业务了所以您不想就拿着身份证到营业厅看一下啊行行行嗯那好嘞恩好的请问还有什么可以帮助您啊没有了那好了谢谢恩不客气祝您生活愉快再见",咨询（含查询）宽带覆盖范围,0,0,"对话内容：  
喂你好啊呃那个我想问一下就是想安移动的无线网嗯再见哎我呃那个我们家是德辉的好的女士您先别着急您把您下的是哪个位置告诉我然后我们这里给您申请一下看看咱们的位置能不能申请我找不到安宽带吗我们是谁对就是按无线网络wifi咱们现在只有移动现在只有光纤了没有那种无线wifi了冲天对就我现在了有线开通国哦我们家是德德惠就是农村的高兴那因为现在咱们这里已经不在受理无线宽带业务了所以您不想就拿着身份证到营业厅看一下啊行行行嗯那好嘞恩好的请问还有什么可以帮助您啊没有了那好了谢谢恩不客气祝您生活愉快再见"
您好，很高兴为您服务。请问您想了解宽带办理的相关信息吗？我这边需要确认一下您所在的位置是否有宽带线路。您具体在哪个小区呢？是新乡市的宝隆公寓二号楼吗？您稍等一下，我帮您查一下这个区域的覆盖情况。嗯，红旗区宝隆广场附近是有宽带覆盖的。我这就把附近的社区经理联系方式发到您手机上，如果您有意向办理的话可以直接联系他。好的，谢谢您的咨询，不客气，还有其他问题吗？没有的话祝您生活愉快，再见。,咨询（含查询）宽带覆盖范围,0,0,您好[SEP]很高兴为您服务[SEP]请问您想了解宽带办理的相关信息吗[SEP]我这边需要确认一下您所在的位置是否有宽带线路[SEP]您具体在哪个小区呢[SEP]是新乡市的宝隆公寓二号楼吗[SEP]您稍等一下[SEP]我帮您查一下这个区域的覆盖情况[SEP]嗯[SEP]红旗区宝隆广场附近是有宽带覆盖的[SEP]我这就把附近的社区经理联系方式发到您手机上[SEP]如果您有意向办理的话可以直接联系他[SEP]好的[SEP]谢谢您的咨询[SEP]不客气[SEP]还有其他问题吗[SEP]没有的话祝您生活愉快[SEP]再见[SEP]
您好，很高兴为您服务。请问您是想了解一下宽带能不能办理吗？麻烦您告诉我一下您住在哪个小区？比如新乡市的宝隆公寓二号楼。我帮您核实一下这个位置有没有宽带覆盖。您稍等一下，我查一下资料。哦，宝隆广场那边是有的。那我把附近的宽带业务员电话发到您手机上，方便您后续联系办理。好的，感谢您的来电，不客气，还有其他需要帮忙的吗？没有的话祝您生活愉快，再见。,咨询（含查询）宽带覆盖范围,0,0,您好[SEP]很高兴为您服务[SEP]请问您是想了解一下宽带能不能办理吗[SEP]麻烦您告诉我一下您住在哪个小区[SEP]比如新乡市的宝隆公寓二号楼[SEP]我帮您核实一下这个位置有没有宽带覆盖[SEP]您稍等一下[SEP]我查一下资料[SEP]哦[SEP]宝隆广场那边是有的[SEP]那我把附近的宽带业务员电话发到您手机上[SEP]方便您后续联系办理[SEP]好的[SEP]感谢您的来电[SEP]不客气[SEP]还有其他需要帮忙的吗[SEP]没有的话祝您生活愉快[SEP]再见[SEP]
您好，请讲。哎，你好，我想问一下现在富丽家园那边有线宽带开始安装了吗？抱歉先生，您说话有点断音，能再重复一遍吗？就是想确认一下富丽家园这边有没有开始安装宽带。请您稍等，我帮您查一下。您好，感谢等待，您是通化地区的对吗？对对对。昨天有人打电话给您，说回来您这边有问题吗？不好意思，先生，刚才没听清。感谢您的耐心，您是说这边网络用不了吗？请问您是想了解富丽家园有没有开通宽带吗？请您别着急，我帮您转给宽带专席，让他们详细跟您解释一下。好的，请稍等。我帮您转接。您好，您是想咨询富丽家园那边的宽带是否已经可以安装了是吧？那您先等等，我转过去。谢谢。,咨询（含查询）宽带覆盖范围,0,0,您好[SEP]请讲[SEP]哎[SEP]你好[SEP]我想问一下现在富丽家园那边有线宽带开始安装了吗[SEP]抱歉先生[SEP]您说话有点断音[SEP]能再重复一遍吗[SEP]就是想确认一下富丽家园这边有没有开始安装宽带[SEP]请您稍等[SEP]我帮您查一下[SEP]您好[SEP]感谢等待[SEP]您是通化地区的对吗[SEP]对对对[SEP]昨天有人打电话给您[SEP]说回来您这边有问题吗[SEP]不好意思[SEP]先生[SEP]刚才没听清[SEP]感谢您的耐心[SEP]您是说这边网络用不了吗[SEP]请问您是想了解富丽家园有没有开通宽带吗[SEP]请您别着急[SEP]我帮您转给宽带专席[SEP]让他们详细跟您解释一下[SEP]好的[SEP]请稍等[SEP]我帮您转接[SEP]您好[SEP]您是想咨询富丽家园那边的宽带是否已经可以安装了是吧[SEP]那您先等等[SEP]我转过去[SEP]谢谢[SEP]
您好，请讲。哎，你好，我这边想问问富丽家园那里的有线宽带是不是已经开始安装了？抱歉先生，您讲话有点不清楚，能再说一遍吗？就是想确认一下富丽家园这边有没有开始装宽带。请您稍等，我帮您查一下。您好，感谢您的等待，您是通化地区的对吗？对对对。昨天有人联系过您，说回来您这边有问题吗？不好意思，先生，刚才没听清。感谢您的耐心，您是说这边网络用得不太顺畅吗？请问您是想知道富丽家园有没有开通宽带吗？请您别着急，我帮您转到宽带专线，他们可以详细解答。好的，请稍等。我这就为您转接。您好，您是想了解富丽家园那边的宽带是否已经可以安装了，对吗？那您稍等，我马上转过去。谢谢。,咨询（含查询）宽带覆盖范围,0,0,您好[SEP]请讲[SEP]哎[SEP]你好[SEP]我这边想问问富丽家园那里的有线宽带是不是已经开始安装了[SEP]抱歉先生[SEP]您讲话有点不清楚[SEP]能再说一遍吗[SEP]就是想确认一下富丽家园这边有没有开始装宽带[SEP]请您稍等[SEP]我帮您查一下[SEP]您好[SEP]感谢您的等待[SEP]您是通化地区的对吗[SEP]对对对[SEP]昨天有人联系过您[SEP]说回来您这边有问题吗[SEP]不好意思[SEP]先生[SEP]刚才没听清[SEP]感谢您的耐心[SEP]您是说这边网络用得不太顺畅吗[SEP]请问您是想知道富丽家园有没有开通宽带吗[SEP]请您别着急[SEP]我帮您转到宽带专线[SEP]他们可以详细解答[SEP]好的[SEP]请稍等[SEP]我这就为您转接[SEP]您好[SEP]您是想了解富丽家园那边的宽带是否已经可以安装了[SEP]对吗[SEP]那您稍等[SEP]我马上转过去[SEP]谢谢[SEP]
"对话内容：  
支付宝不客气，请问您好，很高兴为您服务。您说宽带可以吗？呃，请问宽带怎么了？就是家里没有宽带，想装宽带。安装宽带需要到营业厅前台办理，电话里办理不了。那现在可以查一下吗？我们可以拨回来吗？哦，您先报下具体位置，我可以帮您查一下有没有光纤覆盖。就是零零六家店三大城，是属于哪个区的啊？哪个区？华胥。电话提供了新华去，然后小区名称叫什么？家庭三大成，呃，家庭什么第二天就是加是呃家是真假那些呃不是那个叫世家，是美好的那个。加一个三十元流量呢？超过请问您需要屏蔽的钱，稍等。佳人的佳是吗？单人旁，对。嗯，然后钱是田地的钱吗？诶，加起来什么在那条吧，在那成对吗？哦对，算是相当于在的算不是。我就是现在一个土字。好的，稍等。再见啊，那是女字旁的那吗？绞丝小时一个那个。好的稍等。城市城市的城啊，可以你好幺五二加钱赛纳城市吧。嗯，好的稍等。嗯，有光纤覆盖，我给您提供一下这个小区负责安装宽带的客户经理电话，您记一下，稍后可以与他联系。你跟我说一下吧。好的幺三七幺三七，然后八三二零八三二零一四一五一四一五，对幺三七八三二零一四一五。哦，客户经理是吧？哎对，专门负责安装宽带就是您说的这个位置的。那好的好的，谢谢。不客气，那其他没有了是吗？没了。",咨询（含查询）宽带覆盖范围,0,0,"对话内容：  
支付宝不客气[SEP]请问您好[SEP]很高兴为您服务[SEP]您说宽带可以吗[SEP]呃[SEP]请问宽带怎么了[SEP]就是家里没有宽带[SEP]想装宽带[SEP]安装宽带需要到营业厅前台办理[SEP]电话里办理不了[SEP]那现在可以查一下吗[SEP]我们可以拨回来吗[SEP]哦[SEP]您先报下具体位置[SEP]我可以帮您查一下有没有光纤覆盖[SEP]就是零零六家店三大城[SEP]是属于哪个区的啊[SEP]哪个区[SEP]华胥[SEP]电话提供了新华去[SEP]然后小区名称叫什么[SEP]家庭三大成[SEP]呃[SEP]家庭什么第二天就是加是呃家是真假那些呃不是那个叫世家[SEP]是美好的那个[SEP]加一个三十元流量呢[SEP]超过请问您需要屏蔽的钱[SEP]稍等[SEP]佳人的佳是吗[SEP]单人旁[SEP]对[SEP]嗯[SEP]然后钱是田地的钱吗[SEP]诶[SEP]加起来什么在那条吧[SEP]在那成对吗[SEP]哦对[SEP]算是相当于在的算不是[SEP]我就是现在一个土字[SEP]好的[SEP]稍等[SEP]再见啊[SEP]那是女字旁的那吗[SEP]绞丝小时一个那个[SEP]好的稍等[SEP]城市城市的城啊[SEP]可以你好幺五二加钱赛纳城市吧[SEP]嗯[SEP]好的稍等[SEP]嗯[SEP]有光纤覆盖[SEP]我给您提供一下这个小区负责安装宽带的客户经理电话[SEP]您记一下[SEP]稍后可以与他联系[SEP]你跟我说一下吧[SEP]好的幺三七幺三七[SEP]然后八三二零八三二零一四一五一四一五[SEP]对幺三七八三二零一四一五[SEP]哦[SEP]客户经理是吧[SEP]哎对[SEP]专门负责安装宽带就是您说的这个位置的[SEP]那好的好的[SEP]谢谢[SEP]不客气[SEP]那其他没有了是吗[SEP]没了[SEP]"
您好，请讲。喂，你好，我刚才打电话说我们家的WiFi坏了，然后让师傅来修，但是一直没等到电话啊。您好，女士，您是办理家庭有线宽带铁通的吗？对，现在用不了的话，我给您转到铁通有线宽带这边可以吗？哦，我给您转到有线宽带那边，好吗？如何啊？请您稍等一下。您好，可以了。你好，好的啊。您好，请讲。您好，用户反映有线宽带用不了，好的，我来转接。,投诉（含抱怨）服务问题,0,0,您好[SEP]请讲[SEP]喂[SEP]你好[SEP]我刚才打电话说我们家的WiFi坏了[SEP]然后让师傅来修[SEP]但是一直没等到电话啊[SEP]您好[SEP]女士[SEP]您是办理家庭有线宽带铁通的吗[SEP]对[SEP]现在用不了的话[SEP]我给您转到铁通有线宽带这边可以吗[SEP]哦[SEP]我给您转到有线宽带那边[SEP]好吗[SEP]如何啊[SEP]请您稍等一下[SEP]您好[SEP]可以了[SEP]你好[SEP]好的啊[SEP]您好[SEP]请讲[SEP]您好[SEP]用户反映有线宽带用不了[SEP]好的[SEP]我来转接[SEP]
喂，您好，请讲。你好，我之前打电话说家里WiFi不行，叫人来修，但一直没人联系我。您好，女士，您是申请家庭有线宽带铁通服务的吗？对，现在用不了的话，我帮您转到铁通有线宽带那边可以吗？哦，我给您转过去，好吗？怎么样？请您稍等一下。您好，可以了。你好，好的。您好，请讲。您好，用户反馈有线宽带无法使用，好的，我来转接。,投诉（含抱怨）服务问题,0,0,喂[SEP]您好[SEP]请讲[SEP]你好[SEP]我之前打电话说家里WiFi不行[SEP]叫人来修[SEP]但一直没人联系我[SEP]您好[SEP]女士[SEP]您是申请家庭有线宽带铁通服务的吗[SEP]对[SEP]现在用不了的话[SEP]我帮您转到铁通有线宽带那边可以吗[SEP]哦[SEP]我给您转过去[SEP]好吗[SEP]怎么样[SEP]请您稍等一下[SEP]您好[SEP]可以了[SEP]你好[SEP]好的[SEP]您好[SEP]请讲[SEP]您好[SEP]用户反馈有线宽带无法使用[SEP]好的[SEP]我来转接[SEP]
对话内容：呃你好你好那个我早上八点报修了就是哎呀这个故障啊那个那个没有了哈到上午也没打电话也没人来请您别着急先生这个您放心我们反馈过了您放心肯定会有工作人员来解决的它这个核实的话确实要多久呢这方面正常的话是四十八小时之内不过您别着急之前反馈过我们马上给您催一下有结果之后您放心肯定会第一时间联系咱们的你就可以好因为我这咋回事您的心情我们特别理解所以说咱这边也会马上催一下您可以再等等您放心有结果工作人员肯定会联系您的嗯你帮我在十月份好的您别着急马上给我们催哦嗯好的不客气祝您生活愉快再见再见,投诉（含抱怨）服务问题,0,0,对话内容：呃你好你好那个我早上八点报修了就是哎呀这个故障啊那个那个没有了哈到上午也没打电话也没人来请您别着急先生这个您放心我们反馈过了您放心肯定会有工作人员来解决的它这个核实的话确实要多久呢这方面正常的话是四十八小时之内不过您别着急之前反馈过我们马上给您催一下有结果之后您放心肯定会第一时间联系咱们的你就可以好因为我这咋回事您的心情我们特别理解所以说咱这边也会马上催一下您可以再等等您放心有结果工作人员肯定会联系您的嗯你帮我在十月份好的您别着急马上给我们催哦嗯好的不客气祝您生活愉快再见再见
您好，很高兴为您服务。喂，您好，就是刚才那个10086给我打电话，是昨天有那个那个，等于说六十五块是河南的，我也没搞明白。我昨天不是要取消了吗，怎么没取消呢？我帮您查一下，请稍等。嗯，您昨天联系工作人员帮您取消，这边显示没有取消呀。他因为啥不给您取消了呀？我给他打电话，我说了，我不管了，我用不了，话费我不需要流量。不是管不了那么多钱，我想请问一下，女士，您昨天有没有跟工作人员反映过这个问题？他说的那个，就是您这个月花了六十五块钱，是吧？花够了啊。哎，那个手机用了多少流量，我还是十五、十二个月还给我了。我下个月不一定能花那么多，那您当时请问一下，参加这个活动的时候，工作人员邀请您开通的时候，您有没有同意？我没，我给他说的是那个问题不一样。他跟我说了，怎么没没解释清楚。哦，您当时是可以办理的，对吧？您这个月我没有，我说我花不完那么多，我还不够那么多钱，咋弄？它发不过那个多少钱是咋地？我没听明白。嗯，平常您有没有同意？没有，没有同意是吗？我跟他说了，我话费那么多钱，我不需要流量。,投诉（含抱怨）服务问题,0,0,您好[SEP]很高兴为您服务[SEP]喂[SEP]您好[SEP]就是刚才那个10086给我打电话[SEP]是昨天有那个那个[SEP]等于说六十五块是河南的[SEP]我也没搞明白[SEP]我昨天不是要取消了吗[SEP]怎么没取消呢[SEP]我帮您查一下[SEP]请稍等[SEP]嗯[SEP]您昨天联系工作人员帮您取消[SEP]这边显示没有取消呀[SEP]他因为啥不给您取消了呀[SEP]我给他打电话[SEP]我说了[SEP]我不管了[SEP]我用不了[SEP]话费我不需要流量[SEP]不是管不了那么多钱[SEP]我想请问一下[SEP]女士[SEP]您昨天有没有跟工作人员反映过这个问题[SEP]他说的那个[SEP]就是您这个月花了六十五块钱[SEP]是吧[SEP]花够了啊[SEP]哎[SEP]那个手机用了多少流量[SEP]我还是十五、十二个月还给我了[SEP]我下个月不一定能花那么多[SEP]那您当时请问一下[SEP]参加这个活动的时候[SEP]工作人员邀请您开通的时候[SEP]您有没有同意[SEP]我没[SEP]我给他说的是那个问题不一样[SEP]他跟我说了[SEP]怎么没没解释清楚[SEP]哦[SEP]您当时是可以办理的[SEP]对吧[SEP]您这个月我没有[SEP]我说我花不完那么多[SEP]我还不够那么多钱[SEP]咋弄[SEP]它发不过那个多少钱是咋地[SEP]我没听明白[SEP]嗯[SEP]平常您有没有同意[SEP]没有[SEP]没有同意是吗[SEP]我跟他说了[SEP]我话费那么多钱[SEP]我不需要流量[SEP]
您好，很高兴为您服务。喂，您好，就是刚才那个10086打过来的，是昨天有那个，大概六十五块是河南的，我还没搞清楚。我昨天不是申请取消了吗，怎么还没取消呢？我帮您查一下，您稍等。嗯，您昨天联系工作人员帮您处理取消，但系统显示没有成功。他为什么没给您办呢？我给他打电话说了，我不管了，我用不了，话费也不需要流量。不是说不管多少钱，我想问一下，女士，您昨天有没有跟工作人员说过这个问题？他说的那个，就是您这个月用了六十五块，对吧？花够了。哎，那个手机用了多少流量，我还是十五、十二个月才给我的。我下个月可能花不到那么多，那您当时参加这个活动的时候，工作人员请您开通时，您有没有同意？我没有，我跟他说的是另一个问题。他跟我说了，怎么没解释清楚。哦，您当时其实是可以办理的，对吧？您这个月我没花那么多，我还不够，怎么弄？那个费用是怎么算的？我没听懂。嗯，您平时有同意过吗？没有，没同意是吧？我跟他说了，我话费太多，不需要流量。,投诉（含抱怨）服务问题,0,0,您好[SEP]很高兴为您服务[SEP]喂[SEP]您好[SEP]就是刚才那个10086打过来的[SEP]是昨天有那个[SEP]大概六十五块是河南的[SEP]我还没搞清楚[SEP]我昨天不是申请取消了吗[SEP]怎么还没取消呢[SEP]我帮您查一下[SEP]您稍等[SEP]嗯[SEP]您昨天联系工作人员帮您处理取消[SEP]但系统显示没有成功[SEP]他为什么没给您办呢[SEP]我给他打电话说了[SEP]我不管了[SEP]我用不了[SEP]话费也不需要流量[SEP]不是说不管多少钱[SEP]我想问一下[SEP]女士[SEP]您昨天有没有跟工作人员说过这个问题[SEP]他说的那个[SEP]就是您这个月用了六十五块[SEP]对吧[SEP]花够了[SEP]哎[SEP]那个手机用了多少流量[SEP]我还是十五、十二个月才给我的[SEP]我下个月可能花不到那么多[SEP]那您当时参加这个活动的时候[SEP]工作人员请您开通时[SEP]您有没有同意[SEP]我没有[SEP]我跟他说的是另一个问题[SEP]他跟我说了[SEP]怎么没解释清楚[SEP]哦[SEP]您当时其实是可以办理的[SEP]对吧[SEP]您这个月我没花那么多[SEP]我还不够[SEP]怎么弄[SEP]那个费用是怎么算的[SEP]我没听懂[SEP]嗯[SEP]您平时有同意过吗[SEP]没有[SEP]没同意是吧[SEP]我跟他说了[SEP]我话费太多[SEP]不需要流量[SEP]
对话内容：哎你好我想问一下就是咱们这个幺零零八六为啥我现在已经接到好几次电话了然后打完电话以后没有声音呃那个好的女士这个请您千万不要着急请问是月结吗因为咱们幺零零八六的电话然后您没有听到声音对吧对而且不是打一次了是您打过来还是我们给您打过去的啊你们给我打过来啊是这样的女士这个请您不要着急我帮您核实一下好吗嗯昨天就打过恩好的女士是这样的女士感谢您的耐心等待因为咱们给您打电话呢可能是有什么活动然后需要通知您一下然后可能是接到接起来的情况下咱们这个系统是有缓冲是没有声音的然后您可以稍等一下这样的话就可以听到声音了也有可能呢是系统的问题所以确实是给您带来不便了也请您见谅好吗啊因为我已经等了一会这个没有收他好像应该是打了两次或者是三次了嗯嗯那就是肯定就是在那个号段可那就不方便那是这个电话接了的时候然后还没有声音我就想问一下是为什么啊是的这个女士给您带来不便了因为咱们这个系统呢您是我们往外拨的时候会有一个缓冲的时间是系统往出拨过来再拨打所以说到人工接接听的时候呢会出现一个时间差啊有可能是这个时间是没有声音了嗯那嗯不客气的也给您带来不便了女士啊那请问您还有其他问题需要咨询吗恩没有了恩不客气的那祝您生活愉快再见哎你好,投诉（含抱怨）服务问题,0,0,对话内容：哎你好我想问一下就是咱们这个幺零零八六为啥我现在已经接到好几次电话了然后打完电话以后没有声音呃那个好的女士这个请您千万不要着急请问是月结吗因为咱们幺零零八六的电话然后您没有听到声音对吧对而且不是打一次了是您打过来还是我们给您打过去的啊你们给我打过来啊是这样的女士这个请您不要着急我帮您核实一下好吗嗯昨天就打过恩好的女士是这样的女士感谢您的耐心等待因为咱们给您打电话呢可能是有什么活动然后需要通知您一下然后可能是接到接起来的情况下咱们这个系统是有缓冲是没有声音的然后您可以稍等一下这样的话就可以听到声音了也有可能呢是系统的问题所以确实是给您带来不便了也请您见谅好吗啊因为我已经等了一会这个没有收他好像应该是打了两次或者是三次了嗯嗯那就是肯定就是在那个号段可那就不方便那是这个电话接了的时候然后还没有声音我就想问一下是为什么啊是的这个女士给您带来不便了因为咱们这个系统呢您是我们往外拨的时候会有一个缓冲的时间是系统往出拨过来再拨打所以说到人工接接听的时候呢会出现一个时间差啊有可能是这个时间是没有声音了嗯那嗯不客气的也给您带来不便了女士啊那请问您还有其他问题需要咨询吗恩没有了恩不客气的那祝您生活愉快再见哎你好
"对话内容：  
呃你好啊我问一下就是我之前反馈说要给我升成国通的卡对吧今天这个这个你们打电话过来了他那个态度有问题呀我说我返回这个东西没给我说明白完了但是他说你现用不用怎么回事的怎么态度呢虽然这个也确实挺抱歉的先带来不便了那个我说我反馈这东西吧当时我也不知道因为你是八月份给我打电话就咨询国通登陆国通啊因为我返费吗三二二然后我给你打电话我说不升了已经我给您反馈了我不是说到九月份我再给你打的电话我说我不用国通因为是全国升升级了就八月份我就打过我就不升了对不对那现在这个这个问题是怎么的她给你整到二零号能能给你返回去返返不了没办法你们那怎么办他那种的说我是正常一个服务态度这个怎么这么的我说你给我属于有点欺骗性质如果没有七点就那么地你要用不用这态度是什么态度也是你们这个嗯幺零四三幺幺零零八六打过来的先生如果说咱们工作人员有什么国内银行的话希望您谅解非常抱歉给您带来不便了先生没就是没人不变因为不是每个月花便宜多少咱不说就是我不想升这个东西没没必要因为这个东西吧我也不使流量我就是打电话用的哎这个我现在给您查了一下这个处理意见行他这面显示会算遇到十五个工作日内给您回复到您原来的套餐可以吗虽然处理结果里面是这样显示的辉也不玩玩你要保证就能恢复上是不是啊请问当时回复的时候是怎么所以说有没有送帮您他说等到二十二十号恢复就恢复恢复不了我没办法都挺好它是显示会在七到十五个工作日之内给您恢复原来资费我这边谢谢然后先生您可以关注一下它稍后会有短信区的啊那好了等到到到到十五个工作日之后再看一下子呗就是恩可以嗯行哎好了麻烦你了啊不客气先生那请问还有其他问题需要帮您没有了没有了哎祝您生活愉快再见",投诉（含抱怨）服务问题,0,0,"对话内容：  
呃你好啊我问一下就是我之前反馈说要给我升成国通的卡对吧今天这个这个你们打电话过来了他那个态度有问题呀我说我返回这个东西没给我说明白完了但是他说你现用不用怎么回事的怎么态度呢虽然这个也确实挺抱歉的先带来不便了那个我说我反馈这东西吧当时我也不知道因为你是八月份给我打电话就咨询国通登陆国通啊因为我返费吗三二二然后我给你打电话我说不升了已经我给您反馈了我不是说到九月份我再给你打的电话我说我不用国通因为是全国升升级了就八月份我就打过我就不升了对不对那现在这个这个问题是怎么的她给你整到二零号能能给你返回去返返不了没办法你们那怎么办他那种的说我是正常一个服务态度这个怎么这么的我说你给我属于有点欺骗性质如果没有七点就那么地你要用不用这态度是什么态度也是你们这个嗯幺零四三幺幺零零八六打过来的先生如果说咱们工作人员有什么国内银行的话希望您谅解非常抱歉给您带来不便了先生没就是没人不变因为不是每个月花便宜多少咱不说就是我不想升这个东西没没必要因为这个东西吧我也不使流量我就是打电话用的哎这个我现在给您查了一下这个处理意见行他这面显示会算遇到十五个工作日内给您回复到您原来的套餐可以吗虽然处理结果里面是这样显示的辉也不玩玩你要保证就能恢复上是不是啊请问当时回复的时候是怎么所以说有没有送帮您他说等到二十二十号恢复就恢复恢复不了我没办法都挺好它是显示会在七到十五个工作日之内给您恢复原来资费我这边谢谢然后先生您可以关注一下它稍后会有短信区的啊那好了等到到到到十五个工作日之后再看一下子呗就是恩可以嗯行哎好了麻烦你了啊不客气先生那请问还有其他问题需要帮您没有了没有了哎祝您生活愉快再见"
对话内容：您好，很高兴为您服务。您说的流量自动扣费问题，我们已经帮您上报了，处理需要48小时，您先稍等一下，我再帮您催一下，尽快给您回复。,咨询（含查询）工单处理结果,0,0,对话内容：您好[SEP]很高兴为您服务[SEP]您说的流量自动扣费问题[SEP]我们已经帮您上报了[SEP]处理需要48小时[SEP]您先稍等一下[SEP]我再帮您催一下[SEP]尽快给您回复[SEP]
对话内容：呃你好麻烦你帮我查一下我上个月那个就是那个手机上网超出的扣费部分是不是返了啊我没收到啊你帮我看看呗请您稍等我帮您查一下哦您好您好啊你好好高哦对吧哦我问一下我帮啊抱歉让您久等了系统显示八月二十九号给您退了二十二块九毛二的费用啊返了对吧我可以给您转接自动台您可以查一下返还记录哦那我没收到信息我这边还没返呢嗯我现在给您转接自动台您查一下好吧好的请您稍等别挂机啊您好好嗯,咨询（含查询）工单处理结果,0,0,对话内容：呃你好麻烦你帮我查一下我上个月那个就是那个手机上网超出的扣费部分是不是返了啊我没收到啊你帮我看看呗请您稍等我帮您查一下哦您好您好啊你好好高哦对吧哦我问一下我帮啊抱歉让您久等了系统显示八月二十九号给您退了二十二块九毛二的费用啊返了对吧我可以给您转接自动台您可以查一下返还记录哦那我没收到信息我这边还没返呢嗯我现在给您转接自动台您查一下好吧好的请您稍等别挂机啊您好好嗯
对话内容：您好请讲对我你啥你给我查查我手机号怎么还能还没打电话呢好的请您别着急我帮您查询一下啊感谢耐心等待先生您反映的这个问题我们这边已经给您上报到处理部门了所以您别着急稍后我们会有工作人员给您回复电话的我这边给您催促一下让处理部门尽快联系好吗完你就你就发现月扣二十八块钱不到无线的报给人家有网五月一百块钱一月你给我开一下就给二十四这月扣一次吧那你充充充也没整啊嗯您别着急的先生这个稍后我马上就给您催促一下让我们处理部门尽快给您回个电话好吗玩玩你要给我给我恢复也一样的吗是吧嗯您这个问题给您上报上去了所以稍后您会有工作人员告诉您这个结果您放心好吗那好了尽量快点我想找个东西我等等规划的啊,咨询（含查询）工单处理结果,0,0,对话内容：您好请讲对我你啥你给我查查我手机号怎么还能还没打电话呢好的请您别着急我帮您查询一下啊感谢耐心等待先生您反映的这个问题我们这边已经给您上报到处理部门了所以您别着急稍后我们会有工作人员给您回复电话的我这边给您催促一下让处理部门尽快联系好吗完你就你就发现月扣二十八块钱不到无线的报给人家有网五月一百块钱一月你给我开一下就给二十四这月扣一次吧那你充充充也没整啊嗯您别着急的先生这个稍后我马上就给您催促一下让我们处理部门尽快给您回个电话好吗玩玩你要给我给我恢复也一样的吗是吧嗯您这个问题给您上报上去了所以稍后您会有工作人员告诉您这个结果您放心好吗那好了尽量快点我想找个东西我等等规划的啊
"对话内容：  
呃你好我想问一下我前两天那个接到个电话也是你们移动客服打的说有三十元啊三十元那个什么套餐呢完说四月返五十元代金券这个我没同意他办他就给我办了完了我给你们客服已经打过电话了打过电话说四个四十八小时之内给我打电话给我处理现在还没给我处理吗请稍等我帮您查询一下啊卡支付宝记录卡哦卡卡号码电话我看吧请说套餐再见感谢您耐心等待经查询在昨天下午两点多啊给您回复电话还有上网的时候给您打过上午十点十八十一点十二还有十二点半的时候跟他她没人接听我们下午的时候帮您取消这个业务并且有短信通知您没有短信呢我们在昨天下午两点三十五的时候发的短信就行了嗯给我这个业务就已经取消了吗的这业务已经取消了啊行那谢谢等会我看下短信吧对您想一下昨天的短信啊你稍等一下我现在看一下吧好可以更改我怎么打是多少啊操作吗哦办好哦号码知道哦挂了二好哎对吧那我请问找到了吗",咨询（含查询）工单处理结果,0,0,"对话内容：  
呃你好我想问一下我前两天那个接到个电话也是你们移动客服打的说有三十元啊三十元那个什么套餐呢完说四月返五十元代金券这个我没同意他办他就给我办了完了我给你们客服已经打过电话了打过电话说四个四十八小时之内给我打电话给我处理现在还没给我处理吗请稍等我帮您查询一下啊卡支付宝记录卡哦卡卡号码电话我看吧请说套餐再见感谢您耐心等待经查询在昨天下午两点多啊给您回复电话还有上网的时候给您打过上午十点十八十一点十二还有十二点半的时候跟他她没人接听我们下午的时候帮您取消这个业务并且有短信通知您没有短信呢我们在昨天下午两点三十五的时候发的短信就行了嗯给我这个业务就已经取消了吗的这业务已经取消了啊行那谢谢等会我看下短信吧对您想一下昨天的短信啊你稍等一下我现在看一下吧好可以更改我怎么打是多少啊操作吗哦办好哦号码知道哦挂了二好哎对吧那我请问找到了吗"
对话内容：您好请讲我反正你啥时候能解决呀请您先稍等一下先生我先查看一下啊嗯我看一下您反映的是对那个十月份产生上网费用这个问题有疑问等会我看一下咱们当时上网费用就是我查那个嗯短信就是给我回复短信没给我回复完了之后完我就超出去二十多那个支付宝现在你们那个短信根本就没回复完呀完了说我的那个超出二十多我一再打电话就停机了你们这个就解决多长时间了到现在都解决不了呃我看了一下呢之前是给您回复过电话但您的那个处理结果是不满意的然后已经转到咱们地方的移动公司给咱们直接处理这个问题那他们就后续一直也没给您回复过呀回复了就是说你的上网超出流量了我们已经提醒了我说哪个提醒我说你查那个短信给我发来的那有没有我头一天晚上查的二天第二天早上就来个短信说你已经那卡完了超出这个就是那个流量费用收取二十多钱我说我那个查你们都没给我回我发票早上起来又给我来了一条短信说有欠费停机唉呀再见那这样先生您先不要着急啊我再给您催促一下让那边让他们抓紧给您把这后期的问题给您处理的行然后您再耐心等待一下时间那就是处理处理你不能说处理两月吧那不会的先生那行我等你电话嗯好的那祝您生活愉快再见,咨询（含查询）工单处理结果,0,0,对话内容：您好请讲我反正你啥时候能解决呀请您先稍等一下先生我先查看一下啊嗯我看一下您反映的是对那个十月份产生上网费用这个问题有疑问等会我看一下咱们当时上网费用就是我查那个嗯短信就是给我回复短信没给我回复完了之后完我就超出去二十多那个支付宝现在你们那个短信根本就没回复完呀完了说我的那个超出二十多我一再打电话就停机了你们这个就解决多长时间了到现在都解决不了呃我看了一下呢之前是给您回复过电话但您的那个处理结果是不满意的然后已经转到咱们地方的移动公司给咱们直接处理这个问题那他们就后续一直也没给您回复过呀回复了就是说你的上网超出流量了我们已经提醒了我说哪个提醒我说你查那个短信给我发来的那有没有我头一天晚上查的二天第二天早上就来个短信说你已经那卡完了超出这个就是那个流量费用收取二十多钱我说我那个查你们都没给我回我发票早上起来又给我来了一条短信说有欠费停机唉呀再见那这样先生您先不要着急啊我再给您催促一下让那边让他们抓紧给您把这后期的问题给您处理的行然后您再耐心等待一下时间那就是处理处理你不能说处理两月吧那不会的先生那行我等你电话嗯好的那祝您生活愉快再见
对话内容：那个喂你好很高兴为您服务你帮我查查我的那个呃我这个手机号的客户经理电话,咨询（含查询）服务渠道信息,0,0,对话内容：那个喂你好很高兴为您服务你帮我查查我的那个呃我这个手机号的客户经理电话
对话内容：呃您好，很高兴为您服务，那个帮我查一下我的积分有多少，恩好的请稍等，那您现在积分有五千七百三十三个，五千多号积分能兑什么呀？但如果您想兑换礼品的话，我这边给您发了一个积分商城的网址，您稍后通过手机可以看一下能兑换什么礼品。如果要兑换话费的话，可以兑换五十，但是的话需要到明天再兑换，今天不能兑换了。那你给我发过来，我要看一下。好的，王我已经返六十发您手机上了，另外我给您发了一个积分兑换五十块钱话费的短信，也发您手机了。如果想兑换的话，到明天的时候按照我给您发的短信内容操作来兑换，好吧？好，谢谢，嗯，不客气，请问还有其他能帮到您的吗？没有了。,咨询（含查询）服务渠道信息,0,0,对话内容：呃您好[SEP]很高兴为您服务[SEP]那个帮我查一下我的积分有多少[SEP]恩好的请稍等[SEP]那您现在积分有五千七百三十三个[SEP]五千多号积分能兑什么呀[SEP]但如果您想兑换礼品的话[SEP]我这边给您发了一个积分商城的网址[SEP]您稍后通过手机可以看一下能兑换什么礼品[SEP]如果要兑换话费的话[SEP]可以兑换五十[SEP]但是的话需要到明天再兑换[SEP]今天不能兑换了[SEP]那你给我发过来[SEP]我要看一下[SEP]好的[SEP]王我已经返六十发您手机上了[SEP]另外我给您发了一个积分兑换五十块钱话费的短信[SEP]也发您手机了[SEP]如果想兑换的话[SEP]到明天的时候按照我给您发的短信内容操作来兑换[SEP]好吧[SEP]好[SEP]谢谢[SEP]嗯[SEP]不客气[SEP]请问还有其他能帮到您的吗[SEP]没有了[SEP]
对话内容：您好，很高兴为您服务。请问您是河南的中国移动用户吗？对，我是。我想问一下我的号码能不能改套餐，是想升高还是降低？我想了解一下有没有流量无限用的套餐。这种套餐需要到当地营业厅办理，现在人工还没有推出。那我应该去周口的中国移动营业厅吗？对，就是当地的营业厅。请问能改套餐吗？您可以去当地营业厅咨询一下，看看能改多少钱。我现在只想知道国内流量不欠费的话，188元的套餐是不是要带身份证去办？对，可以查一下。那这个套餐是不是要保底消费188元？对，是的。好的，谢谢。不客气，还有其他问题吗？没有了，祝您生活愉快，再见。,咨询（含查询）服务渠道信息,0,0,对话内容：您好[SEP]很高兴为您服务[SEP]请问您是河南的中国移动用户吗[SEP]对[SEP]我是[SEP]我想问一下我的号码能不能改套餐[SEP]是想升高还是降低[SEP]我想了解一下有没有流量无限用的套餐[SEP]这种套餐需要到当地营业厅办理[SEP]现在人工还没有推出[SEP]那我应该去周口的中国移动营业厅吗[SEP]对[SEP]就是当地的营业厅[SEP]请问能改套餐吗[SEP]您可以去当地营业厅咨询一下[SEP]看看能改多少钱[SEP]我现在只想知道国内流量不欠费的话[SEP]188元的套餐是不是要带身份证去办[SEP]对[SEP]可以查一下[SEP]那这个套餐是不是要保底消费188元[SEP]对[SEP]是的[SEP]好的[SEP]谢谢[SEP]不客气[SEP]还有其他问题吗[SEP]没有了[SEP]祝您生活愉快[SEP]再见[SEP]
您好，请问您是想报停固话吗？您这个号码是铁通的对吧？您可以在任何移动营业厅办理吗？请您稍等，我帮您查一下。请问您是要停机还是销户呢？停机和销户有什么区别吗？请您稍等，如果要销户的话，需要到当地的移动营业厅咨询一下。您可以先通过手机或网站查询附近是否有营业厅。您现在在哪个位置？我可以告诉您具体的地址。您现在在西安大路和普阳街交汇处吗？普阳街那边有一个景阳大路，那里有营业厅吗？对，就是普阳街老碧丽湖酒店长春大厦C座那家。您需要带身份证，机主本人的身份证就可以办理。我给您一个电话，您先打过去问问情况。这个号码是138，后面是4494，支付宝支付的话是81968196。这是刚才说的营业厅电话，您打过去看看怎么回事。软件没问题的话，拨打这个号码会正常收费。好的，感谢您的咨询，祝您生活愉快，再见。,咨询（含查询）服务渠道信息,0,0,您好[SEP]请问您是想报停固话吗[SEP]您这个号码是铁通的对吧[SEP]您可以在任何移动营业厅办理吗[SEP]请您稍等[SEP]我帮您查一下[SEP]请问您是要停机还是销户呢[SEP]停机和销户有什么区别吗[SEP]请您稍等[SEP]如果要销户的话[SEP]需要到当地的移动营业厅咨询一下[SEP]您可以先通过手机或网站查询附近是否有营业厅[SEP]您现在在哪个位置[SEP]我可以告诉您具体的地址[SEP]您现在在西安大路和普阳街交汇处吗[SEP]普阳街那边有一个景阳大路[SEP]那里有营业厅吗[SEP]对[SEP]就是普阳街老碧丽湖酒店长春大厦C座那家[SEP]您需要带身份证[SEP]机主本人的身份证就可以办理[SEP]我给您一个电话[SEP]您先打过去问问情况[SEP]这个号码是138[SEP]后面是4494[SEP]支付宝支付的话是81968196[SEP]这是刚才说的营业厅电话[SEP]您打过去看看怎么回事[SEP]软件没问题的话[SEP]拨打这个号码会正常收费[SEP]好的[SEP]感谢您的咨询[SEP]祝您生活愉快[SEP]再见[SEP]
你好，您是想给这个铁通的固话办理停机吗？您可以在任意移动营业厅处理吗？请稍等，我帮您确认一下。您是打算停机还是销户呢？销户是不是也等于停机？请您稍等，如果要销户的话，只能去当地的移动营业厅办理。您可以先通过官网或APP查找附近的营业厅。您现在在哪里？我可以告诉您具体地址。您在西安大路和普阳街交叉口吗？普阳街那边有个景阳大路，那里有营业厅吗？对，就是普阳街碧丽湖酒店长春大厦C座那家。您需要带上机主的身份证就能办理。我给您一个电话，您先打过去咨询一下。这个号码是1384494，支付宝支付的是81968196。这是刚才说的营业厅电话，您打过去了解下情况。如果软件没问题，拨打这个号码会正常计费。好的，感谢您的来电，祝您生活愉快，再见。,咨询（含查询）服务渠道信息,0,0,你好[SEP]您是想给这个铁通的固话办理停机吗[SEP]您可以在任意移动营业厅处理吗[SEP]请稍等[SEP]我帮您确认一下[SEP]您是打算停机还是销户呢[SEP]销户是不是也等于停机[SEP]请您稍等[SEP]如果要销户的话[SEP]只能去当地的移动营业厅办理[SEP]您可以先通过官网或APP查找附近的营业厅[SEP]您现在在哪里[SEP]我可以告诉您具体地址[SEP]您在西安大路和普阳街交叉口吗[SEP]普阳街那边有个景阳大路[SEP]那里有营业厅吗[SEP]对[SEP]就是普阳街碧丽湖酒店长春大厦C座那家[SEP]您需要带上机主的身份证就能办理[SEP]我给您一个电话[SEP]您先打过去咨询一下[SEP]这个号码是1384494[SEP]支付宝支付的是81968196[SEP]这是刚才说的营业厅电话[SEP]您打过去了解下情况[SEP]如果软件没问题[SEP]拨打这个号码会正常计费[SEP]好的[SEP]感谢您的来电[SEP]祝您生活愉快[SEP]再见[SEP]
"对话内容：  
您好，很高兴为您服务，那是平顶山移动对吧？这边是河南移动，呃，我想我这个手机套餐是不是能升级一下，升到一百六十八块的，一百六十八块，我帮您看看，您稍等一下。好的，请您稍等一下，一百六十八块，多少分钟通话呢？它帮您看一下，它有两种套餐，一种是五百分钟通话五个G流量，一种是八十分钟通话十个G流量，您要哪个？华夏通话八十分钟通话十个G流量，八十分钟通话，嗯嗯，它流量比较多。一种是五百分钟通话五个G流量，先生，估计不是七百分钟通话，我觉得一百六十八块没有七百分钟通话，一百五十八块是多少通话？一百五十八块的话是七百分钟通话三个G流量，三个G流量，恩，是一百五十八块哦。一百六十八块的话是总共是，等于是给他多两个G流量，别的差不多啊，是通话时间还有五百分钟，一百六十八块的话是五百分钟，一百五十八块的话是七百分钟通话三个G流量，三G流量，是国内的是省内对吧？国内哦，省内省外关闭啊，一，要一百五十八块是七百分钟是吧？三百分钟通话三个G流量，总共一百五十八块，行，转成功，立即生效，一百二十八套餐自动退订，剩的流量通话不能用，按天按量计费，请按一，请稍等，我这套餐还有啥可以改，接着电脑好，套餐已经转好了，目前收费业务给您一百五十八块套餐，来电提醒，交通秘书还有三十元的流量包，三十元毛七楼流量包的话是两个月免费用的活动，您要取消吗？一个月了吧，哎，取消，取消两个月的活动呀，还没有到期是不是？一个月了，我觉得还有一个月嘞，他是十一月是十月十一号参与的，到十二月十一号到期，嗯嗯，中，啊不用不用，取消下个月再取消，嗯那行，那还有其他问题吗？没了。",咨询（含查询）服务渠道信息,0,0,"对话内容：  
您好[SEP]很高兴为您服务[SEP]那是平顶山移动对吧[SEP]这边是河南移动[SEP]呃[SEP]我想我这个手机套餐是不是能升级一下[SEP]升到一百六十八块的[SEP]一百六十八块[SEP]我帮您看看[SEP]您稍等一下[SEP]好的[SEP]请您稍等一下[SEP]一百六十八块[SEP]多少分钟通话呢[SEP]它帮您看一下[SEP]它有两种套餐[SEP]一种是五百分钟通话五个G流量[SEP]一种是八十分钟通话十个G流量[SEP]您要哪个[SEP]华夏通话八十分钟通话十个G流量[SEP]八十分钟通话[SEP]嗯嗯[SEP]它流量比较多[SEP]一种是五百分钟通话五个G流量[SEP]先生[SEP]估计不是七百分钟通话[SEP]我觉得一百六十八块没有七百分钟通话[SEP]一百五十八块是多少通话[SEP]一百五十八块的话是七百分钟通话三个G流量[SEP]三个G流量[SEP]恩[SEP]是一百五十八块哦[SEP]一百六十八块的话是总共是[SEP]等于是给他多两个G流量[SEP]别的差不多啊[SEP]是通话时间还有五百分钟[SEP]一百六十八块的话是五百分钟[SEP]一百五十八块的话是七百分钟通话三个G流量[SEP]三G流量[SEP]是国内的是省内对吧[SEP]国内哦[SEP]省内省外关闭啊[SEP]一[SEP]要一百五十八块是七百分钟是吧[SEP]三百分钟通话三个G流量[SEP]总共一百五十八块[SEP]行[SEP]转成功[SEP]立即生效[SEP]一百二十八套餐自动退订[SEP]剩的流量通话不能用[SEP]按天按量计费[SEP]请按一[SEP]请稍等[SEP]我这套餐还有啥可以改[SEP]接着电脑好[SEP]套餐已经转好了[SEP]目前收费业务给您一百五十八块套餐[SEP]来电提醒[SEP]交通秘书还有三十元的流量包[SEP]三十元毛七楼流量包的话是两个月免费用的活动[SEP]您要取消吗[SEP]一个月了吧[SEP]哎[SEP]取消[SEP]取消两个月的活动呀[SEP]还没有到期是不是[SEP]一个月了[SEP]我觉得还有一个月嘞[SEP]他是十一月是十月十一号参与的[SEP]到十二月十一号到期[SEP]嗯嗯[SEP]中[SEP]啊不用不用[SEP]取消下个月再取消[SEP]嗯那行[SEP]那还有其他问题吗[SEP]没了[SEP]"
对话内容：哦喂你好我就是查一下我这个本机号码密码,咨询（含查询）用户资料,0,0,对话内容：哦喂你好我就是查一下我这个本机号码密码
对话内容：您好请讲哎你好帮我查一下我这个卡那个那个实名是五十块钱正常很抱歉现在无法直接帮您核实您需要提供机主身份证号然后我帮您看看对还是不对身份证号卡啊二二零八零二嗯嗯二二零嗯嗯幺六七二请讲四幺二七我再给您念一遍二二零八零二二零零二对吗对对卡稍等幺二二六幺零二七是吗对对那提示不对嗯那谢谢了啊不客气请问还有什么可以帮您的没有祝您生活愉快再见,咨询（含查询）用户资料,0,0,对话内容：您好请讲哎你好帮我查一下我这个卡那个那个实名是五十块钱正常很抱歉现在无法直接帮您核实您需要提供机主身份证号然后我帮您看看对还是不对身份证号卡啊二二零八零二嗯嗯二二零嗯嗯幺六七二请讲四幺二七我再给您念一遍二二零八零二二零零二对吗对对卡稍等幺二二六幺零二七是吗对对那提示不对嗯那谢谢了啊不客气请问还有什么可以帮您的没有祝您生活愉快再见
"对话内容：  
好的不客气，下载了哦，很高兴为您服务。您好，有什么可以帮您的吗？这个套餐或者别人正常使用的话是多少呢？手机认证的那个服务密码是啥呀？您现在主要是想做什么操作呢？没有认证码这个说法吧？您现在具体要干什么呀？升级认证就是升级对吧？您除了这个还想做啥呀？手机认证密码是什么呀？手机密码或者数据有啥密码呀？您现在是不是想查详单或者办业务啊？那您要查服务密码的话，当时买卡时登记的身份证号有没有登记呢？没登记的话，您根据提示音输入一下身份证号，别挂机，我帮您设个密码好吗？好的，您听好，提示音就是可以的。哎，再见。好的，拜拜。再见。喂，你好，好的。",咨询（含查询）用户资料,0,0,"对话内容：  
好的不客气[SEP]下载了哦[SEP]很高兴为您服务[SEP]您好[SEP]有什么可以帮您的吗[SEP]这个套餐或者别人正常使用的话是多少呢[SEP]手机认证的那个服务密码是啥呀[SEP]您现在主要是想做什么操作呢[SEP]没有认证码这个说法吧[SEP]您现在具体要干什么呀[SEP]升级认证就是升级对吧[SEP]您除了这个还想做啥呀[SEP]手机认证密码是什么呀[SEP]手机密码或者数据有啥密码呀[SEP]您现在是不是想查详单或者办业务啊[SEP]那您要查服务密码的话[SEP]当时买卡时登记的身份证号有没有登记呢[SEP]没登记的话[SEP]您根据提示音输入一下身份证号[SEP]别挂机[SEP]我帮您设个密码好吗[SEP]好的[SEP]您听好[SEP]提示音就是可以的[SEP]哎[SEP]再见[SEP]好的[SEP]拜拜[SEP]再见[SEP]喂[SEP]你好[SEP]好的[SEP]"
"对话内容：  
好的，不客气，已经下载了，很高兴为您服务。您好，请问有什么需要帮忙的吗？这个套餐或者别人正常使用的话是多少呢？手机认证的服务密码是什么呀？您现在主要想干啥呢？没有认证码的说法吧？您现在具体要做什么操作？升级认证就是升级对吧？您除了这个还有别的需求吗？手机认证密码是啥呀？手机密码或者数据相关的密码有吗？您是不是现在想查详单或者办理业务？那您要是查服务密码的话，当时买卡时有没有登记身份证号码？如果没登记，您可以根据提示音输入身份证号，不要挂断，我帮您设置一个密码好吗？好的，您注意听，提示音就是这样的。哎，再见。好的，拜拜。再见。喂，你好，好的。",咨询（含查询）用户资料,0,0,"对话内容：  
好的[SEP]不客气[SEP]已经下载了[SEP]很高兴为您服务[SEP]您好[SEP]请问有什么需要帮忙的吗[SEP]这个套餐或者别人正常使用的话是多少呢[SEP]手机认证的服务密码是什么呀[SEP]您现在主要想干啥呢[SEP]没有认证码的说法吧[SEP]您现在具体要做什么操作[SEP]升级认证就是升级对吧[SEP]您除了这个还有别的需求吗[SEP]手机认证密码是啥呀[SEP]手机密码或者数据相关的密码有吗[SEP]您是不是现在想查详单或者办理业务[SEP]那您要是查服务密码的话[SEP]当时买卡时有没有登记身份证号码[SEP]如果没登记[SEP]您可以根据提示音输入身份证号[SEP]不要挂断[SEP]我帮您设置一个密码好吗[SEP]好的[SEP]您注意听[SEP]提示音就是这样的[SEP]哎[SEP]再见[SEP]好的[SEP]拜拜[SEP]再见[SEP]喂[SEP]你好[SEP]好的[SEP]"
您好，很高兴为您服务。你好，我想问一下，我名下现在有几部手机号码？我们这边人工查不到这个信息，如果要单独查的话得去营业厅处理哦。那我的手机是不是出问题了？会不会两个小时后停机？不会的，这种情况我们这边没有。刚才有人跟我说我的手机两个小时后会停机，这是不是你们移动的电话？您千万别相信这些信息。我想现在把这号码停掉，会扣费吗？他说我名下有一张卡，收不到信息，让我去工商银行办理，现在已经欠了两千多块了。我建议您尽快报警处理，这不是我们移动的责任。我身份证信息都告诉他们了，这真的会有影响吗？我们这边不太清楚他们具体想做什么，您还是小心点。谢谢。,咨询（含查询）用户资料,0,0,您好[SEP]很高兴为您服务[SEP]你好[SEP]我想问一下[SEP]我名下现在有几部手机号码[SEP]我们这边人工查不到这个信息[SEP]如果要单独查的话得去营业厅处理哦[SEP]那我的手机是不是出问题了[SEP]会不会两个小时后停机[SEP]不会的[SEP]这种情况我们这边没有[SEP]刚才有人跟我说我的手机两个小时后会停机[SEP]这是不是你们移动的电话[SEP]您千万别相信这些信息[SEP]我想现在把这号码停掉[SEP]会扣费吗[SEP]他说我名下有一张卡[SEP]收不到信息[SEP]让我去工商银行办理[SEP]现在已经欠了两千多块了[SEP]我建议您尽快报警处理[SEP]这不是我们移动的责任[SEP]我身份证信息都告诉他们了[SEP]这真的会有影响吗[SEP]我们这边不太清楚他们具体想做什么[SEP]您还是小心点[SEP]谢谢[SEP]
您好，很高兴为您服务。你好，我想查一下我名下还有几个手机号码？我们这边人工查不了，要是单独查的话得去营业厅。那我的手机有问题吗？会不会两小时后被停机？不会的，我们这边没有这种操作。刚才有人说我的手机两小时后会停机，这是你们移动的电话吗？您别轻信这些信息。我想现在把这个号码关掉，会扣钱吗？他说我名下有张卡，收不到短信，让我去工商银行处理，现在已经欠了两千多块了。我建议您赶紧报警，这不归我们移动管。我身份证信息都说了，这样真的会有影响吗？我们这边不清楚他们到底想干什么，您还是注意点。谢谢。,咨询（含查询）用户资料,0,0,您好[SEP]很高兴为您服务[SEP]你好[SEP]我想查一下我名下还有几个手机号码[SEP]我们这边人工查不了[SEP]要是单独查的话得去营业厅[SEP]那我的手机有问题吗[SEP]会不会两小时后被停机[SEP]不会的[SEP]我们这边没有这种操作[SEP]刚才有人说我的手机两小时后会停机[SEP]这是你们移动的电话吗[SEP]您别轻信这些信息[SEP]我想现在把这个号码关掉[SEP]会扣钱吗[SEP]他说我名下有张卡[SEP]收不到短信[SEP]让我去工商银行处理[SEP]现在已经欠了两千多块了[SEP]我建议您赶紧报警[SEP]这不归我们移动管[SEP]我身份证信息都说了[SEP]这样真的会有影响吗[SEP]我们这边不清楚他们到底想干什么[SEP]您还是注意点[SEP]谢谢[SEP]
"对话内容：  
你好，很高兴为您服务。我这个手机卡不是两个钱，你给我升成10086吧，免费给我升啦。呃，对我现在没到期了呗？对，您现在是想再转回是吗？哎，对我用不了那么多呀。啊，可以，那您现在是要转的话是多少的？现在有六十六十八里面包含的是八十分钟，两个G的国内流量，通话八十分钟，恩对吧？好吧，因为不是现在以前多呀，以前那个已经停了没有了。如果您需要转，如果您要想转，您现在就是五百分钟，三三百兆的国内流量。那如果您现在想使用分钟数多、流量也多的话，那可以。您现在是在本地使用还是在全国范围内使用？我这个卡是不是移动卡？一直那个什么呀？没有，不是全球通嘛。我现在就没在老家呀，是全国套餐呀，是这全国通用的那种。对，六十八，现在八十分钟，对八十分钟国内通话，一个两个G的国内流量。那如果您觉得八十分钟少的话，可以转成一个七十八的包，一百五十分钟，两个G的国内流量。嗯，那都是七十八吧。可以，那现在转的话立即生效。一百零八套餐里面没有使用的分钟数、流量就不能再使用了，包括前期截止到七十八，从今天开始按天按使用量重新计算。好吧，嗯嗯嗯嗯，请您按一下数字一号键，我帮您转。哎，好的，请稍等。你好，七十八套餐的话已经帮您转成功了，立即生效，现在就能正常使用。嗯嗯，好的，谢谢啊。不客气，还有其他能帮到您的吗？不用。",咨询（含查询）用户资料,0,0,"对话内容：  
你好[SEP]很高兴为您服务[SEP]我这个手机卡不是两个钱[SEP]你给我升成10086吧[SEP]免费给我升啦[SEP]呃[SEP]对我现在没到期了呗[SEP]对[SEP]您现在是想再转回是吗[SEP]哎[SEP]对我用不了那么多呀[SEP]啊[SEP]可以[SEP]那您现在是要转的话是多少的[SEP]现在有六十六十八里面包含的是八十分钟[SEP]两个G的国内流量[SEP]通话八十分钟[SEP]恩对吧[SEP]好吧[SEP]因为不是现在以前多呀[SEP]以前那个已经停了没有了[SEP]如果您需要转[SEP]如果您要想转[SEP]您现在就是五百分钟[SEP]三三百兆的国内流量[SEP]那如果您现在想使用分钟数多、流量也多的话[SEP]那可以[SEP]您现在是在本地使用还是在全国范围内使用[SEP]我这个卡是不是移动卡[SEP]一直那个什么呀[SEP]没有[SEP]不是全球通嘛[SEP]我现在就没在老家呀[SEP]是全国套餐呀[SEP]是这全国通用的那种[SEP]对[SEP]六十八[SEP]现在八十分钟[SEP]对八十分钟国内通话[SEP]一个两个G的国内流量[SEP]那如果您觉得八十分钟少的话[SEP]可以转成一个七十八的包[SEP]一百五十分钟[SEP]两个G的国内流量[SEP]嗯[SEP]那都是七十八吧[SEP]可以[SEP]那现在转的话立即生效[SEP]一百零八套餐里面没有使用的分钟数、流量就不能再使用了[SEP]包括前期截止到七十八[SEP]从今天开始按天按使用量重新计算[SEP]好吧[SEP]嗯嗯嗯嗯[SEP]请您按一下数字一号键[SEP]我帮您转[SEP]哎[SEP]好的[SEP]请稍等[SEP]你好[SEP]七十八套餐的话已经帮您转成功了[SEP]立即生效[SEP]现在就能正常使用[SEP]嗯嗯[SEP]好的[SEP]谢谢啊[SEP]不客气[SEP]还有其他能帮到您的吗[SEP]不用[SEP]"
对话内容：呃您好，很高兴为您服务，那个帮我查查都有什么收费业务，套餐费三十八块，其他的没有了哎，对，有个承诺最低消费七十五，流量能听到你说话吗？听不清楚，清楚啊，哦好，谢谢啊。,咨询（含查询）营销活动信息,0,0,对话内容：呃您好[SEP]很高兴为您服务[SEP]那个帮我查查都有什么收费业务[SEP]套餐费三十八块[SEP]其他的没有了哎[SEP]对[SEP]有个承诺最低消费七十五[SEP]流量能听到你说话吗[SEP]听不清楚[SEP]清楚啊[SEP]哦好[SEP]谢谢啊[SEP]
对话内容：呃您好您说啊麻烦问一下我手机套餐就是你们说的这个月送三十块那个三十块啥时候到账啊这个月也没到您别着急女士我帮您查一下您这个活动您稍等哈请问女士您这个是接到电话给您改的然后说给您送的话费是吧对呀嗯就上个月它扣了八块钱然后送三十这个月先扣我三十八之前那三十块啥时候给我送过来呢一般的话咱们是每个月五号前给您返费的女士建议您关注一下好吗啊这两天应该能打过来哈嗯对一般都五号前然后的话您再留意一下这两天好吗如果过了五号还没给您充的话您再随时跟我们联系好吗好的嗯嗯那请问还有其他可以帮您的吗没有了,咨询（含查询）营销活动信息,0,0,对话内容：呃您好您说啊麻烦问一下我手机套餐就是你们说的这个月送三十块那个三十块啥时候到账啊这个月也没到您别着急女士我帮您查一下您这个活动您稍等哈请问女士您这个是接到电话给您改的然后说给您送的话费是吧对呀嗯就上个月它扣了八块钱然后送三十这个月先扣我三十八之前那三十块啥时候给我送过来呢一般的话咱们是每个月五号前给您返费的女士建议您关注一下好吗啊这两天应该能打过来哈嗯对一般都五号前然后的话您再留意一下这两天好吗如果过了五号还没给您充的话您再随时跟我们联系好吗好的嗯嗯那请问还有其他可以帮您的吗没有了
对话内容：您好很高兴为您服务你好我想问一下我这个手机卡都开通啥业务啊开通的收费业务您是有一个二十八元套餐同时上面有一个五十元那个上网流量包五十元上网流量包有几个五十流量包是一个吗这是在八月二十号参加的是让您免费体验两个月到十月二十号到期呃然后我查话费它它显示有点那个流量包五十您是查几月份的这个月吧上个月的是不是给我帮我帮您查一下就一个呀没有没有两个那发短信过来显示了呀嗯不是因为我们这边帮您查的为准我帮您帮您查一下十月份就截止到昨天吗您上面就一个五十元流量包没有两个请您放心啊哦扣费只有一个哈啊对这个到十月八号到到期是吧哦到期之前有短信提醒您您收到短信之后呢不想用的话给我们打电话帮您取消就可以了啊不能提前取消啊哦不能提现取消啊好谢谢啊,咨询（含查询）营销活动信息,0,0,对话内容：您好很高兴为您服务你好我想问一下我这个手机卡都开通啥业务啊开通的收费业务您是有一个二十八元套餐同时上面有一个五十元那个上网流量包五十元上网流量包有几个五十流量包是一个吗这是在八月二十号参加的是让您免费体验两个月到十月二十号到期呃然后我查话费它它显示有点那个流量包五十您是查几月份的这个月吧上个月的是不是给我帮我帮您查一下就一个呀没有没有两个那发短信过来显示了呀嗯不是因为我们这边帮您查的为准我帮您帮您查一下十月份就截止到昨天吗您上面就一个五十元流量包没有两个请您放心啊哦扣费只有一个哈啊对这个到十月八号到到期是吧哦到期之前有短信提醒您您收到短信之后呢不想用的话给我们打电话帮您取消就可以了啊不能提前取消啊哦不能提现取消啊好谢谢啊
"对话内容：  
呃喂你好啊很高兴为您服务啊您在吗哎我这边想查一下我这个本机的套餐是什么啊您用的是哪个套餐啊让我看看啊这个套餐包含啥内容啊为啥有三十个g的国内定向流量还有三十分钟的国内主叫通话免费赠送来电显示啊三十g的国内流量啊是本地校园的三g还是三十g啊对对对您在吗嗯就是您那个网站上是不是有看电影看电视的二十四返还话费的业务啊我给您看一下啊您要是省内上网的话是一块钱一天五百兆的呀其他没啥啊一天一块钱返了三十块啊您要是每天都用流量的话一个月就是三十块加上二十四块五十四块啊我给您取消了吧我不用三十g的流量了哎那您这个如果登记了这个流量就会扣一块钱吗您如果当天不用流量的话就不会扣这块钱的啊那肯定会产生超流量啊微信上都得用流量啊那您要是说那个安心流量包还是流量啊就是您这个套餐里面有的啊对对对行行好时间到了打的其他一下当时的",咨询（含查询）营销活动信息,0,0,"对话内容：  
呃喂你好啊很高兴为您服务啊您在吗哎我这边想查一下我这个本机的套餐是什么啊您用的是哪个套餐啊让我看看啊这个套餐包含啥内容啊为啥有三十个g的国内定向流量还有三十分钟的国内主叫通话免费赠送来电显示啊三十g的国内流量啊是本地校园的三g还是三十g啊对对对您在吗嗯就是您那个网站上是不是有看电影看电视的二十四返还话费的业务啊我给您看一下啊您要是省内上网的话是一块钱一天五百兆的呀其他没啥啊一天一块钱返了三十块啊您要是每天都用流量的话一个月就是三十块加上二十四块五十四块啊我给您取消了吧我不用三十g的流量了哎那您这个如果登记了这个流量就会扣一块钱吗您如果当天不用流量的话就不会扣这块钱的啊那肯定会产生超流量啊微信上都得用流量啊那您要是说那个安心流量包还是流量啊就是您这个套餐里面有的啊对对对行行好时间到了打的其他一下当时的"
"您好，请问有什么可以帮您？  
你好，麻烦帮我查一下我这个号码的费用情况。  
好的，我这边帮您查一下。您这张卡显示月租是十八元，还有三十元的最低消费，到今年六月底会自动停止。另外，您还有一个三十元的五百兆流量包，其他的都是没有月租，不使用不收费。  
三十块钱是什么意思啊？三十块是五百兆流量的钱吗？  
对，这个是不赠送的，您的优惠已经结束了，现在每个月要扣三十五元的国内流量费。  
那之前那个是赠送的吗？赠送了多久？  
您之前的返费优惠是一年的，现在已经到期了，现在就是正常扣费，每月三十五元的流量费。  
那我手机上显示返三十五，这是什么意思？  
很抱歉，您说的返三十应该是五月份的，现在已经六月份了，现在没有返费了。  
那六月份就扣三十吗？到月底的时候？  
是的，现在没有返费，直接扣三十元的流量费。  
那还有别的吗？最低消费是三十八吗？  
不是，是扣三十元的流量费加上十八元的月租费，其他的都是无月租，不使用不收费。  
十八块钱都包含什么？  
显示的是本地主叫国内通话八十分钟，三百兆省内流量，五十条短信，彩铃和特级会员，还有来电显示和提醒，这些都是包含在十八元里的。  
哦，原来是这样。那再加上三十四，十八是不是对的？  
对，没错。请问还有其他需要帮忙的吗？  
没有了。",咨询（含查询）营销活动信息,0,0,"您好[SEP]请问有什么可以帮您[SEP]  
你好[SEP]麻烦帮我查一下我这个号码的费用情况[SEP]  
好的[SEP]我这边帮您查一下[SEP]您这张卡显示月租是十八元[SEP]还有三十元的最低消费[SEP]到今年六月底会自动停止[SEP]另外[SEP]您还有一个三十元的五百兆流量包[SEP]其他的都是没有月租[SEP]不使用不收费[SEP]  
三十块钱是什么意思啊[SEP]三十块是五百兆流量的钱吗[SEP]  
对[SEP]这个是不赠送的[SEP]您的优惠已经结束了[SEP]现在每个月要扣三十五元的国内流量费[SEP]  
那之前那个是赠送的吗[SEP]赠送了多久[SEP]  
您之前的返费优惠是一年的[SEP]现在已经到期了[SEP]现在就是正常扣费[SEP]每月三十五元的流量费[SEP]  
那我手机上显示返三十五[SEP]这是什么意思[SEP]  
很抱歉[SEP]您说的返三十应该是五月份的[SEP]现在已经六月份了[SEP]现在没有返费了[SEP]  
那六月份就扣三十吗[SEP]到月底的时候[SEP]  
是的[SEP]现在没有返费[SEP]直接扣三十元的流量费[SEP]  
那还有别的吗[SEP]最低消费是三十八吗[SEP]  
不是[SEP]是扣三十元的流量费加上十八元的月租费[SEP]其他的都是无月租[SEP]不使用不收费[SEP]  
十八块钱都包含什么[SEP]  
显示的是本地主叫国内通话八十分钟[SEP]三百兆省内流量[SEP]五十条短信[SEP]彩铃和特级会员[SEP]还有来电显示和提醒[SEP]这些都是包含在十八元里的[SEP]  
哦[SEP]原来是这样[SEP]那再加上三十四[SEP]十八是不是对的[SEP]  
对[SEP]没错[SEP]请问还有其他需要帮忙的吗[SEP]  
没有了[SEP]"
"您好，有什么可以帮您？  
你好，能帮我查一下我的电话费用吗？  
好的，我来帮您查一下。您这张卡的月租是十八元，还有三十元的最低消费，到今年六月底会自动取消。另外还有一个三十元的五百兆流量包，其他都是没有月租，不用不收费。  
三十块钱是啥意思？三十块是五百兆流量的钱吗？  
对，这个是不赠送的，您的优惠已经结束了，现在每个月要收三十五元的国内流量费。  
那之前是赠送的吗？送了多长时间？  
您之前的返费优惠是持续一年的，现在已经到期了，现在就是正常扣费，每月三十五元的流量费。  
那我手机上显示返三十五，这是怎么回事？  
抱歉，您说的返三十应该是指五月份的，现在已经六月份了，现在没有返费了。  
那六月份就收三十吗？到月底的时候？  
是的，现在没有返费，直接收三十元的流量费。  
那还有别的吗？最低消费是三十八吗？  
不是，是收三十元的流量费加上十八元的月租费，其他的都是无月租，不用不收费。  
十八块钱都包含什么内容？  
显示的是本地主叫国内通话八十分钟，三百兆省内流量，五十条短信，彩铃和特级会员，还有来电显示和提醒，这些都在十八元里面。  
哦，明白了。那再加上三十四，十八是对的吗？  
对，没错。请问还有其他需要帮助的吗？  
没有了。",咨询（含查询）营销活动信息,0,0,"您好[SEP]有什么可以帮您[SEP]  
你好[SEP]能帮我查一下我的电话费用吗[SEP]  
好的[SEP]我来帮您查一下[SEP]您这张卡的月租是十八元[SEP]还有三十元的最低消费[SEP]到今年六月底会自动取消[SEP]另外还有一个三十元的五百兆流量包[SEP]其他都是没有月租[SEP]不用不收费[SEP]  
三十块钱是啥意思[SEP]三十块是五百兆流量的钱吗[SEP]  
对[SEP]这个是不赠送的[SEP]您的优惠已经结束了[SEP]现在每个月要收三十五元的国内流量费[SEP]  
那之前是赠送的吗[SEP]送了多长时间[SEP]  
您之前的返费优惠是持续一年的[SEP]现在已经到期了[SEP]现在就是正常扣费[SEP]每月三十五元的流量费[SEP]  
那我手机上显示返三十五[SEP]这是怎么回事[SEP]  
抱歉[SEP]您说的返三十应该是指五月份的[SEP]现在已经六月份了[SEP]现在没有返费了[SEP]  
那六月份就收三十吗[SEP]到月底的时候[SEP]  
是的[SEP]现在没有返费[SEP]直接收三十元的流量费[SEP]  
那还有别的吗[SEP]最低消费是三十八吗[SEP]  
不是[SEP]是收三十元的流量费加上十八元的月租费[SEP]其他的都是无月租[SEP]不用不收费[SEP]  
十八块钱都包含什么内容[SEP]  
显示的是本地主叫国内通话八十分钟[SEP]三百兆省内流量[SEP]五十条短信[SEP]彩铃和特级会员[SEP]还有来电显示和提醒[SEP]这些都在十八元里面[SEP]  
哦[SEP]明白了[SEP]那再加上三十四[SEP]十八是对的吗[SEP]  
对[SEP]没错[SEP]请问还有其他需要帮助的吗[SEP]  
没有了[SEP]"
"对话内容：  
客户：喂喂您好，很高兴为您服务，刚才我好像是多少话费？  
客服：您好，请问您是想查询当前的话费余额吗？  
客户：对，就是想知道现在还有多少钱。  
客服：好的，请稍等，我帮您查一下。",咨询（含查询）账户信息,0,0,"对话内容：  
客户：喂喂您好[SEP]很高兴为您服务[SEP]刚才我好像是多少话费[SEP]  
客服：您好[SEP]请问您是想查询当前的话费余额吗[SEP]  
客户：对[SEP]就是想知道现在还有多少钱[SEP]  
客服：好的[SEP]请稍等[SEP]我帮您查一下[SEP]"
对话内容：您好很高兴为您服务啊我你说我我查一下我这个号这这几个月消费查怎么这有八块恩好的请稍等我看一下啥是不是有啥意思有啥那个您好先生我这边帮您查了一下您现在本身用的这个本地的这个二十八元套餐那您现在收费业务就这一个没有其他收费业务的他每个每天就扣您这个五毛五左右先生没有其他扣费的你现您好嗯好那谢谢我知道啊不客气你好还有其他问题吗没有了好祝您心情啊我知道,咨询（含查询）账户信息,0,0,对话内容：您好很高兴为您服务啊我你说我我查一下我这个号这这几个月消费查怎么这有八块恩好的请稍等我看一下啥是不是有啥意思有啥那个您好先生我这边帮您查了一下您现在本身用的这个本地的这个二十八元套餐那您现在收费业务就这一个没有其他收费业务的他每个每天就扣您这个五毛五左右先生没有其他扣费的你现您好嗯好那谢谢我知道啊不客气你好还有其他问题吗没有了好祝您心情啊我知道
您好，很高兴为您服务。我这边已经接通了，您先稍等一下。我看一下我的业务情况，现在是每个月九块钱的套餐，每天用流量一块钱五百兆，省内自动续费，没有其他收费项目了，对吧？目前只有一项九块钱的套餐，没有其他费用。我现在的流量是每天一块钱五百兆，这样理解对吗？我现在用的是一个G，也就是两块钱，但他说一个G等于一千零二十四兆，那我用一个G的话是不是三块钱呢？怎么算一个G要三块钱？因为一千兆是两块钱，一千零一兆的话我是不是要多付一点？我咨询一下，现在我用的是五百零一兆，以前都是按这个价格算的，对吧？挂失不是这个意思，好的，好的，还有其他需要帮助的吗？没有了。,咨询（含查询）账户信息,0,0,您好[SEP]很高兴为您服务[SEP]我这边已经接通了[SEP]您先稍等一下[SEP]我看一下我的业务情况[SEP]现在是每个月九块钱的套餐[SEP]每天用流量一块钱五百兆[SEP]省内自动续费[SEP]没有其他收费项目了[SEP]对吧[SEP]目前只有一项九块钱的套餐[SEP]没有其他费用[SEP]我现在的流量是每天一块钱五百兆[SEP]这样理解对吗[SEP]我现在用的是一个G[SEP]也就是两块钱[SEP]但他说一个G等于一千零二十四兆[SEP]那我用一个G的话是不是三块钱呢[SEP]怎么算一个G要三块钱[SEP]因为一千兆是两块钱[SEP]一千零一兆的话我是不是要多付一点[SEP]我咨询一下[SEP]现在我用的是五百零一兆[SEP]以前都是按这个价格算的[SEP]对吧[SEP]挂失不是这个意思[SEP]好的[SEP]好的[SEP]还有其他需要帮助的吗[SEP]没有了[SEP]
您好，很高兴为您服务。我这边已经接通了，您稍等一下。我看看我的业务情况，现在是每月九元的套餐，每天流量一块钱五百兆，省内自动扣费，没有其他收费项目，对吧？目前只有一项九元的套餐，没有其他费用。我现在的流量是每天一块钱五百兆，这样对吗？我现在用的是一个G，就是两块钱，但他说一个G等于一千零二十四兆，那我用一个G的话是不是三块钱？为什么一个G要三块钱？因为一千兆是两块钱，一千零一兆是不是也要多收一点？我问一下，我现在用的是五百零一兆，之前都是按这个标准来的，对吧？不是挂失的问题，明白了，还有其他需要帮忙的吗？没有了。,咨询（含查询）账户信息,0,0,您好[SEP]很高兴为您服务[SEP]我这边已经接通了[SEP]您稍等一下[SEP]我看看我的业务情况[SEP]现在是每月九元的套餐[SEP]每天流量一块钱五百兆[SEP]省内自动扣费[SEP]没有其他收费项目[SEP]对吧[SEP]目前只有一项九元的套餐[SEP]没有其他费用[SEP]我现在的流量是每天一块钱五百兆[SEP]这样对吗[SEP]我现在用的是一个G[SEP]就是两块钱[SEP]但他说一个G等于一千零二十四兆[SEP]那我用一个G的话是不是三块钱[SEP]为什么一个G要三块钱[SEP]因为一千兆是两块钱[SEP]一千零一兆是不是也要多收一点[SEP]我问一下[SEP]我现在用的是五百零一兆[SEP]之前都是按这个标准来的[SEP]对吧[SEP]不是挂失的问题[SEP]明白了[SEP]还有其他需要帮忙的吗[SEP]没有了[SEP]
对话内容：呃你好啊我麻烦你帮我查一下我这卡消费情况是怎么回事儿您先稍等哎看看感谢您的耐心等待本卡月租是九块钱然后里面包含的是彩铃还有优惠分区内九十分钟主叫国内不含港澳台通话时长超出之后的话是优惠分区内主叫国内不含港澳台电话九分优惠分区外主叫国内不含港澳台电话两毛全国接听免费啊接点的还有什么彩铃我问一下还有什么彩铃啊彩铃是九块钱月租里面包含的业务不额外扣费然后来电显收费哦对来电显一个月使的最低消费这个一月十九吧现在对加在一起固定扣十九嗯那谢谢你啊一月十九赠九十分钟对嗯嗯嗯一月九块再加来电显一月最低消费十九是的啊完等到赠九十分钟对不对对哎好嘞谢谢你哎不客气请问还有什么可以帮您哎不用了我就打打去我上个月他给我整烂糟的打这嗯祝您生活愉快再见哎谢谢哎不客气再见哎好嘞谢谢,咨询（含查询）账户信息,0,0,对话内容：呃你好啊我麻烦你帮我查一下我这卡消费情况是怎么回事儿您先稍等哎看看感谢您的耐心等待本卡月租是九块钱然后里面包含的是彩铃还有优惠分区内九十分钟主叫国内不含港澳台通话时长超出之后的话是优惠分区内主叫国内不含港澳台电话九分优惠分区外主叫国内不含港澳台电话两毛全国接听免费啊接点的还有什么彩铃我问一下还有什么彩铃啊彩铃是九块钱月租里面包含的业务不额外扣费然后来电显收费哦对来电显一个月使的最低消费这个一月十九吧现在对加在一起固定扣十九嗯那谢谢你啊一月十九赠九十分钟对嗯嗯嗯一月九块再加来电显一月最低消费十九是的啊完等到赠九十分钟对不对对哎好嘞谢谢你哎不客气请问还有什么可以帮您哎不用了我就打打去我上个月他给我整烂糟的打这嗯祝您生活愉快再见哎谢谢哎不客气再见哎好嘞谢谢
"对话内容...  

您好请讲哎你好麻烦你我我我咨询一下那个我这话费呀就是九月一号余额是四十二块七毛五这三号呢就余额就剩二十块七毛五了在二十二块钱上哪去了请您不用着急它是扣这个月的月租费了月租每个月九块再加上一个四块钱的来电提醒您要开了一个十一块钱的流量加油包这个月一共扣了二十三呢啊那三十就是不是那我八月份那个余额是多少话费余额人工台不支持查询的请您自己查到多少钱我我自己上你那边是八月份的那个话费是六十多呢请问八月份八月份到九月一号嗯您是八月多少号查的余额呀啊八月十八号六十那您八月十八号到月底那部分的消费了多少钱有没有核实一下呀这个我根本就是电话没怎么用我还有别的号嗯嗯就是每次他都是就是以前没有九块钱就十二块钱吗最多不超过十六块钱嗯不会超过十六的行那您查一下您上个月的消费看一下您除了月租十二块钱额外又消费什么了之后您再减去这个月扣了二十三块钱这样就能对上了啊啊啊那那个那我怎么查账单您稍后拨幺零零八六给一个业务查询再选三详单查询免费查的哦呃点击完了再点三是不是啊是的先生好嘞谢谢不客气祝您生活愉快再见",咨询（含查询）账户信息,0,0,"对话内容...  

您好请讲哎你好麻烦你我我我咨询一下那个我这话费呀就是九月一号余额是四十二块七毛五这三号呢就余额就剩二十块七毛五了在二十二块钱上哪去了请您不用着急它是扣这个月的月租费了月租每个月九块再加上一个四块钱的来电提醒您要开了一个十一块钱的流量加油包这个月一共扣了二十三呢啊那三十就是不是那我八月份那个余额是多少话费余额人工台不支持查询的请您自己查到多少钱我我自己上你那边是八月份的那个话费是六十多呢请问八月份八月份到九月一号嗯您是八月多少号查的余额呀啊八月十八号六十那您八月十八号到月底那部分的消费了多少钱有没有核实一下呀这个我根本就是电话没怎么用我还有别的号嗯嗯就是每次他都是就是以前没有九块钱就十二块钱吗最多不超过十六块钱嗯不会超过十六的行那您查一下您上个月的消费看一下您除了月租十二块钱额外又消费什么了之后您再减去这个月扣了二十三块钱这样就能对上了啊啊啊那那个那我怎么查账单您稍后拨幺零零八六给一个业务查询再选三详单查询免费查的哦呃点击完了再点三是不是啊是的先生好嘞谢谢不客气祝您生活愉快再见"
"对话内容：  
客服：您好，很高兴为您服务。  
用户：你好，我上面这个三十元流量包，我在不知情的情况下被开通了，能不能帮我关掉？  
客服：请问您方便提供一下号码吗？我帮您核实一下。  
用户：13912345678。  
客服：好的，我这边帮您查询一下，稍等。",投诉（含抱怨）不知情定制问题,0,0,"对话内容：  
客服：您好[SEP]很高兴为您服务[SEP]  
用户：你好[SEP]我上面这个三十元流量包[SEP]我在不知情的情况下被开通了[SEP]能不能帮我关掉[SEP]  
客服：请问您方便提供一下号码吗[SEP]我帮您核实一下[SEP]  
用户：13912345678[SEP]  
客服：好的[SEP]我这边帮您查询一下[SEP]稍等[SEP]"
"对话内容：  
客服：您好，很高兴为您服务。  
用户：你好，我想问一下，我的留言信箱号怎么突然开了？是自动开通的吗？  
客服：女士，我帮您查了一下，您手机上没有开通这个业务。  
用户：可是我手机上显示有这个功能，而且还有回复消息。  
客服：您是不是手机自带的功能呢？我们这边查不到您有开通这个业务。  
用户：那我昨天到今天一直没办理过，怎么会这样？  
客服：可能是手机系统的问题，建议您去营业厅让工作人员帮您检查一下。  
用户：好的，那我过去看看。  
客服：好的，感谢您的来电，再见。",投诉（含抱怨）不知情定制问题,0,0,"对话内容：  
客服：您好[SEP]很高兴为您服务[SEP]  
用户：你好[SEP]我想问一下[SEP]我的留言信箱号怎么突然开了[SEP]是自动开通的吗[SEP]  
客服：女士[SEP]我帮您查了一下[SEP]您手机上没有开通这个业务[SEP]  
用户：可是我手机上显示有这个功能[SEP]而且还有回复消息[SEP]  
客服：您是不是手机自带的功能呢[SEP]我们这边查不到您有开通这个业务[SEP]  
用户：那我昨天到今天一直没办理过[SEP]怎么会这样[SEP]  
客服：可能是手机系统的问题[SEP]建议您去营业厅让工作人员帮您检查一下[SEP]  
用户：好的[SEP]那我过去看看[SEP]  
客服：好的[SEP]感谢您的来电[SEP]再见[SEP]"
"对话内容：  
您好，请讲。  
嗯，是的，您这张卡有个四G飞享套餐，八块钱一个月的。  
不是我这个是不是被扣了四G套餐？  
您这张卡是改月租费了，八块钱一个月的。  
我不是说这个，我是说他给我扣了四G套餐。  
您不要着急，那请您稍等，我给您上报一下，让上级部门处理完之后给您回复电话。  
好的，那行。  
这月就扣，下月取消了，我也没订啊。  
行，先生您别着急，我了解了，我给您下发五月份取消。  
好的，您的问题我给您上报了，我们上级部门处理完之后会联系您的。  
请问您还有其他问题需要咨询吗？  
哎，那好了。",投诉（含抱怨）不知情定制问题,0,0,"对话内容：  
您好[SEP]请讲[SEP]  
嗯[SEP]是的[SEP]您这张卡有个四G飞享套餐[SEP]八块钱一个月的[SEP]  
不是我这个是不是被扣了四G套餐[SEP]  
您这张卡是改月租费了[SEP]八块钱一个月的[SEP]  
我不是说这个[SEP]我是说他给我扣了四G套餐[SEP]  
您不要着急[SEP]那请您稍等[SEP]我给您上报一下[SEP]让上级部门处理完之后给您回复电话[SEP]  
好的[SEP]那行[SEP]  
这月就扣[SEP]下月取消了[SEP]我也没订啊[SEP]  
行[SEP]先生您别着急[SEP]我了解了[SEP]我给您下发五月份取消[SEP]  
好的[SEP]您的问题我给您上报了[SEP]我们上级部门处理完之后会联系您的[SEP]  
请问您还有其他问题需要咨询吗[SEP]  
哎[SEP]那好了[SEP]"
"对话内容：  
您好，请讲。哎，你帮我查一下，我这手机现在有一个语音语音那个来电语音提示呀，还是什么呀？您说的是语音信箱吗？从六月业务啊，对对，那个留言那个，那我没订，但是我刚才看我来了一条信息，这不是您发短信办理了吗？女士，就是您十二月二十八号时候办理的，这个是免费体验三个月，到期之后是自动取消的，到一七年的二月末到期就自动关了。那刚才来了一条信息说不是一个月扣三块钱吗？诶，不扣费，免费的。嗯，您关注一下，扣费用完到二月底到期就自动关了。啊，那行，那好，别的业务还有什么业务帮我开开吧？稍等，这张卡的话有最低消费是十块钱的，有一个十块钱三百兆的省内流量，嗯，然后来电显示免费的，就这些。哎，那个我那个流量能改吗？嗯，您可以取消，但是取消得上移动营业厅关，取消以后再办就办不了了。女士啊，就是想要多办点那种流量办不了可以。我是说这个十元三百兆的，如果您取消以后再办，办不了了。您可以办别的流量，但是这个还是挺合适的，因为咱们现在十块钱的话就是七十兆流量，就是三百兆省内的。您要是比这个多的话，就是三十五百兆、四十七百兆，您都可以办啊。啊，那我知道了，那好了，谢谢啊。不客气，请问还有其他问题需要咨询吗？啊，没有了。",投诉（含抱怨）不知情定制问题,0,0,"对话内容：  
您好[SEP]请讲[SEP]哎[SEP]你帮我查一下[SEP]我这手机现在有一个语音语音那个来电语音提示呀[SEP]还是什么呀[SEP]您说的是语音信箱吗[SEP]从六月业务啊[SEP]对对[SEP]那个留言那个[SEP]那我没订[SEP]但是我刚才看我来了一条信息[SEP]这不是您发短信办理了吗[SEP]女士[SEP]就是您十二月二十八号时候办理的[SEP]这个是免费体验三个月[SEP]到期之后是自动取消的[SEP]到一七年的二月末到期就自动关了[SEP]那刚才来了一条信息说不是一个月扣三块钱吗[SEP]诶[SEP]不扣费[SEP]免费的[SEP]嗯[SEP]您关注一下[SEP]扣费用完到二月底到期就自动关了[SEP]啊[SEP]那行[SEP]那好[SEP]别的业务还有什么业务帮我开开吧[SEP]稍等[SEP]这张卡的话有最低消费是十块钱的[SEP]有一个十块钱三百兆的省内流量[SEP]嗯[SEP]然后来电显示免费的[SEP]就这些[SEP]哎[SEP]那个我那个流量能改吗[SEP]嗯[SEP]您可以取消[SEP]但是取消得上移动营业厅关[SEP]取消以后再办就办不了了[SEP]女士啊[SEP]就是想要多办点那种流量办不了可以[SEP]我是说这个十元三百兆的[SEP]如果您取消以后再办[SEP]办不了了[SEP]您可以办别的流量[SEP]但是这个还是挺合适的[SEP]因为咱们现在十块钱的话就是七十兆流量[SEP]就是三百兆省内的[SEP]您要是比这个多的话[SEP]就是三十五百兆、四十七百兆[SEP]您都可以办啊[SEP]啊[SEP]那我知道了[SEP]那好了[SEP]谢谢啊[SEP]不客气[SEP]请问还有其他问题需要咨询吗[SEP]啊[SEP]没有了[SEP]"
"对话内容：  
您好，很高兴为您服务。您刚才提到收到短信说订购了法制文化手机报，是的吗？先生，我查看到您在6月13日8点46分开通了一个每月10元的法制文化手机报业务。您不想订这个，对吗？请问您有没有查过账单，有没有被收费？好像已经收了。那我先帮您取消这个业务，避免以后继续扣费。取消后建议您稍后查一下账单，确认是否已扣费，可以吗？好的，请稍等，我帮您查询一下。感谢您的耐心等待。我帮您查了一下，您这张卡月租是18元，包含100M国内流量、50M省内流量、80分钟本地主叫通话时长，还有来电显示。另外还赠送30M省内流量、50M省内流量、200M省内4G流量，到2017年6月底结束。还开通了流量安心包，5元的和教育，赠送2G省内4G流量，到2017年8月底结束，还有150M省内流量到2019年8月底结束。其他使用按需收费，不用不收费。好的，现在我帮您转接语音提示，您先查一下账单，如果有收费可以随时联系我们。好的，那我先转接给您，您查一下账单，好吗？如果没收费，也请您留意。如果后续有疑问，欢迎随时联系我们。不客气，祝您生活愉快。",投诉（含抱怨）不知情定制问题,0,0,"对话内容：  
您好[SEP]很高兴为您服务[SEP]您刚才提到收到短信说订购了法制文化手机报[SEP]是的吗[SEP]先生[SEP]我查看到您在6月13日8点46分开通了一个每月10元的法制文化手机报业务[SEP]您不想订这个[SEP]对吗[SEP]请问您有没有查过账单[SEP]有没有被收费[SEP]好像已经收了[SEP]那我先帮您取消这个业务[SEP]避免以后继续扣费[SEP]取消后建议您稍后查一下账单[SEP]确认是否已扣费[SEP]可以吗[SEP]好的[SEP]请稍等[SEP]我帮您查询一下[SEP]感谢您的耐心等待[SEP]我帮您查了一下[SEP]您这张卡月租是18元[SEP]包含100M国内流量、50M省内流量、80分钟本地主叫通话时长[SEP]还有来电显示[SEP]另外还赠送30M省内流量、50M省内流量、200M省内4G流量[SEP]到2017年6月底结束[SEP]还开通了流量安心包[SEP]5元的和教育[SEP]赠送2G省内4G流量[SEP]到2017年8月底结束[SEP]还有150M省内流量到2019年8月底结束[SEP]其他使用按需收费[SEP]不用不收费[SEP]好的[SEP]现在我帮您转接语音提示[SEP]您先查一下账单[SEP]如果有收费可以随时联系我们[SEP]好的[SEP]那我先转接给您[SEP]您查一下账单[SEP]好吗[SEP]如果没收费[SEP]也请您留意[SEP]如果后续有疑问[SEP]欢迎随时联系我们[SEP]不客气[SEP]祝您生活愉快[SEP]"
对话内容：你好您好很高兴为您服务我问一下我的手机怎么回事啊上网上网是上不了了吗都听不清了您好好的好好,投诉（含抱怨）业务使用问题,0,0,对话内容：你好您好很高兴为您服务我问一下我的手机怎么回事啊上网上网是上不了了吗都听不清了您好好的好好
"对话内容：  
喂你好啊很高兴为您服务诶，那个我现在网络连不上了，能不能帮我查一下是什么原因啊？是手机不能登录还是电脑不能啊？呃，宽带也不能登，就是手机、电脑还有家里的电视连到网络都上不了，宽带也不能用对吧？宽带不能用的话出现什么提示呢？猫灯那边有来电显示吗？呃我现在有电脑试了一下，它现在提示错误代码是六五一，错误代码对六五一，然后写的是那个调制条他要是写条期报报出了一个错误，可以是咱们通过这张卡绑定的宽带吗？对本机号码绑定的宽带，稍等这边正在帮您查询，出现是错误代码六五一是吧？对，稍等一下我帮您看看，好的再见多少",投诉（含抱怨）业务使用问题,0,0,"对话内容：  
喂你好啊很高兴为您服务诶[SEP]那个我现在网络连不上了[SEP]能不能帮我查一下是什么原因啊[SEP]是手机不能登录还是电脑不能啊[SEP]呃[SEP]宽带也不能登[SEP]就是手机、电脑还有家里的电视连到网络都上不了[SEP]宽带也不能用对吧[SEP]宽带不能用的话出现什么提示呢[SEP]猫灯那边有来电显示吗[SEP]呃我现在有电脑试了一下[SEP]它现在提示错误代码是六五一[SEP]错误代码对六五一[SEP]然后写的是那个调制条他要是写条期报报出了一个错误[SEP]可以是咱们通过这张卡绑定的宽带吗[SEP]对本机号码绑定的宽带[SEP]稍等这边正在帮您查询[SEP]出现是错误代码六五一是吧[SEP]对[SEP]稍等一下我帮您看看[SEP]好的再见多少"
对话内容：呃你好啊我就是刚才打电话的那个那个您好现在接您电话不是同一话务员请问您遇到什么问题了啊我这个卡这个卡是上个月也是你们给我打过来电话说能办那个优惠那个流量他说一个月交十八块钱然后的话就是给一千多兆流量还有那个免费通话分钟三百分钟从六月一号开始生效然后我我上交完话费之后的话是用了能有十天左右吧完现在开始那个网就连不上了请问之前是否帮您修复过网络没有啊那您别着急我帮您先把您上网修复一下啊行啊帮您修复好了稍后呢您关机重启看一下能不能恢复如果不能恢复您再给我们打电话就行啊嗯行那我知道了好的请问还有什么可以帮助您啊那没有了你就把这网能帮我连上就行好的帮您修复好了哦嗯行那好了谢谢啊不客气祝您生活愉快再见啊好再见,投诉（含抱怨）业务使用问题,0,0,对话内容：呃你好啊我就是刚才打电话的那个那个您好现在接您电话不是同一话务员请问您遇到什么问题了啊我这个卡这个卡是上个月也是你们给我打过来电话说能办那个优惠那个流量他说一个月交十八块钱然后的话就是给一千多兆流量还有那个免费通话分钟三百分钟从六月一号开始生效然后我我上交完话费之后的话是用了能有十天左右吧完现在开始那个网就连不上了请问之前是否帮您修复过网络没有啊那您别着急我帮您先把您上网修复一下啊行啊帮您修复好了稍后呢您关机重启看一下能不能恢复如果不能恢复您再给我们打电话就行啊嗯行那我知道了好的请问还有什么可以帮助您啊那没有了你就把这网能帮我连上就行好的帮您修复好了哦嗯行那好了谢谢啊不客气祝您生活愉快再见啊好再见
您好，请问您在吗？麻烦您帮我查一下我现在的流量套餐情况。请稍等，系统显示您这张卡开通了30元500M的手机流量套餐。我有30元500M的流量，但我现在好像没有啊，您说我没有是什么意思？是不是现在不能用了？我从一号开始扣话费，到现在已经用了五六十元的流量，只要是开流量就会收费，这说明我之前的流量用完了对吧？不是说刚开通的500M吗？我什么都没用，您能帮我核实一下详单吗？详单上会有具体的使用时间记录。您可以看一下是不是有后台程序在自动更新，或者某些软件一直在线登录，导致流量被消耗。我可以把查询的详单发给您，上面会显示具体使用时间。那行，我记得以前这个套餐在外地一直都有，但500M流量晚上就用完了，一天能用完吗？我什么都没干，您帮我查一下是什么时候用的。详单查询网址我发给您，可以看一下。好的，那您给我发一下，已经发过去了，嗯，那行。,投诉（含抱怨）业务使用问题,0,0,您好[SEP]请问您在吗[SEP]麻烦您帮我查一下我现在的流量套餐情况[SEP]请稍等[SEP]系统显示您这张卡开通了30元500M的手机流量套餐[SEP]我有30元500M的流量[SEP]但我现在好像没有啊[SEP]您说我没有是什么意思[SEP]是不是现在不能用了[SEP]我从一号开始扣话费[SEP]到现在已经用了五六十元的流量[SEP]只要是开流量就会收费[SEP]这说明我之前的流量用完了对吧[SEP]不是说刚开通的500M吗[SEP]我什么都没用[SEP]您能帮我核实一下详单吗[SEP]详单上会有具体的使用时间记录[SEP]您可以看一下是不是有后台程序在自动更新[SEP]或者某些软件一直在线登录[SEP]导致流量被消耗[SEP]我可以把查询的详单发给您[SEP]上面会显示具体使用时间[SEP]那行[SEP]我记得以前这个套餐在外地一直都有[SEP]但500M流量晚上就用完了[SEP]一天能用完吗[SEP]我什么都没干[SEP]您帮我查一下是什么时候用的[SEP]详单查询网址我发给您[SEP]可以看一下[SEP]好的[SEP]那您给我发一下[SEP]已经发过去了[SEP]嗯[SEP]那行[SEP]
你好，请问在吗？麻烦你帮我看看我现在有没有开通流量套餐。请稍等，系统显示您这张卡目前有30元500M的手机上网流量。我有30元500M的流量，可是我现在没看到啊，您说没有是什么意思？是不是现在不能用了？我从1号开始扣话费，现在已经用了五六十元的流量，只要一开流量就会收费，这说明我的流量已经用完了对吧？不是说刚开通的500M吗？我什么都没用，您能帮我查一下详单吗？详单上会有具体的使用时间记录。您可以看看是不是有后台程序在自动下载或者某些软件一直在运行，这样就会消耗流量。我可以把详单发给您，上面会显示什么时候用了流量。那行，我记得以前这个套餐在外地一直都有，但500M流量晚上就用完了，一天就能用完吗？我什么都没操作，您帮我查一下是什么时候用的。详单查询的网址我发给您，可以看一下。好的，那您发一下，已经发过来了，嗯，那行。,投诉（含抱怨）业务使用问题,0,0,你好[SEP]请问在吗[SEP]麻烦你帮我看看我现在有没有开通流量套餐[SEP]请稍等[SEP]系统显示您这张卡目前有30元500M的手机上网流量[SEP]我有30元500M的流量[SEP]可是我现在没看到啊[SEP]您说没有是什么意思[SEP]是不是现在不能用了[SEP]我从1号开始扣话费[SEP]现在已经用了五六十元的流量[SEP]只要一开流量就会收费[SEP]这说明我的流量已经用完了对吧[SEP]不是说刚开通的500M吗[SEP]我什么都没用[SEP]您能帮我查一下详单吗[SEP]详单上会有具体的使用时间记录[SEP]您可以看看是不是有后台程序在自动下载或者某些软件一直在运行[SEP]这样就会消耗流量[SEP]我可以把详单发给您[SEP]上面会显示什么时候用了流量[SEP]那行[SEP]我记得以前这个套餐在外地一直都有[SEP]但500M流量晚上就用完了[SEP]一天就能用完吗[SEP]我什么都没操作[SEP]您帮我查一下是什么时候用的[SEP]详单查询的网址我发给您[SEP]可以看一下[SEP]好的[SEP]那您发一下[SEP]已经发过来了[SEP]嗯[SEP]那行[SEP]
啊有线宽带专席请讲，你好，我想问一下我家的网怎么用不了了，请把宽带账号给我一下，我先帮您查一下。您说的是用户名称还是宽带账号，像零二开头或者幺零开头的？幺零幺幺零六六九九六二，请稍等，我先帮您查一下。感谢您的耐心等待。帮您查到宽带状态显示正常，我这边平台帮您刷新一下数据，请您稍后断电一下。刚才不是刚刚才吗？我家楼下那个网络箱那边有个人来回走动，是不是你们的人拿电脑之类的上去弄过？之前早上我的网还好好的，等我送完孩子回来，他在那拔的时候，我上楼之后我家就用不了了，我下楼找人也没找到。您现在家里有没有什么异常情况，比如所有设备都用不了，电视、电脑和手机连的WiFi都不行？我不是问这个，我是问光猫的灯有没有亮。你说的那个WiFi盒子不对，是有一个光猫，光猫上的灯亮不亮？稍等一下，我看看有没有红灯。没有，都是正常的，对吧？我现在这边帮您重启一下整体的数据，您稍后断电五到十分钟左右重启一下试试。您是说我把电源拔了再插回去试试对吗？五到十分钟左右就能恢复。我这边给您操作一下，地址十分钟后，对，是的，女士。嗯嗯，好嘞，我知道了，谢谢。不客气，还有其他可以帮您的吗？没有了，祝您生活愉快，再见。谢谢。,投诉（含抱怨）业务使用问题,0,0,啊有线宽带专席请讲[SEP]你好[SEP]我想问一下我家的网怎么用不了了[SEP]请把宽带账号给我一下[SEP]我先帮您查一下[SEP]您说的是用户名称还是宽带账号[SEP]像零二开头或者幺零开头的[SEP]幺零幺幺零六六九九六二[SEP]请稍等[SEP]我先帮您查一下[SEP]感谢您的耐心等待[SEP]帮您查到宽带状态显示正常[SEP]我这边平台帮您刷新一下数据[SEP]请您稍后断电一下[SEP]刚才不是刚刚才吗[SEP]我家楼下那个网络箱那边有个人来回走动[SEP]是不是你们的人拿电脑之类的上去弄过[SEP]之前早上我的网还好好的[SEP]等我送完孩子回来[SEP]他在那拔的时候[SEP]我上楼之后我家就用不了了[SEP]我下楼找人也没找到[SEP]您现在家里有没有什么异常情况[SEP]比如所有设备都用不了[SEP]电视、电脑和手机连的WiFi都不行[SEP]我不是问这个[SEP]我是问光猫的灯有没有亮[SEP]你说的那个WiFi盒子不对[SEP]是有一个光猫[SEP]光猫上的灯亮不亮[SEP]稍等一下[SEP]我看看有没有红灯[SEP]没有[SEP]都是正常的[SEP]对吧[SEP]我现在这边帮您重启一下整体的数据[SEP]您稍后断电五到十分钟左右重启一下试试[SEP]您是说我把电源拔了再插回去试试对吗[SEP]五到十分钟左右就能恢复[SEP]我这边给您操作一下[SEP]地址十分钟后[SEP]对[SEP]是的[SEP]女士[SEP]嗯嗯[SEP]好嘞[SEP]我知道了[SEP]谢谢[SEP]不客气[SEP]还有其他可以帮您的吗[SEP]没有了[SEP]祝您生活愉快[SEP]再见[SEP]谢谢[SEP]
啊有线宽带专席请讲，你好，我想问一下我家的网怎么突然用不了了，请把宽带账号告诉我一下，我先帮您查查。您是说用户名称还是宽带账号，像02开头或者10开头的？10110669962，请稍等，我帮您查一下。感谢您的等待。查到了，宽带状态显示正常，我这边平台帮您刷新一下数据，您稍后断电一下。刚才不是刚弄过吗？我家楼下那个网络箱那边有个人在来回走动，是不是你们的工作人员上去拿东西了？之前早上我的网还好好的，等我送完孩子回来，他在那拔线的时候，我上楼之后家里的网就不好使了，我下楼找人也没找到。您现在家里有没有什么异常情况，比如所有设备都连不上，电视、电脑和手机的WiFi都不行？我不是问这个，我是问光猫的指示灯有没有亮。你说的那个WiFi盒子不对，是光猫，光猫上的灯亮不亮？稍等一下，我看看有没有红灯。没有，都是正常的，对吧？我现在这边帮您重启一下系统数据，您断电五到十分钟再插上试试。您是说把电源拔掉再插回去对吗？五到十分钟应该能恢复正常。我这边给您处理一下，地址十分钟后，对，是的，女士。嗯嗯，好嘞，我知道了，谢谢。不客气，还有其他需要帮忙的吗？没有了，祝您生活愉快，再见。谢谢。,投诉（含抱怨）业务使用问题,0,0,啊有线宽带专席请讲[SEP]你好[SEP]我想问一下我家的网怎么突然用不了了[SEP]请把宽带账号告诉我一下[SEP]我先帮您查查[SEP]您是说用户名称还是宽带账号[SEP]像02开头或者10开头的[SEP]10110669962[SEP]请稍等[SEP]我帮您查一下[SEP]感谢您的等待[SEP]查到了[SEP]宽带状态显示正常[SEP]我这边平台帮您刷新一下数据[SEP]您稍后断电一下[SEP]刚才不是刚弄过吗[SEP]我家楼下那个网络箱那边有个人在来回走动[SEP]是不是你们的工作人员上去拿东西了[SEP]之前早上我的网还好好的[SEP]等我送完孩子回来[SEP]他在那拔线的时候[SEP]我上楼之后家里的网就不好使了[SEP]我下楼找人也没找到[SEP]您现在家里有没有什么异常情况[SEP]比如所有设备都连不上[SEP]电视、电脑和手机的WiFi都不行[SEP]我不是问这个[SEP]我是问光猫的指示灯有没有亮[SEP]你说的那个WiFi盒子不对[SEP]是光猫[SEP]光猫上的灯亮不亮[SEP]稍等一下[SEP]我看看有没有红灯[SEP]没有[SEP]都是正常的[SEP]对吧[SEP]我现在这边帮您重启一下系统数据[SEP]您断电五到十分钟再插上试试[SEP]您是说把电源拔掉再插回去对吗[SEP]五到十分钟应该能恢复正常[SEP]我这边给您处理一下[SEP]地址十分钟后[SEP]对[SEP]是的[SEP]女士[SEP]嗯嗯[SEP]好嘞[SEP]我知道了[SEP]谢谢[SEP]不客气[SEP]还有其他需要帮忙的吗[SEP]没有了[SEP]祝您生活愉快[SEP]再见[SEP]谢谢[SEP]
对话内容：谢谢啊，您好，很高兴为您服务。哎，你好，我问一下，这个月我那个送了两个G的流量怎么突然没了？能帮我查一下吗？好的，再见。您好，赠送的流量是送六个月，到期就没了，不是十二个月对吧？不是六个月的话，就是六个月的，哦，对，一开始就是送六个月，到了时间就没了。,投诉（含抱怨）营销问题,0,0,对话内容：谢谢啊[SEP]您好[SEP]很高兴为您服务[SEP]哎[SEP]你好[SEP]我问一下[SEP]这个月我那个送了两个G的流量怎么突然没了[SEP]能帮我查一下吗[SEP]好的[SEP]再见[SEP]您好[SEP]赠送的流量是送六个月[SEP]到期就没了[SEP]不是十二个月对吧[SEP]不是六个月的话[SEP]就是六个月的[SEP]哦[SEP]对[SEP]一开始就是送六个月[SEP]到了时间就没了[SEP]
对话内容：谢谢，您好，很高兴为您服务。喂，你好，我想问一下，这个月我领的两个G流量怎么不见了？能帮我看看吗？好的，再见。您说的赠送流量是六个月，过了就没了，不是十二个月吧？不是六个月的话，就是六个月，哦，对，一开始就是送六个月，到时间就失效了。,投诉（含抱怨）营销问题,0,0,对话内容：谢谢[SEP]您好[SEP]很高兴为您服务[SEP]喂[SEP]你好[SEP]我想问一下[SEP]这个月我领的两个G流量怎么不见了[SEP]能帮我看看吗[SEP]好的[SEP]再见[SEP]您说的赠送流量是六个月[SEP]过了就没了[SEP]不是十二个月吧[SEP]不是六个月的话[SEP]就是六个月[SEP]哦[SEP]对[SEP]一开始就是送六个月[SEP]到时间就失效了[SEP]
对话内容：您好，很高兴为您服务。哎，你好，我之前不是收到10086发的短信让我回复33，然后就扣了19块钱，还送了20兆流量，怎么到现在还没到账啊？当时我买的是20G的省内流量，是7号买的，花了16块9毛9，现在流量应该能用七天，七天后就没了，这个已经到账了吧？已经到账了吗？对，对，对，好的。请问还有其他需要帮您的吗？没有，没有，我只是来查一下，我看系统上显示的流量好像没更新，您能帮我看看这个号码的剩余流量情况吗？截止到现在，您可以看一下短信。请您放心，只要在河南省内就能用，好吗？好的，嗯，好。请问还有别的问题吗？怎么样？,投诉（含抱怨）营销问题,0,0,对话内容：您好[SEP]很高兴为您服务[SEP]哎[SEP]你好[SEP]我之前不是收到10086发的短信让我回复33[SEP]然后就扣了19块钱[SEP]还送了20兆流量[SEP]怎么到现在还没到账啊[SEP]当时我买的是20G的省内流量[SEP]是7号买的[SEP]花了16块9毛9[SEP]现在流量应该能用七天[SEP]七天后就没了[SEP]这个已经到账了吧[SEP]已经到账了吗[SEP]对[SEP]对[SEP]对[SEP]好的[SEP]请问还有其他需要帮您的吗[SEP]没有[SEP]没有[SEP]我只是来查一下[SEP]我看系统上显示的流量好像没更新[SEP]您能帮我看看这个号码的剩余流量情况吗[SEP]截止到现在[SEP]您可以看一下短信[SEP]请您放心[SEP]只要在河南省内就能用[SEP]好吗[SEP]好的[SEP]嗯[SEP]好[SEP]请问还有别的问题吗[SEP]怎么样[SEP]
对话内容：您好，很高兴为您服务。你好，我之前收到10086发的信息让我回33，结果就扣了19元，说送20兆流量，但到现在都没到账。我那天买了20G的省内流量，是7号买的，花了16块9毛9，说可以用七天，之后就没了，这应该已经到账了吧？已经到账了是吧？对，对，好的。请问还有什么事可以帮您吗？没有，我就是来看看，系统上显示的流量好像没更新，您能帮我查一下这个号码的流量情况吗？到现在的剩余量，您可以看看短信。请您放心，只要在河南就能用，对吧？好的，嗯，好的。还有其他问题吗？怎么样？,投诉（含抱怨）营销问题,0,0,对话内容：您好[SEP]很高兴为您服务[SEP]你好[SEP]我之前收到10086发的信息让我回33[SEP]结果就扣了19元[SEP]说送20兆流量[SEP]但到现在都没到账[SEP]我那天买了20G的省内流量[SEP]是7号买的[SEP]花了16块9毛9[SEP]说可以用七天[SEP]之后就没了[SEP]这应该已经到账了吧[SEP]已经到账了是吧[SEP]对[SEP]对[SEP]好的[SEP]请问还有什么事可以帮您吗[SEP]没有[SEP]我就是来看看[SEP]系统上显示的流量好像没更新[SEP]您能帮我查一下这个号码的流量情况吗[SEP]到现在的剩余量[SEP]您可以看看短信[SEP]请您放心[SEP]只要在河南就能用[SEP]对吧[SEP]好的[SEP]嗯[SEP]好的[SEP]还有其他问题吗[SEP]怎么样[SEP]
"对话内容：  
您好，请问有什么可以帮您？  
我之前申请的返费三十元还没到账，能帮我查一下吗？  
请您稍等，我帮您查询一下。  
您是说之前承诺返费的三十元现在还没到账对吗？  
对，已经一个多月了。  
我帮您看一下，一般是在七到十五个工作日返还。  
目前还没有到账，您方便稍等一下吗？  
好的，我帮您重新上报这个问题，会在四十八小时内给您回复电话。  
请问还有其他需要咨询的吗？  
没有了，谢谢，再见。",投诉（含抱怨）营销问题,0,0,"对话内容：  
您好[SEP]请问有什么可以帮您[SEP]  
我之前申请的返费三十元还没到账[SEP]能帮我查一下吗[SEP]  
请您稍等[SEP]我帮您查询一下[SEP]  
您是说之前承诺返费的三十元现在还没到账对吗[SEP]  
对[SEP]已经一个多月了[SEP]  
我帮您看一下[SEP]一般是在七到十五个工作日返还[SEP]  
目前还没有到账[SEP]您方便稍等一下吗[SEP]  
好的[SEP]我帮您重新上报这个问题[SEP]会在四十八小时内给您回复电话[SEP]  
请问还有其他需要咨询的吗[SEP]  
没有了[SEP]谢谢[SEP]再见[SEP]"
"对话内容：  
客户：您好，我这个号码刚才收到一条短信，说送话费，但我发现扣了钱，不是免费的吧？  
客服：请问您收到的是哪条信息呢？  
客户：她说我参与了存费送通话时长活动，但我觉得不对，是不是发错了？  
客服：您是办理了78元及以上套餐吗？  
客户：对，我是用了78元的套餐。  
客服：那这个活动是针对78元及以上套餐用户的，您现在每月会返还4元话费，同时赠送200分钟国内通话。  
客户：那这个4元是从什么时候开始返的？  
客服：从这个月月底开始，分12个月返还，每个月返4元。  
客户：明白了，谢谢。",投诉（含抱怨）营销问题,0,0,"对话内容：  
客户：您好[SEP]我这个号码刚才收到一条短信[SEP]说送话费[SEP]但我发现扣了钱[SEP]不是免费的吧[SEP]  
客服：请问您收到的是哪条信息呢[SEP]  
客户：她说我参与了存费送通话时长活动[SEP]但我觉得不对[SEP]是不是发错了[SEP]  
客服：您是办理了78元及以上套餐吗[SEP]  
客户：对[SEP]我是用了78元的套餐[SEP]  
客服：那这个活动是针对78元及以上套餐用户的[SEP]您现在每月会返还4元话费[SEP]同时赠送200分钟国内通话[SEP]  
客户：那这个4元是从什么时候开始返的[SEP]  
客服：从这个月月底开始[SEP]分12个月返还[SEP]每个月返4元[SEP]  
客户：明白了[SEP]谢谢[SEP]"
"对话内容：  
呃您好，很高兴为您服务。那个，我刚才打那个幺零零八六，然后问一下，开通那个流量六十块钱二十个G还是三十个G，就是两个月之内用完。然后他说幺八三三毛九查话费，打幺零零八六，然后幺零零八六给我回复了，是怎么不正确的，不正确是吧？我看您是什么时间办理的，是今天刚办的吗？刚刚刚刚啊，对，我看到了。那就像您道歉，我们刚接到通知，这个业务好像是今天停办了。对，查一下，你说三三十八九，六十块钱包三十个G是吧？对，他刚才给我说的是在，就是我打电话你们那边已经不行啦，他说对对对，我这边办理不了了啊。那您这样的话，呃，您可以那个先不要发短信，因为我们现在这边刚停的。我看看就说您可以等到，我看一下哈，您看您今天下午有空没有？我没时间去营业厅，要不然您不用去营业厅，下午您打我们幺零零八六，我们一般下午看身边可以办，因为现在已经到中午十二点不能办当月。您到下午那个三十点，就是两三点了，三点给我们打电话，已经帮您开，下午绑定白天给我打电话，刚才我打电话他跟我说的是这个，嗯，用手机他他他给我打电话的时候就说在电话里面沟通，他那边办不了，他说您可以发短信啊，啊对对，发短信主要您刚才说咱们系统显示也办理不了，对就只能通过人幺零零八六这边我给您开通的，我们这边给您看那第二还是十一点四十五啊，十一点对，因为他一般这个开通他他这个是有时间，一般下午都是两，就这个我这个时间我也不能给您确定的，一般都是两点后我们才能办理是这样的。对对，您要是您的现在您要是比较着急用的话，就等到下午再开，您到时候下午两三点以后我们打个电话光打幺零零八六开就行了，也不用去营业厅，我们这边给您办理好行，好不客气啊。",投诉（含抱怨）营销问题,0,0,"对话内容：  
呃您好[SEP]很高兴为您服务[SEP]那个[SEP]我刚才打那个幺零零八六[SEP]然后问一下[SEP]开通那个流量六十块钱二十个G还是三十个G[SEP]就是两个月之内用完[SEP]然后他说幺八三三毛九查话费[SEP]打幺零零八六[SEP]然后幺零零八六给我回复了[SEP]是怎么不正确的[SEP]不正确是吧[SEP]我看您是什么时间办理的[SEP]是今天刚办的吗[SEP]刚刚刚刚啊[SEP]对[SEP]我看到了[SEP]那就像您道歉[SEP]我们刚接到通知[SEP]这个业务好像是今天停办了[SEP]对[SEP]查一下[SEP]你说三三十八九[SEP]六十块钱包三十个G是吧[SEP]对[SEP]他刚才给我说的是在[SEP]就是我打电话你们那边已经不行啦[SEP]他说对对对[SEP]我这边办理不了了啊[SEP]那您这样的话[SEP]呃[SEP]您可以那个先不要发短信[SEP]因为我们现在这边刚停的[SEP]我看看就说您可以等到[SEP]我看一下哈[SEP]您看您今天下午有空没有[SEP]我没时间去营业厅[SEP]要不然您不用去营业厅[SEP]下午您打我们幺零零八六[SEP]我们一般下午看身边可以办[SEP]因为现在已经到中午十二点不能办当月[SEP]您到下午那个三十点[SEP]就是两三点了[SEP]三点给我们打电话[SEP]已经帮您开[SEP]下午绑定白天给我打电话[SEP]刚才我打电话他跟我说的是这个[SEP]嗯[SEP]用手机他他他给我打电话的时候就说在电话里面沟通[SEP]他那边办不了[SEP]他说您可以发短信啊[SEP]啊对对[SEP]发短信主要您刚才说咱们系统显示也办理不了[SEP]对就只能通过人幺零零八六这边我给您开通的[SEP]我们这边给您看那第二还是十一点四十五啊[SEP]十一点对[SEP]因为他一般这个开通他他这个是有时间[SEP]一般下午都是两[SEP]就这个我这个时间我也不能给您确定的[SEP]一般都是两点后我们才能办理是这样的[SEP]对对[SEP]您要是您的现在您要是比较着急用的话[SEP]就等到下午再开[SEP]您到时候下午两三点以后我们打个电话光打幺零零八六开就行了[SEP]也不用去营业厅[SEP]我们这边给您办理好行[SEP]好不客气啊[SEP]"
对话内容：不需要好谢谢啊好您好很高兴为您服务喂你好您好请讲哎我问一下我的手机号我充了六百块钱话费这还是停机状态您这个号码在外地呀先生啊对对对您现在打过来这个号码吗对对对觉得到,投诉（含抱怨）业务办理问题,0,0,对话内容：不需要好谢谢啊好您好很高兴为您服务喂你好您好请讲哎我问一下我的手机号我充了六百块钱话费这还是停机状态您这个号码在外地呀先生啊对对对您现在打过来这个号码吗对对对觉得到
您好，很高兴为您服务。你好，请问一下我手机怎么老是被开通那个剧场包月的业务呢？昨天我收到一条信息说已经开通了，我就把它取消了，可是今天又有人开通了，这是怎么回事啊？这个应该是家里安装的高清电视机顶盒里的一个业务，如果您看电视的时候订了机场包月的话，就会有这个提示，会自动订购这个业务。您看家里人有没有在电视上订过这个包月的？我不太清楚，您这边能不能先跟家人确认一下，看看他们有没有在电视上操作过？如果没操作过，这个业务的话您可以及时联系我们，我们帮您上报公司核实一下，好吗？哦，行行行，孩子这两天五号就回来了。,投诉（含抱怨）业务办理问题,0,0,您好[SEP]很高兴为您服务[SEP]你好[SEP]请问一下我手机怎么老是被开通那个剧场包月的业务呢[SEP]昨天我收到一条信息说已经开通了[SEP]我就把它取消了[SEP]可是今天又有人开通了[SEP]这是怎么回事啊[SEP]这个应该是家里安装的高清电视机顶盒里的一个业务[SEP]如果您看电视的时候订了机场包月的话[SEP]就会有这个提示[SEP]会自动订购这个业务[SEP]您看家里人有没有在电视上订过这个包月的[SEP]我不太清楚[SEP]您这边能不能先跟家人确认一下[SEP]看看他们有没有在电视上操作过[SEP]如果没操作过[SEP]这个业务的话您可以及时联系我们[SEP]我们帮您上报公司核实一下[SEP]好吗[SEP]哦[SEP]行行行[SEP]孩子这两天五号就回来了[SEP]
您好，很高兴为您服务。你好，我想问一下，我的手机为什么总是被开通那个剧场包月的服务呢？昨天我收到一条短信说已经开通了，我就试着取消了，但今天又发现被开通了，这是怎么回事？这个应该是家里装的高清电视机顶盒里的一项业务，如果您在看电视的时候选择了机场包月，就会有这个提示，从而自动订阅这个服务。您能先和家人确认一下，看看他们有没有在电视上办理过这个包月吗？我不太清楚，如果没办过的话，建议您尽快联系我们的客服，我们会帮您上报公司处理，好吗？哦，好的好的，孩子这两天五号就回来了。,投诉（含抱怨）业务办理问题,0,0,您好[SEP]很高兴为您服务[SEP]你好[SEP]我想问一下[SEP]我的手机为什么总是被开通那个剧场包月的服务呢[SEP]昨天我收到一条短信说已经开通了[SEP]我就试着取消了[SEP]但今天又发现被开通了[SEP]这是怎么回事[SEP]这个应该是家里装的高清电视机顶盒里的一项业务[SEP]如果您在看电视的时候选择了机场包月[SEP]就会有这个提示[SEP]从而自动订阅这个服务[SEP]您能先和家人确认一下[SEP]看看他们有没有在电视上办理过这个包月吗[SEP]我不太清楚[SEP]如果没办过的话[SEP]建议您尽快联系我们的客服[SEP]我们会帮您上报公司处理[SEP]好吗[SEP]哦[SEP]好的好的[SEP]孩子这两天五号就回来了[SEP]
"对话内容...  
呃你好啊我那个手机号办理那个信息业务现在怎么开不了了呢请问是办的报停吗哎对呀报停嘛请问现在是怎么提示您的啊就是我一拨那个号码上拨拨几就你们移动号码他就告诉我号码拨号码然后刚拨拨通不了那请问您有密码吗麻烦你帮我看下状态漫游手机号是多少幺五九嗯然后呢四三八幺零三三七请稍等其他请您根据提示输入密码按井号键结束好的看一青海移动哎什么谢你啊办理之后吗你说现在可以办理复通啊请问现在给您开通吗开通啊开通之后卡里的最低消费包月费用都正常执行我帮您看一下啊开通吧我刚才报那那是报停了现在给他开通恢复呢现在已经帮您开通了啊好谢谢啊不客气请问还有其他问题吗啊没有了嗯那麻烦女士您挂机后通过语音提示对我的服务做一下评价选择一个一好吗好的谢谢祝您生活愉快再见",投诉（含抱怨）业务办理问题,0,0,"对话内容...  
呃你好啊我那个手机号办理那个信息业务现在怎么开不了了呢请问是办的报停吗哎对呀报停嘛请问现在是怎么提示您的啊就是我一拨那个号码上拨拨几就你们移动号码他就告诉我号码拨号码然后刚拨拨通不了那请问您有密码吗麻烦你帮我看下状态漫游手机号是多少幺五九嗯然后呢四三八幺零三三七请稍等其他请您根据提示输入密码按井号键结束好的看一青海移动哎什么谢你啊办理之后吗你说现在可以办理复通啊请问现在给您开通吗开通啊开通之后卡里的最低消费包月费用都正常执行我帮您看一下啊开通吧我刚才报那那是报停了现在给他开通恢复呢现在已经帮您开通了啊好谢谢啊不客气请问还有其他问题吗啊没有了嗯那麻烦女士您挂机后通过语音提示对我的服务做一下评价选择一个一好吗好的谢谢祝您生活愉快再见"
对话内容：你好，打扰了。我之前发短信申请取消手机支付业务，但为什么现在还显示有这个业务？麻烦帮我查一下是什么情况。我现在要过户，但系统提示还有手机支付业务没取消，现在正在处理中，但还没完全退掉。我确定已经提交了取消申请，为什么这么慢？是不是还有其他业务没解除？没有冲突的吧？我这边查不到任何退订信息，系统只说正在处理。我正常发四个零取消业务，应该很快就生效，为什么这么久？是不是有什么问题？您能帮我处理一下吗？今天截止过户的话，我是不是得明天才能办？谢谢。,投诉（含抱怨）业务办理问题,0,0,对话内容：你好[SEP]打扰了[SEP]我之前发短信申请取消手机支付业务[SEP]但为什么现在还显示有这个业务[SEP]麻烦帮我查一下是什么情况[SEP]我现在要过户[SEP]但系统提示还有手机支付业务没取消[SEP]现在正在处理中[SEP]但还没完全退掉[SEP]我确定已经提交了取消申请[SEP]为什么这么慢[SEP]是不是还有其他业务没解除[SEP]没有冲突的吧[SEP]我这边查不到任何退订信息[SEP]系统只说正在处理[SEP]我正常发四个零取消业务[SEP]应该很快就生效[SEP]为什么这么久[SEP]是不是有什么问题[SEP]您能帮我处理一下吗[SEP]今天截止过户的话[SEP]我是不是得明天才能办[SEP]谢谢[SEP]
对话内容：您好，不好意思打扰了。我之前已经申请取消手机支付业务，但为什么现在还是显示在用？麻烦帮我查一下怎么回事。我现在要过户，但系统提示手机支付还没取消，说是正在处理中，可我明明已经提交了取消请求，为什么还没退掉？是不是还有其他业务没关掉？没有冲突吧？我这边查不到任何退订记录，系统只说还在处理。我正常发短信取消，应该很快就能生效，怎么这么慢？是不是有什么问题？您能帮忙看一下吗？今天是最后一天过户，我是不是得等到明天才能处理？谢谢。,投诉（含抱怨）业务办理问题,0,0,对话内容：您好[SEP]不好意思打扰了[SEP]我之前已经申请取消手机支付业务[SEP]但为什么现在还是显示在用[SEP]麻烦帮我查一下怎么回事[SEP]我现在要过户[SEP]但系统提示手机支付还没取消[SEP]说是正在处理中[SEP]可我明明已经提交了取消请求[SEP]为什么还没退掉[SEP]是不是还有其他业务没关掉[SEP]没有冲突吧[SEP]我这边查不到任何退订记录[SEP]系统只说还在处理[SEP]我正常发短信取消[SEP]应该很快就能生效[SEP]怎么这么慢[SEP]是不是有什么问题[SEP]您能帮忙看一下吗[SEP]今天是最后一天过户[SEP]我是不是得等到明天才能处理[SEP]谢谢[SEP]
您好，很高兴为您服务。你好，我刚才去申请光纤的时候，他们说我的套餐不能办，这是怎么回事？他们没跟您解释为什么不能办吗？他说我是上网套餐，商旅套餐不能办。您现在是飞享套餐对吧？您现在用的是4G飞享套餐，能办的，一百一十八元是吧？对，现在免费送一百兆宽带，他刚给我改的。我现在用的是一百二十八套餐，他说不能办理，非要让我改签，我不想改。当时您是不愿意改对吧？我这个套餐通话时间多吗？不是，现在通话时间少了。我之前用的是一百二十八套餐，六百五十分钟，五百兆流量。您能说一下吗？那个套餐一直不能办理，先生，商旅套餐一百二十八是可以办理的，您赶快去找他问清楚到底是怎么回事。一百二十八可以办理是吧？可以的，就是一百二十八的商旅套餐，您赶快去找他一下，那就是六百五十分钟，五百兆流量对吧？稍等，我帮您查一下，好吗？请您稍等。喂，对，对，六百五十分钟通话，六百兆流量，这个可以办。六百五十分钟通话费就那个可以，您去找他吧。先生，我下午想去问问，我刚才手机上收到一条信息，说这个套餐一个月只能办理一次，不能办理二十八的，是吧？但他这不是骗您吗？对呀，我是这个情况，所以您下午去找他吗？先生，您是说以后打电话过来，我们会告诉您可以更改的，好的，行，我知道了，谢谢。不客气，还有其他需要帮忙的吗？没有了，再见。,投诉（含抱怨）业务办理问题,0,0,您好[SEP]很高兴为您服务[SEP]你好[SEP]我刚才去申请光纤的时候[SEP]他们说我的套餐不能办[SEP]这是怎么回事[SEP]他们没跟您解释为什么不能办吗[SEP]他说我是上网套餐[SEP]商旅套餐不能办[SEP]您现在是飞享套餐对吧[SEP]您现在用的是4G飞享套餐[SEP]能办的[SEP]一百一十八元是吧[SEP]对[SEP]现在免费送一百兆宽带[SEP]他刚给我改的[SEP]我现在用的是一百二十八套餐[SEP]他说不能办理[SEP]非要让我改签[SEP]我不想改[SEP]当时您是不愿意改对吧[SEP]我这个套餐通话时间多吗[SEP]不是[SEP]现在通话时间少了[SEP]我之前用的是一百二十八套餐[SEP]六百五十分钟[SEP]五百兆流量[SEP]您能说一下吗[SEP]那个套餐一直不能办理[SEP]先生[SEP]商旅套餐一百二十八是可以办理的[SEP]您赶快去找他问清楚到底是怎么回事[SEP]一百二十八可以办理是吧[SEP]可以的[SEP]就是一百二十八的商旅套餐[SEP]您赶快去找他一下[SEP]那就是六百五十分钟[SEP]五百兆流量对吧[SEP]稍等[SEP]我帮您查一下[SEP]好吗[SEP]请您稍等[SEP]喂[SEP]对[SEP]对[SEP]六百五十分钟通话[SEP]六百兆流量[SEP]这个可以办[SEP]六百五十分钟通话费就那个可以[SEP]您去找他吧[SEP]先生[SEP]我下午想去问问[SEP]我刚才手机上收到一条信息[SEP]说这个套餐一个月只能办理一次[SEP]不能办理二十八的[SEP]是吧[SEP]但他这不是骗您吗[SEP]对呀[SEP]我是这个情况[SEP]所以您下午去找他吗[SEP]先生[SEP]您是说以后打电话过来[SEP]我们会告诉您可以更改的[SEP]好的[SEP]行[SEP]我知道了[SEP]谢谢[SEP]不客气[SEP]还有其他需要帮忙的吗[SEP]没有了[SEP]再见[SEP]
您好，很高兴为您服务。你好，我刚才去办光纤的时候，他们说我的套餐不能办，这是为什么啊？他们有没有跟您说原因呢？他说我是上网套餐，商旅套餐不能办。您现在是飞享套餐对吧？您现在用的是4G飞享套餐，这个是可以办理的，一百一十八元是吧？对，现在免费送一百兆宽带，他刚给我调整的。我现在用的是一百二十八套餐，但他说不能办理，非要让我改签，我不愿意改。当时您是不想改对吧？我这个套餐通话时长多吗？不是，现在通话时长变少了。我之前用的是一百二十八套餐，六百五十分钟，五百兆流量。您能再跟我说一遍吗？那个套餐一直不能办理，先生，商旅套餐一百二十八是能办理的，您赶紧去找他问清楚到底怎么回事。一百二十八能办是吧？能的，就是一百二十八的商旅套餐，您去找他一下，那就是六百五十分钟，五百兆流量对吧？稍等，我帮您查一下，好吗？请您稍等。喂，对，对，六百五十分钟通话，六百兆流量，这个可以办。六百五十分钟通话费就那个可以，您去找他吧。先生，我下午想去问问，我刚才手机上收到一条信息，说这个套餐一个月只能办一次，不能办理一百二十八的，是吧？但他这不是骗人吗？对呀，我是这个情况，所以您下午去找他吗？先生，您是说以后打电话过来，我们会告诉您可以更改的，好的，行，我知道了，谢谢。不客气，还有其他需要帮助的吗？没有了，再见。,投诉（含抱怨）业务办理问题,0,0,您好[SEP]很高兴为您服务[SEP]你好[SEP]我刚才去办光纤的时候[SEP]他们说我的套餐不能办[SEP]这是为什么啊[SEP]他们有没有跟您说原因呢[SEP]他说我是上网套餐[SEP]商旅套餐不能办[SEP]您现在是飞享套餐对吧[SEP]您现在用的是4G飞享套餐[SEP]这个是可以办理的[SEP]一百一十八元是吧[SEP]对[SEP]现在免费送一百兆宽带[SEP]他刚给我调整的[SEP]我现在用的是一百二十八套餐[SEP]但他说不能办理[SEP]非要让我改签[SEP]我不愿意改[SEP]当时您是不想改对吧[SEP]我这个套餐通话时长多吗[SEP]不是[SEP]现在通话时长变少了[SEP]我之前用的是一百二十八套餐[SEP]六百五十分钟[SEP]五百兆流量[SEP]您能再跟我说一遍吗[SEP]那个套餐一直不能办理[SEP]先生[SEP]商旅套餐一百二十八是能办理的[SEP]您赶紧去找他问清楚到底怎么回事[SEP]一百二十八能办是吧[SEP]能的[SEP]就是一百二十八的商旅套餐[SEP]您去找他一下[SEP]那就是六百五十分钟[SEP]五百兆流量对吧[SEP]稍等[SEP]我帮您查一下[SEP]好吗[SEP]请您稍等[SEP]喂[SEP]对[SEP]对[SEP]六百五十分钟通话[SEP]六百兆流量[SEP]这个可以办[SEP]六百五十分钟通话费就那个可以[SEP]您去找他吧[SEP]先生[SEP]我下午想去问问[SEP]我刚才手机上收到一条信息[SEP]说这个套餐一个月只能办一次[SEP]不能办理一百二十八的[SEP]是吧[SEP]但他这不是骗人吗[SEP]对呀[SEP]我是这个情况[SEP]所以您下午去找他吗[SEP]先生[SEP]您是说以后打电话过来[SEP]我们会告诉您可以更改的[SEP]好的[SEP]行[SEP]我知道了[SEP]谢谢[SEP]不客气[SEP]还有其他需要帮助的吗[SEP]没有了[SEP]再见[SEP]
您好，很高兴为您服务。你好，我想换一下套餐，现在用的是24元的套餐，想换成28元的A套餐。请稍等，我查一下，这个要到5号才能更改。女士，为什么呢？因为您之前办这个套餐的时候有活动，需要使用两个月，所以要等到5号之后才能再改。那好吧，我到时候5号再改。,投诉（含抱怨）业务规定不满,0,0,您好[SEP]很高兴为您服务[SEP]你好[SEP]我想换一下套餐[SEP]现在用的是24元的套餐[SEP]想换成28元的A套餐[SEP]请稍等[SEP]我查一下[SEP]这个要到5号才能更改[SEP]女士[SEP]为什么呢[SEP]因为您之前办这个套餐的时候有活动[SEP]需要使用两个月[SEP]所以要等到5号之后才能再改[SEP]那好吧[SEP]我到时候5号再改[SEP]
您好，很高兴为您服务。你好，我想把套餐换一下，我现在用的是24元的套餐，想换成28元的A套餐。请您稍等，我看看什么时候能办理。哦，这个要等到5号才能换。女士，为什么呢？因为当时您办这个套餐时有活动，必须用满两个月，所以5号之后才能再改。那这样吧，我5号再处理。,投诉（含抱怨）业务规定不满,0,0,您好[SEP]很高兴为您服务[SEP]你好[SEP]我想把套餐换一下[SEP]我现在用的是24元的套餐[SEP]想换成28元的A套餐[SEP]请您稍等[SEP]我看看什么时候能办理[SEP]哦[SEP]这个要等到5号才能换[SEP]女士[SEP]为什么呢[SEP]因为当时您办这个套餐时有活动[SEP]必须用满两个月[SEP]所以5号之后才能再改[SEP]那这样吧[SEP]我5号再处理[SEP]
"对话内容：  
您好，请问一下，能帮我把二十块钱的包月取消吗？您得拨打10086，按照语音提示按四号键取消。我这边不能直接操作，好像已经取消不了了，四号键根本不是用来取消包月的，是取消流量的。如果取消不了的话，您得去移动营业厅看看，我们这边没办法直接帮您取消。您好，你好，这个业务能不能办？不能给我取消吗？现在我们这边也办不了，得通过自助台办理，但自助台现在没有这个选项。好的，有吗？现在吉林省都是通过自助台取消的，你们今天也没通过自助台开通，我这边无法转接，可以帮我之后处理吗？包括分钟数也没有，那个取消二十块的U，取消十块钱的，您到移动营业厅去看看，我们现在十块、二十三、十五都需要通过自助台办理。哎呀，那怎么弄啊，我没有，您好，我打了10086，他告诉我没有这个功能，那就去移动营业厅自己处理吧。",投诉（含抱怨）业务规定不满,0,0,"对话内容：  
您好[SEP]请问一下[SEP]能帮我把二十块钱的包月取消吗[SEP]您得拨打10086[SEP]按照语音提示按四号键取消[SEP]我这边不能直接操作[SEP]好像已经取消不了了[SEP]四号键根本不是用来取消包月的[SEP]是取消流量的[SEP]如果取消不了的话[SEP]您得去移动营业厅看看[SEP]我们这边没办法直接帮您取消[SEP]您好[SEP]你好[SEP]这个业务能不能办[SEP]不能给我取消吗[SEP]现在我们这边也办不了[SEP]得通过自助台办理[SEP]但自助台现在没有这个选项[SEP]好的[SEP]有吗[SEP]现在吉林省都是通过自助台取消的[SEP]你们今天也没通过自助台开通[SEP]我这边无法转接[SEP]可以帮我之后处理吗[SEP]包括分钟数也没有[SEP]那个取消二十块的U[SEP]取消十块钱的[SEP]您到移动营业厅去看看[SEP]我们现在十块、二十三、十五都需要通过自助台办理[SEP]哎呀[SEP]那怎么弄啊[SEP]我没有[SEP]您好[SEP]我打了10086[SEP]他告诉我没有这个功能[SEP]那就去移动营业厅自己处理吧[SEP]"
"对话内容：  
您好，我想取消一个二十元的包月服务，您能帮忙处理吗？需要拨打10086，根据语音提示选择四号键取消。但我这边不能直接操作，好像已经没法取消了，四号键根本不是用来关掉包月的，而是用来取消流量的。如果不行的话，您得去移动营业厅，我们这边不能直接帮您关掉。您好，你好，这个业务能办吗？不能直接取消吗？现在我们这边也办不了，得通过自助平台操作，但自助平台现在没有这个选项。好的，有吗？现在吉林地区都是用自助平台取消的，你们今天也没通过自助平台开通，我这边不能转接，可以让我之后再处理吗？还有分钟数也没办法取消，那个二十块的U，十块钱的，您得去移动营业厅亲自处理，现在十块、二十三、十五的都要通过自助平台取消。哎呀，这怎么办啊，我查过了，10086那边说没有这个功能，那只能去营业厅自己办理了。",投诉（含抱怨）业务规定不满,0,0,"对话内容：  
您好[SEP]我想取消一个二十元的包月服务[SEP]您能帮忙处理吗[SEP]需要拨打10086[SEP]根据语音提示选择四号键取消[SEP]但我这边不能直接操作[SEP]好像已经没法取消了[SEP]四号键根本不是用来关掉包月的[SEP]而是用来取消流量的[SEP]如果不行的话[SEP]您得去移动营业厅[SEP]我们这边不能直接帮您关掉[SEP]您好[SEP]你好[SEP]这个业务能办吗[SEP]不能直接取消吗[SEP]现在我们这边也办不了[SEP]得通过自助平台操作[SEP]但自助平台现在没有这个选项[SEP]好的[SEP]有吗[SEP]现在吉林地区都是用自助平台取消的[SEP]你们今天也没通过自助平台开通[SEP]我这边不能转接[SEP]可以让我之后再处理吗[SEP]还有分钟数也没办法取消[SEP]那个二十块的U[SEP]十块钱的[SEP]您得去移动营业厅亲自处理[SEP]现在十块、二十三、十五的都要通过自助平台取消[SEP]哎呀[SEP]这怎么办啊[SEP]我查过了[SEP]10086那边说没有这个功能[SEP]那只能去营业厅自己办理了[SEP]"
"对话内容：  
您好，请问有什么可以帮您？那个，我想问问有没有一个三块钱包多少条的短信包月，还有五块钱能包多少钱的，我帮您查一下，您稍等一下。是您来查吗？嗯，好的，手机尾号是八六零二对吧？对，就在本地。请稍等一下。哎，等等，您好先生，正常五块钱是三百兆，五十分钟的，五元三千，五块钱一百条是吧？对，您就开通这一百条的吧。是这样的，这个业务只针对长春地区的全球通和神州行客户，您再慢点说，您慢点说。不好意思，您再慢点说。除了长春地区的全球通和神州行客户以及吉林地区的客户外，其他人都可以办理。但您是长春的，所以不能办这个业务。我家还有一个尾号是八六二六的，能办吗？您好先生，这个现在确实办不了。嗯，现在长春地区的神州行警务通也办不了。我们现在显示的是，除了长春地区的全球通和神州行客户以及吉林地区的客户外，其他人都可以办理。那我这边是办不了了，之前办理过的没取消还能用吗？对，之前办理的没取消还能继续用。那行，我知道了，谢谢您。不客气，还有其他需要帮忙的吗？没有了，不客气，祝您生活愉快，再见。",投诉（含抱怨）业务规定不满,0,0,"对话内容：  
您好[SEP]请问有什么可以帮您[SEP]那个[SEP]我想问问有没有一个三块钱包多少条的短信包月[SEP]还有五块钱能包多少钱的[SEP]我帮您查一下[SEP]您稍等一下[SEP]是您来查吗[SEP]嗯[SEP]好的[SEP]手机尾号是八六零二对吧[SEP]对[SEP]就在本地[SEP]请稍等一下[SEP]哎[SEP]等等[SEP]您好先生[SEP]正常五块钱是三百兆[SEP]五十分钟的[SEP]五元三千[SEP]五块钱一百条是吧[SEP]对[SEP]您就开通这一百条的吧[SEP]是这样的[SEP]这个业务只针对长春地区的全球通和神州行客户[SEP]您再慢点说[SEP]您慢点说[SEP]不好意思[SEP]您再慢点说[SEP]除了长春地区的全球通和神州行客户以及吉林地区的客户外[SEP]其他人都可以办理[SEP]但您是长春的[SEP]所以不能办这个业务[SEP]我家还有一个尾号是八六二六的[SEP]能办吗[SEP]您好先生[SEP]这个现在确实办不了[SEP]嗯[SEP]现在长春地区的神州行警务通也办不了[SEP]我们现在显示的是[SEP]除了长春地区的全球通和神州行客户以及吉林地区的客户外[SEP]其他人都可以办理[SEP]那我这边是办不了了[SEP]之前办理过的没取消还能用吗[SEP]对[SEP]之前办理的没取消还能继续用[SEP]那行[SEP]我知道了[SEP]谢谢您[SEP]不客气[SEP]还有其他需要帮忙的吗[SEP]没有了[SEP]不客气[SEP]祝您生活愉快[SEP]再见[SEP]"
"对话内容：  
您好，有什么可以帮您的吗？那个，我想了解一下，有没有三块钱包多少条的短信包月，还有五块钱能包多少的，我帮您查查看能不能申请，您稍等一下。是您来查吗？嗯，好的，手机尾号是八六零二对吧？对，就在本地。请您稍等一下。哎，等一下，您好先生，五块钱一般是三百兆，五十分钟的，五元三千，五块钱一百条对吧？对，您就开通一百条的吧。是这样的，这个业务只限长春地区的全球通和神州行客户，您再慢慢说，您慢慢说。不好意思，您再慢慢说。除了长春地区的全球通和神州行客户以及吉林地区的客户之外，其他人都可以办理。但您是长春的，所以没法申请这个业务。我家里还有一个尾号是八六二六的，能办吗？您好先生，这个目前是不能办理的。嗯，现在长春地区的神州行警务通也办不了。现在显示的是，除了长春地区的全球通和神州行客户以及吉林地区的客户外，其他人都可以申请。那我这边是不行的，之前办过的没取消还能用吗？对，没取消的话还可以继续用。那行，我明白了，谢谢您。不客气，还有其他问题吗？没有了，不客气，祝您生活愉快，再见。",投诉（含抱怨）业务规定不满,0,0,"对话内容：  
您好[SEP]有什么可以帮您的吗[SEP]那个[SEP]我想了解一下[SEP]有没有三块钱包多少条的短信包月[SEP]还有五块钱能包多少的[SEP]我帮您查查看能不能申请[SEP]您稍等一下[SEP]是您来查吗[SEP]嗯[SEP]好的[SEP]手机尾号是八六零二对吧[SEP]对[SEP]就在本地[SEP]请您稍等一下[SEP]哎[SEP]等一下[SEP]您好先生[SEP]五块钱一般是三百兆[SEP]五十分钟的[SEP]五元三千[SEP]五块钱一百条对吧[SEP]对[SEP]您就开通一百条的吧[SEP]是这样的[SEP]这个业务只限长春地区的全球通和神州行客户[SEP]您再慢慢说[SEP]您慢慢说[SEP]不好意思[SEP]您再慢慢说[SEP]除了长春地区的全球通和神州行客户以及吉林地区的客户之外[SEP]其他人都可以办理[SEP]但您是长春的[SEP]所以没法申请这个业务[SEP]我家里还有一个尾号是八六二六的[SEP]能办吗[SEP]您好先生[SEP]这个目前是不能办理的[SEP]嗯[SEP]现在长春地区的神州行警务通也办不了[SEP]现在显示的是[SEP]除了长春地区的全球通和神州行客户以及吉林地区的客户外[SEP]其他人都可以申请[SEP]那我这边是不行的[SEP]之前办过的没取消还能用吗[SEP]对[SEP]没取消的话还可以继续用[SEP]那行[SEP]我明白了[SEP]谢谢您[SEP]不客气[SEP]还有其他问题吗[SEP]没有了[SEP]不客气[SEP]祝您生活愉快[SEP]再见[SEP]"
"对话内容：  
您好请讲哎你好你咨询个事嗯因为我一个朋友他出国回来了那手机在家没用两个月三个月的这个根本就空号了怎么整嗯先生请问是现在多长时间没有使用了好像应该得有俩月这两个月吧请问号码是多少那我不知道我就问问这事怎么解决到时候嗯先生那请问先看一下咱们这卡欠费多长时间了欠费三十天之内的话可以交费可以自己使用如果说您欠费三十天之后直接是预拆预拆六十天之内呢可以到营业厅把欠费补齐可以把卡补回继续使用但预拆六十天之后您说欠费九十天之后就销号就补不回来了那现在打空号那那是能能知道啥情况所以请问看一下手机号是多少有没有密码密码我也不知道啊那请您也别着急那我建议您的话呢可以把卡呢就是说拿这身份证和卡到营业厅让咱们工作人员帮您看一下这卡的状态哎行谢谢你不客气然后有什么问题可以随时与我们联系你们如果要是说超过不用了九十天那咋咋咋就是拆了咋咋整您超过九十天呢嗯嗯嗯如果说是超过九十天的话那就销号就补不回来了那是空号了那假设那我还想用这个号能能申请用那只能到营业厅可以看一下这卡有没有售出没有售出的话优先考虑可以重新购回好谢谢你不客气请问还有其他问题需要咨询吗没有了没有谢谢了不客气嗯祝您生活愉快再见",投诉（含抱怨）业务规定不满,0,0,"对话内容：  
您好请讲哎你好你咨询个事嗯因为我一个朋友他出国回来了那手机在家没用两个月三个月的这个根本就空号了怎么整嗯先生请问是现在多长时间没有使用了好像应该得有俩月这两个月吧请问号码是多少那我不知道我就问问这事怎么解决到时候嗯先生那请问先看一下咱们这卡欠费多长时间了欠费三十天之内的话可以交费可以自己使用如果说您欠费三十天之后直接是预拆预拆六十天之内呢可以到营业厅把欠费补齐可以把卡补回继续使用但预拆六十天之后您说欠费九十天之后就销号就补不回来了那现在打空号那那是能能知道啥情况所以请问看一下手机号是多少有没有密码密码我也不知道啊那请您也别着急那我建议您的话呢可以把卡呢就是说拿这身份证和卡到营业厅让咱们工作人员帮您看一下这卡的状态哎行谢谢你不客气然后有什么问题可以随时与我们联系你们如果要是说超过不用了九十天那咋咋咋就是拆了咋咋整您超过九十天呢嗯嗯嗯如果说是超过九十天的话那就销号就补不回来了那是空号了那假设那我还想用这个号能能申请用那只能到营业厅可以看一下这卡有没有售出没有售出的话优先考虑可以重新购回好谢谢你不客气请问还有其他问题需要咨询吗没有了没有谢谢了不客气嗯祝您生活愉快再见"
"对话内容：  
您好，请讲。我想问一下，以前欠费的时候可以透支五十，为什么现在变成二十了？  
这张卡正常的话有一个流量是七十块，两个G，然后除了这个之外，还开了一个十块钱的一个G的假日流量，还有一个五块钱的假日流量延长包。  
您稍等，我帮您看一下。这张卡有一个固定的月租，每个月三块钱，包括彩铃业务，其他的就是基本功能，没有额外扣费的包月项目。  
我是说手机欠费后的透支额度，以前可以透支五十，现在怎么变成二十了？  
因为这张卡现在是二星级，三星级才能透支五十，二星级只能透支二十。  
我以前一直都是五十，为什么现在变成二十了？  
因为现在系统评定为二星级用户，是根据每月消费、停机次数和在网时长来划分的。如果经常欠费，可能会降低星级。  
那现在就一下变成二十了？以前一直是五十。  
是的，跟每月消费、在网时长和停机次数有关，如果经常欠费就会减分。如果家人的消费或在网时长比您高，可能星级会更高。  
这个是系统自动评定的，不固定的。  
请问还有其他问题吗？  
没有了，谢谢，再见。",投诉（含抱怨）业务规定不满,0,0,"对话内容：  
您好[SEP]请讲[SEP]我想问一下[SEP]以前欠费的时候可以透支五十[SEP]为什么现在变成二十了[SEP]  
这张卡正常的话有一个流量是七十块[SEP]两个G[SEP]然后除了这个之外[SEP]还开了一个十块钱的一个G的假日流量[SEP]还有一个五块钱的假日流量延长包[SEP]  
您稍等[SEP]我帮您看一下[SEP]这张卡有一个固定的月租[SEP]每个月三块钱[SEP]包括彩铃业务[SEP]其他的就是基本功能[SEP]没有额外扣费的包月项目[SEP]  
我是说手机欠费后的透支额度[SEP]以前可以透支五十[SEP]现在怎么变成二十了[SEP]  
因为这张卡现在是二星级[SEP]三星级才能透支五十[SEP]二星级只能透支二十[SEP]  
我以前一直都是五十[SEP]为什么现在变成二十了[SEP]  
因为现在系统评定为二星级用户[SEP]是根据每月消费、停机次数和在网时长来划分的[SEP]如果经常欠费[SEP]可能会降低星级[SEP]  
那现在就一下变成二十了[SEP]以前一直是五十[SEP]  
是的[SEP]跟每月消费、在网时长和停机次数有关[SEP]如果经常欠费就会减分[SEP]如果家人的消费或在网时长比您高[SEP]可能星级会更高[SEP]  
这个是系统自动评定的[SEP]不固定的[SEP]  
请问还有其他问题吗[SEP]  
没有了[SEP]谢谢[SEP]再见[SEP]"
您好，很高兴为您服务。现在移动平台上怎么出现这么多诈骗电话和信息啊，一天到晚每隔十五分钟就来一次。我给您发一个举报电话，您发短信举报一下这个号码，我们这边会处理的。您去报一下吧，我把短信举报方式发给您，发短信是免费的。嗯，可以开通的。还有其他需要帮忙的吗？没有了，谢谢您的来电，再见。嗯嗯。,投诉（含抱怨）信息安全问题,0,0,您好[SEP]很高兴为您服务[SEP]现在移动平台上怎么出现这么多诈骗电话和信息啊[SEP]一天到晚每隔十五分钟就来一次[SEP]我给您发一个举报电话[SEP]您发短信举报一下这个号码[SEP]我们这边会处理的[SEP]您去报一下吧[SEP]我把短信举报方式发给您[SEP]发短信是免费的[SEP]嗯[SEP]可以开通的[SEP]还有其他需要帮忙的吗[SEP]没有了[SEP]谢谢您的来电[SEP]再见[SEP]嗯嗯[SEP]
您好，很高兴为您服务。现在移动里面怎么有这么多诈骗电话和信息啊，一天到晚差不多每十五分钟就出现一次。我给您提供一个举报电话，您发短信举报这个号码，我们这边会跟进处理的。您去举报一下吧，我把短信举报方法发给您，发短信是不收费的。可以开通的。还有其他问题吗？没有了，感谢您的来电，再见。嗯嗯。,投诉（含抱怨）信息安全问题,0,0,您好[SEP]很高兴为您服务[SEP]现在移动里面怎么有这么多诈骗电话和信息啊[SEP]一天到晚差不多每十五分钟就出现一次[SEP]我给您提供一个举报电话[SEP]您发短信举报这个号码[SEP]我们这边会跟进处理的[SEP]您去举报一下吧[SEP]我把短信举报方法发给您[SEP]发短信是不收费的[SEP]可以开通的[SEP]还有其他问题吗[SEP]没有了[SEP]感谢您的来电[SEP]再见[SEP]嗯嗯[SEP]
您好，请问有什么可以帮您？哎，你好，我的手机刚才有人打电话来说有异常，这是怎么回事啊？请您稍等一下，我帮您查一下。费用方面，您能帮我看看一百兆的套餐吗？是的，您是说有人打电话告诉您电话异常对吧？对，我帮您详细查了一下，目前这张卡的实名信息是正常的，运行状态也没问题，我们不会强制停机的，您接到这样的电话应该是诈骗，千万别按对方提示操作。嗯，嗯，他说让我接一个你们的电话，我一接就挂了。你能帮我处理一下吗？谢谢了。不客气，还有其他问题需要咨询吗？没有了，好的，麻烦您之后回复一个对我们服务的评价，好吗？好的，谢谢，祝您生活愉快，再见。,投诉（含抱怨）信息安全问题,0,0,您好[SEP]请问有什么可以帮您[SEP]哎[SEP]你好[SEP]我的手机刚才有人打电话来说有异常[SEP]这是怎么回事啊[SEP]请您稍等一下[SEP]我帮您查一下[SEP]费用方面[SEP]您能帮我看看一百兆的套餐吗[SEP]是的[SEP]您是说有人打电话告诉您电话异常对吧[SEP]对[SEP]我帮您详细查了一下[SEP]目前这张卡的实名信息是正常的[SEP]运行状态也没问题[SEP]我们不会强制停机的[SEP]您接到这样的电话应该是诈骗[SEP]千万别按对方提示操作[SEP]嗯[SEP]嗯[SEP]他说让我接一个你们的电话[SEP]我一接就挂了[SEP]你能帮我处理一下吗[SEP]谢谢了[SEP]不客气[SEP]还有其他问题需要咨询吗[SEP]没有了[SEP]好的[SEP]麻烦您之后回复一个对我们服务的评价[SEP]好吗[SEP]好的[SEP]谢谢[SEP]祝您生活愉快[SEP]再见[SEP]
您好，有什么可以帮您的吗？哦，你好，我刚刚接到一个电话，说我的号码有问题，这是怎么回事？请您稍等，我帮您核实一下。费用方面，您能帮我看看一百兆的套餐情况吗？是的，您是说有人通知您号码异常对吧？对，我帮您查了一下，目前您的实名信息没问题，使用状态也正常，我们不会因此停机的，您遇到的这种情况可能是诈骗，千万不要按照对方要求操作。嗯，他让我接一个你们的电话，我一接就断了。您可以帮忙处理一下吗？谢谢。不客气，还有其他需要帮助的吗？没有了，好的，麻烦您稍后给我们服务做个评价，好吗？好的，感谢您的来电，祝您生活愉快，再见。,投诉（含抱怨）信息安全问题,0,0,您好[SEP]有什么可以帮您的吗[SEP]哦[SEP]你好[SEP]我刚刚接到一个电话[SEP]说我的号码有问题[SEP]这是怎么回事[SEP]请您稍等[SEP]我帮您核实一下[SEP]费用方面[SEP]您能帮我看看一百兆的套餐情况吗[SEP]是的[SEP]您是说有人通知您号码异常对吧[SEP]对[SEP]我帮您查了一下[SEP]目前您的实名信息没问题[SEP]使用状态也正常[SEP]我们不会因此停机的[SEP]您遇到的这种情况可能是诈骗[SEP]千万不要按照对方要求操作[SEP]嗯[SEP]他让我接一个你们的电话[SEP]我一接就断了[SEP]您可以帮忙处理一下吗[SEP]谢谢[SEP]不客气[SEP]还有其他需要帮助的吗[SEP]没有了[SEP]好的[SEP]麻烦您稍后给我们服务做个评价[SEP]好吗[SEP]好的[SEP]感谢您的来电[SEP]祝您生活愉快[SEP]再见[SEP]
一六您好很高兴为您服务我想问一下刚才我收到短信说别人登陆我的服务密码错误我也没登录啊先生那这样请您先别着急关于您说的这个问题吗显示先生可能是说有其他客户咱们这个就是说输入手机号码错误导致的登录包括如果咱们这边系统在识别到之后呢就是说有这输入密码错误的时候会给客户下发这个通知短信先生那可能是这个原因导致的给您带来不便的话也请您谅解但是还是恶意的但说是我那个不就不行了吧先生咱们正常的话呢本机验证密码有五次机会如果验证错误的话密码会锁定昨天去就是一个假日它不会说那个对您造成别的特别影响三十八咱们这个密码建议您还是说包括好因为打也不排除是说像有其他人和一操作的吗所以密码咱们不要设置太简单先生不免费您个人造成影响好吧嗯嗯嗯谢谢您的理解不客气先生那祝您生活愉快再见,投诉（含抱怨）信息安全问题,0,0,一六您好很高兴为您服务我想问一下刚才我收到短信说别人登陆我的服务密码错误我也没登录啊先生那这样请您先别着急关于您说的这个问题吗显示先生可能是说有其他客户咱们这个就是说输入手机号码错误导致的登录包括如果咱们这边系统在识别到之后呢就是说有这输入密码错误的时候会给客户下发这个通知短信先生那可能是这个原因导致的给您带来不便的话也请您谅解但是还是恶意的但说是我那个不就不行了吧先生咱们正常的话呢本机验证密码有五次机会如果验证错误的话密码会锁定昨天去就是一个假日它不会说那个对您造成别的特别影响三十八咱们这个密码建议您还是说包括好因为打也不排除是说像有其他人和一操作的吗所以密码咱们不要设置太简单先生不免费您个人造成影响好吧嗯嗯嗯谢谢您的理解不客气先生那祝您生活愉快再见
"对话内容：  
您好，很高兴为您服务。喂，你好，帮我查一下我这卡这两天移动给我发短信说让我输入密码，通话超过五次了。可能别人在查询您的业务，不知道密码，或者输入错号码，系统就会给您发短信。已经超过五次了，这个是不是有风险？如果工作人员来查的话，会不会有伤害？这个主要是密码泄露的问题吧。那这边能改吗？可以改，您输入身份证号按井号键结束就能改。那这个和支付宝没关系，他想查账单的话，不涉及移动的密码。只要密码不泄露就没事。现在我一直在等短信，昨天没来，今天来了两条。能不能帮我重设一下密码？好的，请您稍等，我帮您转接，根据语音提示输入身份证号，按井号键结束，谢谢。",投诉（含抱怨）信息安全问题,0,0,"对话内容：  
您好[SEP]很高兴为您服务[SEP]喂[SEP]你好[SEP]帮我查一下我这卡这两天移动给我发短信说让我输入密码[SEP]通话超过五次了[SEP]可能别人在查询您的业务[SEP]不知道密码[SEP]或者输入错号码[SEP]系统就会给您发短信[SEP]已经超过五次了[SEP]这个是不是有风险[SEP]如果工作人员来查的话[SEP]会不会有伤害[SEP]这个主要是密码泄露的问题吧[SEP]那这边能改吗[SEP]可以改[SEP]您输入身份证号按井号键结束就能改[SEP]那这个和支付宝没关系[SEP]他想查账单的话[SEP]不涉及移动的密码[SEP]只要密码不泄露就没事[SEP]现在我一直在等短信[SEP]昨天没来[SEP]今天来了两条[SEP]能不能帮我重设一下密码[SEP]好的[SEP]请您稍等[SEP]我帮您转接[SEP]根据语音提示输入身份证号[SEP]按井号键结束[SEP]谢谢[SEP]"
"对话内容：  
您好很高兴为您服务哎你好有一个号码你现在能不能帮我查到他不停的给我打电话导致我这个手机没法正常使用是吉林的电话吗啊是吉林的电话吗零四三一觉得显示的是辽宁鞍山哎哟那咱们您这样吧我建议您的话您拨打那个啥信查银行那边的话就是零四三一然后幺零零八六拨打那边的客服让那边客服给您投诉一下这个号码如果是咱吉林的话我这边的话给您投诉一下它不是一一一个号码它是好多个号码就是零四就开通但是后面尾号都不一样那您这样吧我建议的话您把您手机然后的话不是有那个安全管家嘛把那个电话号码都拉到黑名单里边好多呀他不停的电话和都不打那我这边的话也没有其他办法吗那个如果说报警的话可以吗嗯这个的话您可以问您那边讲话那边这个咱们这边给您查一下它这个电话也有结果没有嗯那我一些都说什么呃之法局让我去什么处理什么八款这个月都是诈骗电话这个您不要相信您的哦好吧他说什么东西证件接收广告那个处罚罚款但是前段时间我家有老人确实是去全国广告把我电话挂出去了那这个那这个的话我这边也没办法帮您吗您可以到警方那边去咨询一下哦好的谢谢啊那不客气祝您生活愉快哎这个我想问一下就是有没有社会上的人能够把我的手机号给停掉兄弟把您的手机号屏蔽了哦从机关因为没有应该不不行吧好吗公安机关如果说是它没有其他手段的话我这边也是不太清楚的我只要出了公安机关应该别的别的没有权利吧嗯对其他没有哦好谢谢啊",投诉（含抱怨）信息安全问题,0,0,"对话内容：  
您好很高兴为您服务哎你好有一个号码你现在能不能帮我查到他不停的给我打电话导致我这个手机没法正常使用是吉林的电话吗啊是吉林的电话吗零四三一觉得显示的是辽宁鞍山哎哟那咱们您这样吧我建议您的话您拨打那个啥信查银行那边的话就是零四三一然后幺零零八六拨打那边的客服让那边客服给您投诉一下这个号码如果是咱吉林的话我这边的话给您投诉一下它不是一一一个号码它是好多个号码就是零四就开通但是后面尾号都不一样那您这样吧我建议的话您把您手机然后的话不是有那个安全管家嘛把那个电话号码都拉到黑名单里边好多呀他不停的电话和都不打那我这边的话也没有其他办法吗那个如果说报警的话可以吗嗯这个的话您可以问您那边讲话那边这个咱们这边给您查一下它这个电话也有结果没有嗯那我一些都说什么呃之法局让我去什么处理什么八款这个月都是诈骗电话这个您不要相信您的哦好吧他说什么东西证件接收广告那个处罚罚款但是前段时间我家有老人确实是去全国广告把我电话挂出去了那这个那这个的话我这边也没办法帮您吗您可以到警方那边去咨询一下哦好的谢谢啊那不客气祝您生活愉快哎这个我想问一下就是有没有社会上的人能够把我的手机号给停掉兄弟把您的手机号屏蔽了哦从机关因为没有应该不不行吧好吗公安机关如果说是它没有其他手段的话我这边也是不太清楚的我只要出了公安机关应该别的别的没有权利吧嗯对其他没有哦好谢谢啊"
"对话内容：  
客户：你好，我想问一下刚才开通的七元九元包包两个G的流量，为什么用完还扣费？  
客服：您好，请问您是在省内使用吗？  
客户：对，我在省内用的。  
客服：明白了，我帮您核实一下情况。  
客户：好的，谢谢。",投诉（含抱怨）费用问题,0,0,"对话内容：  
客户：你好[SEP]我想问一下刚才开通的七元九元包包两个G的流量[SEP]为什么用完还扣费[SEP]  
客服：您好[SEP]请问您是在省内使用吗[SEP]  
客户：对[SEP]我在省内用的[SEP]  
客服：明白了[SEP]我帮您核实一下情况[SEP]  
客户：好的[SEP]谢谢[SEP]"
对话内容：呃您好，很高兴为您服务，那个我上个月话费没关掉，能帮我查查一下吗？我查一下啊，您稍等一下，感谢您等待。上个月没返，他在昨天已经给您补返了，我把这个返还记录发给您了，二十三没有，昨天补办的对吧？昨天上午九点半已经返还给您了。哦它那个信息发过来就是专项费用余额，还是移动公司了哦，我看看啊，这个可以直接使用的，直接就可以冲减您套餐了，什么都可以用的。我要改会显示余额，您拨打1008611可以查到，他查查他那边它是那种，他是专项余额二十多，对我都都在这嗯，但这个用的话可以用的呀，可以直接出现您的套餐先用这部分余额哦。这样啊，还有其他需要帮您吗？好了好了。,投诉（含抱怨）费用问题,0,0,对话内容：呃您好[SEP]很高兴为您服务[SEP]那个我上个月话费没关掉[SEP]能帮我查查一下吗[SEP]我查一下啊[SEP]您稍等一下[SEP]感谢您等待[SEP]上个月没返[SEP]他在昨天已经给您补返了[SEP]我把这个返还记录发给您了[SEP]二十三没有[SEP]昨天补办的对吧[SEP]昨天上午九点半已经返还给您了[SEP]哦它那个信息发过来就是专项费用余额[SEP]还是移动公司了哦[SEP]我看看啊[SEP]这个可以直接使用的[SEP]直接就可以冲减您套餐了[SEP]什么都可以用的[SEP]我要改会显示余额[SEP]您拨打1008611可以查到[SEP]他查查他那边它是那种[SEP]他是专项余额二十多[SEP]对我都都在这嗯[SEP]但这个用的话可以用的呀[SEP]可以直接出现您的套餐先用这部分余额哦[SEP]这样啊[SEP]还有其他需要帮您吗[SEP]好了好了[SEP]
对话内容：你好，请问有什么可以帮您？哎，您好，您这边怎么了？我这边被扣了十九号二十二块钱，为什么啊？您是说被扣了多少钱呢？是一二一二吗？这个具体的情况我可以帮您转接账单查询，您看需要吗？我现在用支付宝，但不知道怎么回事，突然被扣了十分钟的钱。您这张卡是不是有一个套餐，另外还打了电话？我是说您这个套餐是十八元的，另外打电话就扣费了。很抱歉，刚才可能声音太小了，您没听清。我刚才是说您有一个飞享套餐，每月固定扣十八元。那块二是不是您打了一块五毛的电话？是的，您自己打电话就扣了。还有其他问题吗？不用谢，祝您生活愉快。,投诉（含抱怨）费用问题,0,0,对话内容：你好[SEP]请问有什么可以帮您[SEP]哎[SEP]您好[SEP]您这边怎么了[SEP]我这边被扣了十九号二十二块钱[SEP]为什么啊[SEP]您是说被扣了多少钱呢[SEP]是一二一二吗[SEP]这个具体的情况我可以帮您转接账单查询[SEP]您看需要吗[SEP]我现在用支付宝[SEP]但不知道怎么回事[SEP]突然被扣了十分钟的钱[SEP]您这张卡是不是有一个套餐[SEP]另外还打了电话[SEP]我是说您这个套餐是十八元的[SEP]另外打电话就扣费了[SEP]很抱歉[SEP]刚才可能声音太小了[SEP]您没听清[SEP]我刚才是说您有一个飞享套餐[SEP]每月固定扣十八元[SEP]那块二是不是您打了一块五毛的电话[SEP]是的[SEP]您自己打电话就扣了[SEP]还有其他问题吗[SEP]不用谢[SEP]祝您生活愉快[SEP]
对话内容：您好，请讲。哎，您好，您遇到什么问题了吗？我今天被扣了十九号二十二块，这是怎么回事？您是说被扣了多少钱呢？是一二一二对吗？这个详细情况我可以帮您转到账单查询，您要吗？我现在用支付宝，但突然被扣了十分钟的钱。您这张卡是不是有套餐，还打了电话？我是说您这个套餐是十八元的，打电话就会扣费。很抱歉，刚才可能声音不太清楚，您没听到。我刚才说的是您有一个飞享套餐，每个月固定扣十八元。那块二是不是您打了块五毛的电话？是的，您自己打电话就被扣了。还有别的问题吗？不客气，祝您生活愉快。,投诉（含抱怨）费用问题,0,0,对话内容：您好[SEP]请讲[SEP]哎[SEP]您好[SEP]您遇到什么问题了吗[SEP]我今天被扣了十九号二十二块[SEP]这是怎么回事[SEP]您是说被扣了多少钱呢[SEP]是一二一二对吗[SEP]这个详细情况我可以帮您转到账单查询[SEP]您要吗[SEP]我现在用支付宝[SEP]但突然被扣了十分钟的钱[SEP]您这张卡是不是有套餐[SEP]还打了电话[SEP]我是说您这个套餐是十八元的[SEP]打电话就会扣费[SEP]很抱歉[SEP]刚才可能声音不太清楚[SEP]您没听到[SEP]我刚才说的是您有一个飞享套餐[SEP]每个月固定扣十八元[SEP]那块二是不是您打了块五毛的电话[SEP]是的[SEP]您自己打电话就被扣了[SEP]还有别的问题吗[SEP]不客气[SEP]祝您生活愉快[SEP]
请讲哎我跟你说个事呗，我这个卡这两个月开始是八块钱月租，应该是没有月租的，是十块钱最低消费。今天我去移动大厅，我把我那个套餐改成原来的十块钱最低消费了。完了那个为啥改啊？因为我现在要那个现在月租扣了还是八元月租套餐，我那五十分分钟数有没有了？因为您把改了，所以那个分钟数之后一分钟后就自动没了。自动那我不月租扣完了，这样吧，如果您要是对这个费用有疑问的话，我可以给您做记录在商品块。但是您改套餐改完之后的话，确实的分钟数就没有了。那我月租白扣了，我说那五分钟一分钟没啥呢，八块钱再扣了。先生这个是在自己要求进行改的啊，那就是钱扣完了分钟数没有货搁那个下个月按按下月开始了呗，是那意思。如果您当时办理的套餐是下月生效的呢？分钟数这个月能正常使用，但是您办的是当月生效的，所以这个月的套餐就立即没有了。那还是当月生效还是下月生效的呢？对呀号里面有来电安排。那行，那我知道了，麻烦你了。打扰你啊，没关系，请问还有什么可以帮助您的？没了。,投诉（含抱怨）费用问题,0,0,请讲哎我跟你说个事呗[SEP]我这个卡这两个月开始是八块钱月租[SEP]应该是没有月租的[SEP]是十块钱最低消费[SEP]今天我去移动大厅[SEP]我把我那个套餐改成原来的十块钱最低消费了[SEP]完了那个为啥改啊[SEP]因为我现在要那个现在月租扣了还是八元月租套餐[SEP]我那五十分分钟数有没有了[SEP]因为您把改了[SEP]所以那个分钟数之后一分钟后就自动没了[SEP]自动那我不月租扣完了[SEP]这样吧[SEP]如果您要是对这个费用有疑问的话[SEP]我可以给您做记录在商品块[SEP]但是您改套餐改完之后的话[SEP]确实的分钟数就没有了[SEP]那我月租白扣了[SEP]我说那五分钟一分钟没啥呢[SEP]八块钱再扣了[SEP]先生这个是在自己要求进行改的啊[SEP]那就是钱扣完了分钟数没有货搁那个下个月按按下月开始了呗[SEP]是那意思[SEP]如果您当时办理的套餐是下月生效的呢[SEP]分钟数这个月能正常使用[SEP]但是您办的是当月生效的[SEP]所以这个月的套餐就立即没有了[SEP]那还是当月生效还是下月生效的呢[SEP]对呀号里面有来电安排[SEP]那行[SEP]那我知道了[SEP]麻烦你了[SEP]打扰你啊[SEP]没关系[SEP]请问还有什么可以帮助您的[SEP]没了[SEP]
哎，我跟你说个事，我这个卡最近两个月是八块钱月租，本来应该是没有月租的，是十块钱最低消费。今天我去移动营业厅，把我的套餐改回原来的十块钱最低消费了。改完之后为什么呢？因为我现在发现月租还是扣八块钱，套餐里的五十分分钟数是不是没了？因为您改了套餐，所以那个分钟数之后一分钟后就自动没了。那我月租被扣了，但分钟数也没有了，这样不太划算。如果对费用有疑问的话，我可以帮您做个记录。不过您改完套餐后，确实分钟数就没了。那我这八块钱月租是不是白交了？虽然五分钟一分钟不算多，但八块钱还是要扣的。这是您自己申请更改的，所以钱扣了，分钟数也没了。那这个套餐是当月生效还是下月生效的？对，号码里有来电提醒。那我明白了，谢谢您。打扰您了，没事的话我就先挂了。,投诉（含抱怨）费用问题,0,0,哎[SEP]我跟你说个事[SEP]我这个卡最近两个月是八块钱月租[SEP]本来应该是没有月租的[SEP]是十块钱最低消费[SEP]今天我去移动营业厅[SEP]把我的套餐改回原来的十块钱最低消费了[SEP]改完之后为什么呢[SEP]因为我现在发现月租还是扣八块钱[SEP]套餐里的五十分分钟数是不是没了[SEP]因为您改了套餐[SEP]所以那个分钟数之后一分钟后就自动没了[SEP]那我月租被扣了[SEP]但分钟数也没有了[SEP]这样不太划算[SEP]如果对费用有疑问的话[SEP]我可以帮您做个记录[SEP]不过您改完套餐后[SEP]确实分钟数就没了[SEP]那我这八块钱月租是不是白交了[SEP]虽然五分钟一分钟不算多[SEP]但八块钱还是要扣的[SEP]这是您自己申请更改的[SEP]所以钱扣了[SEP]分钟数也没了[SEP]那这个套餐是当月生效还是下月生效的[SEP]对[SEP]号码里有来电提醒[SEP]那我明白了[SEP]谢谢您[SEP]打扰您了[SEP]没事的话我就先挂了[SEP]
先生您好，请讲。刚才您说查话费，怎么处理的？我这边不太明白，您是说昨天下午四点半打电话查的话费还有九十多块，今天早上就变成欠费四十六块多了，这是怎么回事？我也没动过，怎么会这样呢？请您别着急，您可以先查看一下这张卡的消费明细，看看具体扣了哪些费用。我不会查，我这都六十多岁了，突然接到电话说欠费，如果登录的话，您先别急，我帮您转到自助服务，按提示听听消费明细，看看是哪些费用被扣了。申请的时候我不是军人，设置的都是正常模式，你们怎么一扣就扣这么多？这个事情我也不懂，但您刚说的情况，您别着急，我帮您转到自助服务，按照提示操作，查清楚后如果有疑问再联系我们。很抱歉我也不太懂这些，这么大的事，但我听不太明白，你们能不能帮我处理一下？这个消费明细我这边没法直接查，所以才让您去自助台查，我这边不太清楚怎么操作，您先试试看吧。机主姓名是？,投诉（含抱怨）费用问题,0,0,先生您好[SEP]请讲[SEP]刚才您说查话费[SEP]怎么处理的[SEP]我这边不太明白[SEP]您是说昨天下午四点半打电话查的话费还有九十多块[SEP]今天早上就变成欠费四十六块多了[SEP]这是怎么回事[SEP]我也没动过[SEP]怎么会这样呢[SEP]请您别着急[SEP]您可以先查看一下这张卡的消费明细[SEP]看看具体扣了哪些费用[SEP]我不会查[SEP]我这都六十多岁了[SEP]突然接到电话说欠费[SEP]如果登录的话[SEP]您先别急[SEP]我帮您转到自助服务[SEP]按提示听听消费明细[SEP]看看是哪些费用被扣了[SEP]申请的时候我不是军人[SEP]设置的都是正常模式[SEP]你们怎么一扣就扣这么多[SEP]这个事情我也不懂[SEP]但您刚说的情况[SEP]您别着急[SEP]我帮您转到自助服务[SEP]按照提示操作[SEP]查清楚后如果有疑问再联系我们[SEP]很抱歉我也不太懂这些[SEP]这么大的事[SEP]但我听不太明白[SEP]你们能不能帮我处理一下[SEP]这个消费明细我这边没法直接查[SEP]所以才让您去自助台查[SEP]我这边不太清楚怎么操作[SEP]您先试试看吧[SEP]机主姓名是[SEP]
您好，请讲。您刚才提到查话费，是怎么回事？我这边不太清楚，您说昨天下午四点半查了一下，还剩九十多块，今天早上就变成欠费四十六块多了，这是怎么回事？我什么都没动过，怎么就会这样？请您别着急，建议您先看一下这张卡的消费记录，确认一下具体扣了哪些费用。我不会查，我这年纪大了，突然接到电话说欠费，如果登录的话，您先别急，我帮您转到自助系统，按提示听听消费明细，看看是哪些项目被扣了。申请时我不是军人，设置的都是常规选项，怎么一扣就扣这么多？这个我也不太懂，但您刚才说的情况，您别着急，我帮您转到自助系统，按提示操作，查清楚后如果有问题再联系我。真的很抱歉，我也不太明白这些流程，这么重要的事，我听着有点迷糊，你们能帮忙处理一下吗？消费明细我这边不能直接查，所以让您去自助台查，我这边不太清楚怎么操作，您先试试看吧。机主姓名是？,投诉（含抱怨）费用问题,0,0,您好[SEP]请讲[SEP]您刚才提到查话费[SEP]是怎么回事[SEP]我这边不太清楚[SEP]您说昨天下午四点半查了一下[SEP]还剩九十多块[SEP]今天早上就变成欠费四十六块多了[SEP]这是怎么回事[SEP]我什么都没动过[SEP]怎么就会这样[SEP]请您别着急[SEP]建议您先看一下这张卡的消费记录[SEP]确认一下具体扣了哪些费用[SEP]我不会查[SEP]我这年纪大了[SEP]突然接到电话说欠费[SEP]如果登录的话[SEP]您先别急[SEP]我帮您转到自助系统[SEP]按提示听听消费明细[SEP]看看是哪些项目被扣了[SEP]申请时我不是军人[SEP]设置的都是常规选项[SEP]怎么一扣就扣这么多[SEP]这个我也不太懂[SEP]但您刚才说的情况[SEP]您别着急[SEP]我帮您转到自助系统[SEP]按提示操作[SEP]查清楚后如果有问题再联系我[SEP]真的很抱歉[SEP]我也不太明白这些流程[SEP]这么重要的事[SEP]我听着有点迷糊[SEP]你们能帮忙处理一下吗[SEP]消费明细我这边不能直接查[SEP]所以让您去自助台查[SEP]我这边不太清楚怎么操作[SEP]您先试试看吧[SEP]机主姓名是[SEP]
对话内容：您好很高兴为您服务我这个手机卡都是网速来慢的很我们系统现在没有这种限速这个功能了现在不也不会在限速那个那那么我希望你们嘞,投诉（含抱怨）网络问题,0,0,对话内容：您好很高兴为您服务我这个手机卡都是网速来慢的很我们系统现在没有这种限速这个功能了现在不也不会在限速那个那那么我希望你们嘞
您好，请问有什么可以帮您的？不是，我问一下，为什么我的手机连不上网呢？您是说您的手机网络不好对吗？对，就是这个情况。女士，您周围其他用户也有这种情况吗？还是说只有您一个人遇到这个问题？不是，我用的是移动的卡，我和同学两个人都用的是4G，怎么回事啊？我们这块好像有问题。好的，我刚才新办的号码也挺正常的。那是不是只有您这边有问题？差不多吧。那我现在先帮您处理一下手机的网络问题，给您刷新一下。建议您两分钟后重启一下手机，看看有没有改善。如果还是不行的话，您可以直接拨打10086的人工服务，我们会帮您进一步反馈。好的，谢谢。,投诉（含抱怨）网络问题,0,0,您好[SEP]请问有什么可以帮您的[SEP]不是[SEP]我问一下[SEP]为什么我的手机连不上网呢[SEP]您是说您的手机网络不好对吗[SEP]对[SEP]就是这个情况[SEP]女士[SEP]您周围其他用户也有这种情况吗[SEP]还是说只有您一个人遇到这个问题[SEP]不是[SEP]我用的是移动的卡[SEP]我和同学两个人都用的是4G[SEP]怎么回事啊[SEP]我们这块好像有问题[SEP]好的[SEP]我刚才新办的号码也挺正常的[SEP]那是不是只有您这边有问题[SEP]差不多吧[SEP]那我现在先帮您处理一下手机的网络问题[SEP]给您刷新一下[SEP]建议您两分钟后重启一下手机[SEP]看看有没有改善[SEP]如果还是不行的话[SEP]您可以直接拨打10086的人工服务[SEP]我们会帮您进一步反馈[SEP]好的[SEP]谢谢[SEP]
您好，请问有什么需要帮助的吗？不是，我想问问，为什么我的手机上不了网呢？您是说您的网络连接有问题对吗？对，就是这样。女士，您附近其他人也有这样的情况吗？还是只有您一个人遇到这个问题？不是，我是移动的用户，我和同学两个人都用的是4G，但怎么都连不上。我们这边好像有问题。好的，我刚才新换的号码没问题。那是不是只有您这边有问题？大概这样。那我现在帮您重新设置一下手机的网络，稍等一下。建议您等两分钟后再重启手机，看看是否能解决。如果还不行的话，您可以直接拨打10086人工台，我们会为您详细处理。好的，谢谢。,投诉（含抱怨）网络问题,0,0,您好[SEP]请问有什么需要帮助的吗[SEP]不是[SEP]我想问问[SEP]为什么我的手机上不了网呢[SEP]您是说您的网络连接有问题对吗[SEP]对[SEP]就是这样[SEP]女士[SEP]您附近其他人也有这样的情况吗[SEP]还是只有您一个人遇到这个问题[SEP]不是[SEP]我是移动的用户[SEP]我和同学两个人都用的是4G[SEP]但怎么都连不上[SEP]我们这边好像有问题[SEP]好的[SEP]我刚才新换的号码没问题[SEP]那是不是只有您这边有问题[SEP]大概这样[SEP]那我现在帮您重新设置一下手机的网络[SEP]稍等一下[SEP]建议您等两分钟后再重启手机[SEP]看看是否能解决[SEP]如果还不行的话[SEP]您可以直接拨打10086人工台[SEP]我们会为您详细处理[SEP]好的[SEP]谢谢[SEP]
"对话内容：  
喂，你好啊，能听见我说话吗？就是我这个卡最近信号特别差，哎，能不能帮我看下啊？就是接电话的时候老是卡一下，你那边能听见我说话吗？就是说一接起来就断掉，然后我老公那边也听不清。那您这边周围其他人是不是也有这种情况啊？其他人的手机有没这样的问题？没有啊，就我这一个，就是这个月从一开始信号就不太好，别人都正常，就我这边有问题对吧？那这种情况的话，您得把卡拿出来放到别的手机上试试看，因为有可能是卡的问题，也可能是手机的问题。如果换手机还是一样，那就是卡本身出问题了。这时候您得拿着身份证去营业厅检测一下，如果卡坏了的话需要换一张。您先试试换部手机看看行不行，好嘛，我这就去试试。",投诉（含抱怨）网络问题,0,0,"对话内容：  
喂[SEP]你好啊[SEP]能听见我说话吗[SEP]就是我这个卡最近信号特别差[SEP]哎[SEP]能不能帮我看下啊[SEP]就是接电话的时候老是卡一下[SEP]你那边能听见我说话吗[SEP]就是说一接起来就断掉[SEP]然后我老公那边也听不清[SEP]那您这边周围其他人是不是也有这种情况啊[SEP]其他人的手机有没这样的问题[SEP]没有啊[SEP]就我这一个[SEP]就是这个月从一开始信号就不太好[SEP]别人都正常[SEP]就我这边有问题对吧[SEP]那这种情况的话[SEP]您得把卡拿出来放到别的手机上试试看[SEP]因为有可能是卡的问题[SEP]也可能是手机的问题[SEP]如果换手机还是一样[SEP]那就是卡本身出问题了[SEP]这时候您得拿着身份证去营业厅检测一下[SEP]如果卡坏了的话需要换一张[SEP]您先试试换部手机看看行不行[SEP]好嘛[SEP]我这就去试试[SEP]"
"对话内容：  
您好，请讲。喂，你好啊，我这里是二道区东盛大街与龙王路交汇。我就是想投诉一下我们这边移动信号不好。请稍等，我帮您反馈。请问是有时候用不了，还是现在完全没有信号？就是打电话之后没有声音。请问是网络问题还是移动信号？就是移动信号不好，打电话也拨不通。地址是东盛大街与农光路交汇，荣光路那边。手机上打电话和上网都不好用，一直这样，已经投诉好几回了，也没给解决办法。这个问题我帮您反馈一下，稍等。好的，祝您生活愉快，再见。",投诉（含抱怨）网络问题,0,0,"对话内容：  
您好[SEP]请讲[SEP]喂[SEP]你好啊[SEP]我这里是二道区东盛大街与龙王路交汇[SEP]我就是想投诉一下我们这边移动信号不好[SEP]请稍等[SEP]我帮您反馈[SEP]请问是有时候用不了[SEP]还是现在完全没有信号[SEP]就是打电话之后没有声音[SEP]请问是网络问题还是移动信号[SEP]就是移动信号不好[SEP]打电话也拨不通[SEP]地址是东盛大街与农光路交汇[SEP]荣光路那边[SEP]手机上打电话和上网都不好用[SEP]一直这样[SEP]已经投诉好几回了[SEP]也没给解决办法[SEP]这个问题我帮您反馈一下[SEP]稍等[SEP]好的[SEP]祝您生活愉快[SEP]再见[SEP]"
对话内容：呃您好请讲呃支付宝人现在手机有信号接电话功能不好用嗯嗯好的转吧好的呃您好很高兴为您服务喂你好我麻烦问你事啊呃呃您说我这个手机吧知道外打那边打不进来什么原因我想问一下就是您现在状态是正常的但是别人给您打电话打不进来呀是吗对对对对往出打正常吗先生往出打正常啊那比如说别人给您打电话打不进来对方是怎么提示的知道吗一个是正在通话中第二个是无法接通就是要么提示无法接通要么提示正在通话中是吗订对对对对对啊请问有没有把卡放到别的手机上是是这样先生我都试过了都试过了都不好用啊在不好用呃有没有在手机上取消一下那个呼叫转移是谁呀先生我没有啊我不会整那个完的就是有的时候咱们不小心可能就是就是把那个手机的那个无条件呼叫转移就启动了我建议您可以给它取消一下试试行吗我没有那个呼叫转移呀我没有别的电话没有什么呼叫呼叫转移就是你麻烦你给我看一下可以吗这个关键是咱们系统看不到您得在手机上操作取消一下要不然我把取消方式给您发过去然后您要是取消一下试试呢行吗先生完了好的谢谢不客气稍等一下啊别挂我给您发过去好的先生感谢您的耐心等待这个我已经给您发过去了然后您这个它这个操作一下看好不好用有问题您随时跟我们联系停办好的谢谢哎不客气那祝您生活愉快再见和再见,投诉（含抱怨）网络问题,0,0,对话内容：呃您好请讲呃支付宝人现在手机有信号接电话功能不好用嗯嗯好的转吧好的呃您好很高兴为您服务喂你好我麻烦问你事啊呃呃您说我这个手机吧知道外打那边打不进来什么原因我想问一下就是您现在状态是正常的但是别人给您打电话打不进来呀是吗对对对对往出打正常吗先生往出打正常啊那比如说别人给您打电话打不进来对方是怎么提示的知道吗一个是正在通话中第二个是无法接通就是要么提示无法接通要么提示正在通话中是吗订对对对对对啊请问有没有把卡放到别的手机上是是这样先生我都试过了都试过了都不好用啊在不好用呃有没有在手机上取消一下那个呼叫转移是谁呀先生我没有啊我不会整那个完的就是有的时候咱们不小心可能就是就是把那个手机的那个无条件呼叫转移就启动了我建议您可以给它取消一下试试行吗我没有那个呼叫转移呀我没有别的电话没有什么呼叫呼叫转移就是你麻烦你给我看一下可以吗这个关键是咱们系统看不到您得在手机上操作取消一下要不然我把取消方式给您发过去然后您要是取消一下试试呢行吗先生完了好的谢谢不客气稍等一下啊别挂我给您发过去好的先生感谢您的耐心等待这个我已经给您发过去了然后您这个它这个操作一下看好不好用有问题您随时跟我们联系停办好的谢谢哎不客气那祝您生活愉快再见和再见
对话内容：您好，请问您是想咨询一下关于电话号码销户后能不能恢复的事情吗？我这边帮您查一下。请问是哪个号码呢？我是北京的，刚才办理了销户，但是现在有点后悔了，还能不能恢复啊？您这个号码是北京的对吧？如果是在销户之后两个月内的话，可以拿着身份证和销户回执单去营业厅申请恢复，超过两个月就没办法了。我现在刚办完，是不是今天就能去恢复？如果今天能去的话，我这就过去看看。好的，感谢您的咨询，祝您生活愉快。,办理销户/重开,0,0,对话内容：您好[SEP]请问您是想咨询一下关于电话号码销户后能不能恢复的事情吗[SEP]我这边帮您查一下[SEP]请问是哪个号码呢[SEP]我是北京的[SEP]刚才办理了销户[SEP]但是现在有点后悔了[SEP]还能不能恢复啊[SEP]您这个号码是北京的对吧[SEP]如果是在销户之后两个月内的话[SEP]可以拿着身份证和销户回执单去营业厅申请恢复[SEP]超过两个月就没办法了[SEP]我现在刚办完[SEP]是不是今天就能去恢复[SEP]如果今天能去的话[SEP]我这就过去看看[SEP]好的[SEP]感谢您的咨询[SEP]祝您生活愉快[SEP]
对话内容：你好，我想问一下，我上个月把号码注销了，现在又想用回来，可以吗？请您稍等，我帮您查一下。您是哪个地区的号码？我是上海的，销户已经有一个月了，还来得及吗？如果是的话，需要带什么材料呢？您需要在销户后的两个月内带着有效身份证件和销户回执单到当地营业厅申请恢复。现在还来得及，建议尽快办理。谢谢，我这就去处理。,办理销户/重开,0,0,对话内容：你好[SEP]我想问一下[SEP]我上个月把号码注销了[SEP]现在又想用回来[SEP]可以吗[SEP]请您稍等[SEP]我帮您查一下[SEP]您是哪个地区的号码[SEP]我是上海的[SEP]销户已经有一个月了[SEP]还来得及吗[SEP]如果是的话[SEP]需要带什么材料呢[SEP]您需要在销户后的两个月内带着有效身份证件和销户回执单到当地营业厅申请恢复[SEP]现在还来得及[SEP]建议尽快办理[SEP]谢谢[SEP]我这就去处理[SEP]
对话内容：您好，请问您是想了解号码销户后能否恢复吗？我帮您查询一下。您是哪个城市的号码？我是广州的，昨天刚注销，现在又想用了，能恢复吗？如果是在两个月内的话，可以携带身份证和销户回执单到营业厅申请恢复。我刚办完，今天能去吗？如果今天能去的话，我就立刻过去。好的，感谢您的来电。,办理销户/重开,0,0,对话内容：您好[SEP]请问您是想了解号码销户后能否恢复吗[SEP]我帮您查询一下[SEP]您是哪个城市的号码[SEP]我是广州的[SEP]昨天刚注销[SEP]现在又想用了[SEP]能恢复吗[SEP]如果是在两个月内的话[SEP]可以携带身份证和销户回执单到营业厅申请恢复[SEP]我刚办完[SEP]今天能去吗[SEP]如果今天能去的话[SEP]我就立刻过去[SEP]好的[SEP]感谢您的来电[SEP]
对话内容：您好，您是想问销户后能否恢复号码吗？我帮您查一下。请问是哪个号码？我是天津的，上个月注销的，现在有点后悔了，能恢复吗？销户后两个月内可以恢复，超过的话就无法办理了。那我这已经一个月了，还能不能恢复？您可以尽快去营业厅办理，但要带上身份证和销户回执单。好的，感谢您的咨询。,办理销户/重开,0,0,对话内容：您好[SEP]您是想问销户后能否恢复号码吗[SEP]我帮您查一下[SEP]请问是哪个号码[SEP]我是天津的[SEP]上个月注销的[SEP]现在有点后悔了[SEP]能恢复吗[SEP]销户后两个月内可以恢复[SEP]超过的话就无法办理了[SEP]那我这已经一个月了[SEP]还能不能恢复[SEP]您可以尽快去营业厅办理[SEP]但要带上身份证和销户回执单[SEP]好的[SEP]感谢您的咨询[SEP]
对话内容：您好，您是想问号码销户后能不能恢复吗？请稍等我帮您查一下。请问是哪个地区的号码？我是杭州的，刚刚才注销，现在又想用回来了，可以吗？销户后两个月内可以恢复，超过的话就无法办理了。我刚办完，今天能去恢复吗？如果可以的话，我这就去营业厅。好的，感谢您的咨询。,办理销户/重开,0,0,对话内容：您好[SEP]您是想问号码销户后能不能恢复吗[SEP]请稍等我帮您查一下[SEP]请问是哪个地区的号码[SEP]我是杭州的[SEP]刚刚才注销[SEP]现在又想用回来了[SEP]可以吗[SEP]销户后两个月内可以恢复[SEP]超过的话就无法办理了[SEP]我刚办完[SEP]今天能去恢复吗[SEP]如果可以的话[SEP]我这就去营业厅[SEP]好的[SEP]感谢您的咨询[SEP]
对话内容：你好，我想问一下，我上周把号码注销了，现在又想用了，可以恢复吗？请您稍等，我帮您查一下。请问是哪个城市？我是南京的，销户已经一周了，还来得及吗？如果在两个月内的话，可以携带身份证和销户回执单到营业厅申请恢复。我这还有时间，应该能恢复吧？是的，您现在还可以去办理。好的，谢谢。,办理销户/重开,0,0,对话内容：你好[SEP]我想问一下[SEP]我上周把号码注销了[SEP]现在又想用了[SEP]可以恢复吗[SEP]请您稍等[SEP]我帮您查一下[SEP]请问是哪个城市[SEP]我是南京的[SEP]销户已经一周了[SEP]还来得及吗[SEP]如果在两个月内的话[SEP]可以携带身份证和销户回执单到营业厅申请恢复[SEP]我这还有时间[SEP]应该能恢复吧[SEP]是的[SEP]您现在还可以去办理[SEP]好的[SEP]谢谢[SEP]
对话内容：您好，您是想了解销户后能否恢复号码吗？请稍等我帮您查一下。请问是哪个地区？我是深圳的，上个月注销了，现在有点后悔了，能恢复吗？销户后两个月内可以恢复，超过的话就无法办理了。我这已经一个月了，还能不能恢复？如果您今天去的话，应该还能办理。好的，感谢您的咨询。,办理销户/重开,0,0,对话内容：您好[SEP]您是想了解销户后能否恢复号码吗[SEP]请稍等我帮您查一下[SEP]请问是哪个地区[SEP]我是深圳的[SEP]上个月注销了[SEP]现在有点后悔了[SEP]能恢复吗[SEP]销户后两个月内可以恢复[SEP]超过的话就无法办理了[SEP]我这已经一个月了[SEP]还能不能恢复[SEP]如果您今天去的话[SEP]应该还能办理[SEP]好的[SEP]感谢您的咨询[SEP]
对话内容：您好，您是想问号码销户后能不能恢复吗？请稍等我帮您查一下。请问是哪个号码？我是成都的，昨天刚注销，现在又想用回来了，可以吗？如果在两个月内的话，可以携带身份证和销户回执单到营业厅申请恢复。我刚办完，今天能去吗？可以的，建议尽快办理。好的，谢谢。,办理销户/重开,0,0,对话内容：您好[SEP]您是想问号码销户后能不能恢复吗[SEP]请稍等我帮您查一下[SEP]请问是哪个号码[SEP]我是成都的[SEP]昨天刚注销[SEP]现在又想用回来了[SEP]可以吗[SEP]如果在两个月内的话[SEP]可以携带身份证和销户回执单到营业厅申请恢复[SEP]我刚办完[SEP]今天能去吗[SEP]可以的[SEP]建议尽快办理[SEP]好的[SEP]谢谢[SEP]
对话内容：您好，您是想问销户后能否恢复号码吗？我帮您查一下。请问是哪个城市？我是西安的，上个月注销了，现在又想用回来了，可以吗？销户后两个月内可以恢复，超过的话就无法办理了。我这已经一个月了，还能不能恢复？您可以尽快去营业厅办理。好的，感谢您的咨询。,办理销户/重开,0,0,对话内容：您好[SEP]您是想问销户后能否恢复号码吗[SEP]我帮您查一下[SEP]请问是哪个城市[SEP]我是西安的[SEP]上个月注销了[SEP]现在又想用回来了[SEP]可以吗[SEP]销户后两个月内可以恢复[SEP]超过的话就无法办理了[SEP]我这已经一个月了[SEP]还能不能恢复[SEP]您可以尽快去营业厅办理[SEP]好的[SEP]感谢您的咨询[SEP]
对话内容：您好，您是想了解号码销户后能否恢复吗？请稍等我帮您查一下。请问是哪个地区？我是重庆的，昨天刚注销，现在又想用了，能恢复吗？如果在两个月内的话，可以携带身份证和销户回执单到营业厅申请恢复。我刚办完，今天能去吗？可以的，建议尽快办理。好的，谢谢。,办理销户/重开,0,0,对话内容：您好[SEP]您是想了解号码销户后能否恢复吗[SEP]请稍等我帮您查一下[SEP]请问是哪个地区[SEP]我是重庆的[SEP]昨天刚注销[SEP]现在又想用了[SEP]能恢复吗[SEP]如果在两个月内的话[SEP]可以携带身份证和销户回执单到营业厅申请恢复[SEP]我刚办完[SEP]今天能去吗[SEP]可以的[SEP]建议尽快办理[SEP]好的[SEP]谢谢[SEP]
对话内容：您好，您是想问号码销户后能不能恢复吗？我帮您查一下。请问是哪个号码？我是武汉的，上个月注销了，现在有点后悔了，能恢复吗？销户后两个月内可以恢复，超过的话就无法办理了。我这已经一个月了，还能不能恢复？您可以去营业厅咨询一下。好的，感谢您的咨询。,办理销户/重开,0,0,对话内容：您好[SEP]您是想问号码销户后能不能恢复吗[SEP]我帮您查一下[SEP]请问是哪个号码[SEP]我是武汉的[SEP]上个月注销了[SEP]现在有点后悔了[SEP]能恢复吗[SEP]销户后两个月内可以恢复[SEP]超过的话就无法办理了[SEP]我这已经一个月了[SEP]还能不能恢复[SEP]您可以去营业厅咨询一下[SEP]好的[SEP]感谢您的咨询[SEP]
对话内容：您好，您是想了解销户后能否恢复号码吗？请稍等我帮您查一下。请问是哪个城市？我是沈阳的，昨天刚注销，现在又想用回来了，可以吗？如果在两个月内的话，可以携带身份证和销户回执单到营业厅申请恢复。我刚办完，今天能去吗？可以的，建议尽快办理。好的，谢谢。,办理销户/重开,0,0,对话内容：您好[SEP]您是想了解销户后能否恢复号码吗[SEP]请稍等我帮您查一下[SEP]请问是哪个城市[SEP]我是沈阳的[SEP]昨天刚注销[SEP]现在又想用回来了[SEP]可以吗[SEP]如果在两个月内的话[SEP]可以携带身份证和销户回执单到营业厅申请恢复[SEP]我刚办完[SEP]今天能去吗[SEP]可以的[SEP]建议尽快办理[SEP]好的[SEP]谢谢[SEP]
对话内容：您好，您是想问号码销户后能不能恢复吗？我帮您查一下。请问是哪个地区？我是哈尔滨的，上个月注销了，现在又想用了，能恢复吗？销户后两个月内可以恢复，超过的话就无法办理了。我这已经一个月了，还能不能恢复？您可以尽快去营业厅办理。好的，感谢您的咨询。,办理销户/重开,0,0,对话内容：您好[SEP]您是想问号码销户后能不能恢复吗[SEP]我帮您查一下[SEP]请问是哪个地区[SEP]我是哈尔滨的[SEP]上个月注销了[SEP]现在又想用了[SEP]能恢复吗[SEP]销户后两个月内可以恢复[SEP]超过的话就无法办理了[SEP]我这已经一个月了[SEP]还能不能恢复[SEP]您可以尽快去营业厅办理[SEP]好的[SEP]感谢您的咨询[SEP]
对话内容：您好，您是想了解销户后能否恢复号码吗？请稍等我帮您查一下。请问是哪个号码？我是济南的，昨天刚注销，现在又想用了，能恢复吗？如果在两个月内的话，可以携带身份证和销户回执单到营业厅申请恢复。我刚办完，今天能去吗？可以的，建议尽快办理。好的，谢谢。,办理销户/重开,0,0,对话内容：您好[SEP]您是想了解销户后能否恢复号码吗[SEP]请稍等我帮您查一下[SEP]请问是哪个号码[SEP]我是济南的[SEP]昨天刚注销[SEP]现在又想用了[SEP]能恢复吗[SEP]如果在两个月内的话[SEP]可以携带身份证和销户回执单到营业厅申请恢复[SEP]我刚办完[SEP]今天能去吗[SEP]可以的[SEP]建议尽快办理[SEP]好的[SEP]谢谢[SEP]
对话内容：您好，您是想问号码销户后能不能恢复吗？我帮您查一下。请问是哪个地区？我是郑州的，上个月注销了，现在有点后悔了，能恢复吗？销户后两个月内可以恢复，超过的话就无法办理了。我这已经一个月了，还能不能恢复？您可以去营业厅咨询一下。好的，感谢您的咨询。,办理销户/重开,0,0,对话内容：您好[SEP]您是想问号码销户后能不能恢复吗[SEP]我帮您查一下[SEP]请问是哪个地区[SEP]我是郑州的[SEP]上个月注销了[SEP]现在有点后悔了[SEP]能恢复吗[SEP]销户后两个月内可以恢复[SEP]超过的话就无法办理了[SEP]我这已经一个月了[SEP]还能不能恢复[SEP]您可以去营业厅咨询一下[SEP]好的[SEP]感谢您的咨询[SEP]
对话内容：您好，您是想了解销户后能否恢复号码吗？请稍等我帮您查一下。请问是哪个城市？我是合肥的，昨天刚注销，现在又想用回来了，可以吗？如果在两个月内的话，可以携带身份证和销户回执单到营业厅申请恢复。我刚办完，今天能去吗？可以的，建议尽快办理。好的，谢谢。,办理销户/重开,0,0,对话内容：您好[SEP]您是想了解销户后能否恢复号码吗[SEP]请稍等我帮您查一下[SEP]请问是哪个城市[SEP]我是合肥的[SEP]昨天刚注销[SEP]现在又想用回来了[SEP]可以吗[SEP]如果在两个月内的话[SEP]可以携带身份证和销户回执单到营业厅申请恢复[SEP]我刚办完[SEP]今天能去吗[SEP]可以的[SEP]建议尽快办理[SEP]好的[SEP]谢谢[SEP]
对话内容：您好，您是想问号码销户后能不能恢复吗？我帮您查一下。请问是哪个地区？我是南昌的，上个月注销了，现在又想用了，能恢复吗？销户后两个月内可以恢复，超过的话就无法办理了。我这已经一个月了，还能不能恢复？您可以尽快去营业厅办理。好的，感谢您的咨询。,办理销户/重开,0,0,对话内容：您好[SEP]您是想问号码销户后能不能恢复吗[SEP]我帮您查一下[SEP]请问是哪个地区[SEP]我是南昌的[SEP]上个月注销了[SEP]现在又想用了[SEP]能恢复吗[SEP]销户后两个月内可以恢复[SEP]超过的话就无法办理了[SEP]我这已经一个月了[SEP]还能不能恢复[SEP]您可以尽快去营业厅办理[SEP]好的[SEP]感谢您的咨询[SEP]
对话内容：您好，您是想了解销户后能否恢复号码吗？请稍等我帮您查一下。请问是哪个号码？我是昆明的，昨天刚注销，现在又想用回来了，可以吗？如果在两个月内的话，可以携带身份证和销户回执单到营业厅申请恢复。我刚办完，今天能去吗？可以的，建议尽快办理。好的，谢谢。,办理销户/重开,0,0,对话内容：您好[SEP]您是想了解销户后能否恢复号码吗[SEP]请稍等我帮您查一下[SEP]请问是哪个号码[SEP]我是昆明的[SEP]昨天刚注销[SEP]现在又想用回来了[SEP]可以吗[SEP]如果在两个月内的话[SEP]可以携带身份证和销户回执单到营业厅申请恢复[SEP]我刚办完[SEP]今天能去吗[SEP]可以的[SEP]建议尽快办理[SEP]好的[SEP]谢谢[SEP]
对话内容：您好，您是想问号码销户后能不能恢复吗？我帮您查一下。请问是哪个地区？我是福州的，上个月注销了，现在有点后悔了，能恢复吗？销户后两个月内可以恢复，超过的话就无法办理了。我这已经一个月了，还能不能恢复？您可以去营业厅咨询一下。好的，感谢您的咨询。,办理销户/重开,0,0,对话内容：您好[SEP]您是想问号码销户后能不能恢复吗[SEP]我帮您查一下[SEP]请问是哪个地区[SEP]我是福州的[SEP]上个月注销了[SEP]现在有点后悔了[SEP]能恢复吗[SEP]销户后两个月内可以恢复[SEP]超过的话就无法办理了[SEP]我这已经一个月了[SEP]还能不能恢复[SEP]您可以去营业厅咨询一下[SEP]好的[SEP]感谢您的咨询[SEP]
"对话内容：您好，中国移动客服，请问有什么可以帮您？  
用户：你好，我想查一下我之前积分兑换的手机壳是发什么快递的？  
客服：好的，请问您有订单号吗？  
用户：没有，我记得是上周兑换的。  
客服：那您方便提供一下兑换时使用的手机号码吗？我们帮您查询一下。  
用户：是138开头的，13812345678。  
客服：好的，稍等一下，我帮您查一下物流信息。  
用户：好的，麻烦你了。  
客服：您的商品是通过顺丰快递发出的，预计明天送达。  
用户：哦，好的，谢谢。",咨询（含查询）电商货品信息,0,0,"对话内容：您好[SEP]中国移动客服[SEP]请问有什么可以帮您[SEP]  
用户：你好[SEP]我想查一下我之前积分兑换的手机壳是发什么快递的[SEP]  
客服：好的[SEP]请问您有订单号吗[SEP]  
用户：没有[SEP]我记得是上周兑换的[SEP]  
客服：那您方便提供一下兑换时使用的手机号码吗[SEP]我们帮您查询一下[SEP]  
用户：是138开头的[SEP]13812345678[SEP]  
客服：好的[SEP]稍等一下[SEP]我帮您查一下物流信息[SEP]  
用户：好的[SEP]麻烦你了[SEP]  
客服：您的商品是通过顺丰快递发出的[SEP]预计明天送达[SEP]  
用户：哦[SEP]好的[SEP]谢谢[SEP]"
"对话内容：您好，中国移动客服，很高兴为您服务。  
用户：喂，我要问一下积分兑换的礼品快递是哪个公司的？  
客服：请问您兑换的是什么礼品呢？  
用户：是一个充电宝，我忘了是什么快递了。  
客服：您方便提供一下订单号吗？  
用户：订单号是202309123456。  
客服：好的，我帮您查一下，您的快递是通过中通发出的。  
用户：中通啊，好的，谢谢你。",咨询（含查询）电商货品信息,0,0,"对话内容：您好[SEP]中国移动客服[SEP]很高兴为您服务[SEP]  
用户：喂[SEP]我要问一下积分兑换的礼品快递是哪个公司的[SEP]  
客服：请问您兑换的是什么礼品呢[SEP]  
用户：是一个充电宝[SEP]我忘了是什么快递了[SEP]  
客服：您方便提供一下订单号吗[SEP]  
用户：订单号是202309123456[SEP]  
客服：好的[SEP]我帮您查一下[SEP]您的快递是通过中通发出的[SEP]  
用户：中通啊[SEP]好的[SEP]谢谢你[SEP]"
"对话内容：您好，中国移动客服，很高兴为您服务。  
用户：你好，我刚用积分兑换了水杯，想知道快递是哪家的。  
客服：请问您有订单号吗？  
用户：没有，我是通过APP兑换的。  
客服：那您能告诉我兑换的时间和商品名称吗？  
用户：大概三天前，是那个蓝色的保温杯。  
客服：好的，我帮您查一下，您的快递是通过邮政发出的。  
用户：好的，谢谢。",咨询（含查询）电商货品信息,0,0,"对话内容：您好[SEP]中国移动客服[SEP]很高兴为您服务[SEP]  
用户：你好[SEP]我刚用积分兑换了水杯[SEP]想知道快递是哪家的[SEP]  
客服：请问您有订单号吗[SEP]  
用户：没有[SEP]我是通过APP兑换的[SEP]  
客服：那您能告诉我兑换的时间和商品名称吗[SEP]  
用户：大概三天前[SEP]是那个蓝色的保温杯[SEP]  
客服：好的[SEP]我帮您查一下[SEP]您的快递是通过邮政发出的[SEP]  
用户：好的[SEP]谢谢[SEP]"
"对话内容：您好，中国移动客服，很高兴为您服务。  
用户：喂，我问一下积分兑换的东西是用什么快递送的？  
客服：请问您兑换的是什么商品呢？  
用户：一个蓝牙耳机，我记得是昨天兑换的。  
客服：您方便提供一下订单号吗？  
用户：订单号是202309101234。  
客服：好的，我帮您查一下，您的快递是通过圆通发出的。  
用户：圆通啊，好的，谢谢。",咨询（含查询）电商货品信息,0,0,"对话内容：您好[SEP]中国移动客服[SEP]很高兴为您服务[SEP]  
用户：喂[SEP]我问一下积分兑换的东西是用什么快递送的[SEP]  
客服：请问您兑换的是什么商品呢[SEP]  
用户：一个蓝牙耳机[SEP]我记得是昨天兑换的[SEP]  
客服：您方便提供一下订单号吗[SEP]  
用户：订单号是202309101234[SEP]  
客服：好的[SEP]我帮您查一下[SEP]您的快递是通过圆通发出的[SEP]  
用户：圆通啊[SEP]好的[SEP]谢谢[SEP]"
"对话内容：您好，中国移动客服，很高兴为您服务。  
用户：你好，我想问问积分兑换的礼品是哪个快递公司发的？  
客服：请问您有订单号吗？  
用户：有的，订单号是202309010001。  
客服：好的，我帮您查一下，您的快递是通过顺丰发出的。  
用户：顺丰啊，那应该挺快的吧？  
客服：是的，一般两到三天就能到。  
用户：好的，谢谢。",咨询（含查询）电商货品信息,0,0,"对话内容：您好[SEP]中国移动客服[SEP]很高兴为您服务[SEP]  
用户：你好[SEP]我想问问积分兑换的礼品是哪个快递公司发的[SEP]  
客服：请问您有订单号吗[SEP]  
用户：有的[SEP]订单号是202309010001[SEP]  
客服：好的[SEP]我帮您查一下[SEP]您的快递是通过顺丰发出的[SEP]  
用户：顺丰啊[SEP]那应该挺快的吧[SEP]  
客服：是的[SEP]一般两到三天就能到[SEP]  
用户：好的[SEP]谢谢[SEP]"
"对话内容：您好，中国移动客服，很高兴为您服务。  
用户：你好，我刚用积分兑换了鼠标，想问下快递是哪个公司的。  
客服：请问您有订单号吗？  
用户：没有，我是在营业厅兑换的。  
客服：那您能告诉我兑换的时间和商品名称吗？  
用户：是上周三，兑换的是无线鼠标。  
客服：好的，我帮您查一下，您的快递是通过京东物流发出的。  
用户：京东啊，好，谢谢。",咨询（含查询）电商货品信息,0,0,"对话内容：您好[SEP]中国移动客服[SEP]很高兴为您服务[SEP]  
用户：你好[SEP]我刚用积分兑换了鼠标[SEP]想问下快递是哪个公司的[SEP]  
客服：请问您有订单号吗[SEP]  
用户：没有[SEP]我是在营业厅兑换的[SEP]  
客服：那您能告诉我兑换的时间和商品名称吗[SEP]  
用户：是上周三[SEP]兑换的是无线鼠标[SEP]  
客服：好的[SEP]我帮您查一下[SEP]您的快递是通过京东物流发出的[SEP]  
用户：京东啊[SEP]好[SEP]谢谢[SEP]"
"对话内容：您好，中国移动客服，很高兴为您服务。  
用户：你好，我兑换了一个U盘，想确认快递是哪个公司的。  
客服：请问您有订单号吗？  
用户：没有，我是在网上兑换的。  
客服：那您能告诉我兑换时间吗？  
用户：大概是上个月十号左右。  
客服：好的，我帮您查一下，您的快递是通过EMS发出的。  
用户：EMS啊，好的，谢谢。",咨询（含查询）电商货品信息,0,0,"对话内容：您好[SEP]中国移动客服[SEP]很高兴为您服务[SEP]  
用户：你好[SEP]我兑换了一个U盘[SEP]想确认快递是哪个公司的[SEP]  
客服：请问您有订单号吗[SEP]  
用户：没有[SEP]我是在网上兑换的[SEP]  
客服：那您能告诉我兑换时间吗[SEP]  
用户：大概是上个月十号左右[SEP]  
客服：好的[SEP]我帮您查一下[SEP]您的快递是通过EMS发出的[SEP]  
用户：EMS啊[SEP]好的[SEP]谢谢[SEP]"
"对话内容：您好，中国移动客服，很高兴为您服务。  
用户：喂，我想知道积分兑换的商品是用什么快递寄出的。  
客服：请问您有订单号吗？  
用户：有的，订单号是202308251234。  
客服：好的，我帮您查一下，您的快递是通过德邦发出的。  
用户：德邦？那是不是比较慢？  
客服：一般是两到三天，您可以关注一下物流信息。  
用户：好的，谢谢。",咨询（含查询）电商货品信息,0,0,"对话内容：您好[SEP]中国移动客服[SEP]很高兴为您服务[SEP]  
用户：喂[SEP]我想知道积分兑换的商品是用什么快递寄出的[SEP]  
客服：请问您有订单号吗[SEP]  
用户：有的[SEP]订单号是202308251234[SEP]  
客服：好的[SEP]我帮您查一下[SEP]您的快递是通过德邦发出的[SEP]  
用户：德邦[SEP]那是不是比较慢[SEP]  
客服：一般是两到三天[SEP]您可以关注一下物流信息[SEP]  
用户：好的[SEP]谢谢[SEP]"
"对话内容：您好，中国移动客服，很高兴为您服务。  
用户：你好，我兑换了一个保温杯，想问一下快递是哪个公司的。  
客服：请问您有订单号吗？  
用户：没有，我是在微信公众号兑换的。  
客服：那您能告诉我兑换时间吗？  
用户：大概是上个月初。  
客服：好的，我帮您查一下，您的快递是通过韵达发出的。  
用户：韵达啊，好的，谢谢。",咨询（含查询）电商货品信息,0,0,"对话内容：您好[SEP]中国移动客服[SEP]很高兴为您服务[SEP]  
用户：你好[SEP]我兑换了一个保温杯[SEP]想问一下快递是哪个公司的[SEP]  
客服：请问您有订单号吗[SEP]  
用户：没有[SEP]我是在微信公众号兑换的[SEP]  
客服：那您能告诉我兑换时间吗[SEP]  
用户：大概是上个月初[SEP]  
客服：好的[SEP]我帮您查一下[SEP]您的快递是通过韵达发出的[SEP]  
用户：韵达啊[SEP]好的[SEP]谢谢[SEP]"
"对话内容：您好，中国移动客服，很高兴为您服务。  
用户：你好，我兑换了一件衣服，想问下快递是哪个公司的。  
客服：请问您有订单号吗？  
用户：有的，订单号是202309051234。  
客服：好的，我帮您查一下，您的快递是通过顺丰发出的。  
用户：顺丰啊，那应该很快对吧？  
客服：是的，一般两到三天就能到。  
用户：好的，谢谢。",咨询（含查询）电商货品信息,0,0,"对话内容：您好[SEP]中国移动客服[SEP]很高兴为您服务[SEP]  
用户：你好[SEP]我兑换了一件衣服[SEP]想问下快递是哪个公司的[SEP]  
客服：请问您有订单号吗[SEP]  
用户：有的[SEP]订单号是202309051234[SEP]  
客服：好的[SEP]我帮您查一下[SEP]您的快递是通过顺丰发出的[SEP]  
用户：顺丰啊[SEP]那应该很快对吧[SEP]  
客服：是的[SEP]一般两到三天就能到[SEP]  
用户：好的[SEP]谢谢[SEP]"
"对话内容：您好，中国移动客服，很高兴为您服务。  
用户：你好，我想问一下积分兑换的礼品快递是哪个公司的。  
客服：请问您有订单号吗？  
用户：没有，我是在营业厅兑换的。  
客服：那您能告诉我兑换时间吗？  
用户：大概是上个月二十号左右。  
客服：好的，我帮您查一下，您的快递是通过中通发出的。  
用户：中通啊，好的，谢谢。",咨询（含查询）电商货品信息,0,0,"对话内容：您好[SEP]中国移动客服[SEP]很高兴为您服务[SEP]  
用户：你好[SEP]我想问一下积分兑换的礼品快递是哪个公司的[SEP]  
客服：请问您有订单号吗[SEP]  
用户：没有[SEP]我是在营业厅兑换的[SEP]  
客服：那您能告诉我兑换时间吗[SEP]  
用户：大概是上个月二十号左右[SEP]  
客服：好的[SEP]我帮您查一下[SEP]您的快递是通过中通发出的[SEP]  
用户：中通啊[SEP]好的[SEP]谢谢[SEP]"
"对话内容：您好，中国移动客服，很高兴为您服务。  
用户：你好，我刚刚用积分兑换了台灯，想确认快递是哪个公司的。  
客服：请问您有订单号吗？  
用户：有的，订单号是202309150001。  
客服：好的，我帮您查一下，您的快递是通过圆通发出的。  
用户：圆通啊，好的，谢谢。",咨询（含查询）电商货品信息,0,0,"对话内容：您好[SEP]中国移动客服[SEP]很高兴为您服务[SEP]  
用户：你好[SEP]我刚刚用积分兑换了台灯[SEP]想确认快递是哪个公司的[SEP]  
客服：请问您有订单号吗[SEP]  
用户：有的[SEP]订单号是202309150001[SEP]  
客服：好的[SEP]我帮您查一下[SEP]您的快递是通过圆通发出的[SEP]  
用户：圆通啊[SEP]好的[SEP]谢谢[SEP]"
"对话内容：您好，中国移动客服，很高兴为您服务。  
用户：你好，我兑换了一个小风扇，想问下快递是哪个公司的。  
客服：请问您有订单号吗？  
用户：没有，我是在APP上兑换的。  
客服：那您能告诉我兑换时间吗？  
用户：大概两天前。  
客服：好的，我帮您查一下，您的快递是通过京东物流发出的。  
用户：京东物流啊，好的，谢谢。",咨询（含查询）电商货品信息,0,0,"对话内容：您好[SEP]中国移动客服[SEP]很高兴为您服务[SEP]  
用户：你好[SEP]我兑换了一个小风扇[SEP]想问下快递是哪个公司的[SEP]  
客服：请问您有订单号吗[SEP]  
用户：没有[SEP]我是在APP上兑换的[SEP]  
客服：那您能告诉我兑换时间吗[SEP]  
用户：大概两天前[SEP]  
客服：好的[SEP]我帮您查一下[SEP]您的快递是通过京东物流发出的[SEP]  
用户：京东物流啊[SEP]好的[SEP]谢谢[SEP]"
"对话内容：您好，中国移动客服，很高兴为您服务。  
用户：你好，我兑换了一个蓝牙音箱，想问下快递是哪个公司的。  
客服：请问您有订单号吗？  
用户：有的，订单号是202309080001。  
客服：好的，我帮您查一下，您的快递是通过顺丰发出的。  
用户：顺丰啊，好的，谢谢。",咨询（含查询）电商货品信息,0,0,"对话内容：您好[SEP]中国移动客服[SEP]很高兴为您服务[SEP]  
用户：你好[SEP]我兑换了一个蓝牙音箱[SEP]想问下快递是哪个公司的[SEP]  
客服：请问您有订单号吗[SEP]  
用户：有的[SEP]订单号是202309080001[SEP]  
客服：好的[SEP]我帮您查一下[SEP]您的快递是通过顺丰发出的[SEP]  
用户：顺丰啊[SEP]好的[SEP]谢谢[SEP]"
"对话内容：您好，中国移动客服，很高兴为您服务。  
用户：你好，我兑换了一个雨伞，想问下快递是哪个公司的。  
客服：请问您有订单号吗？  
用户：没有，我是在微信上兑换的。  
客服：那您能告诉我兑换时间吗？  
用户：大概是上个月月底。  
客服：好的，我帮您查一下，您的快递是通过EMS发出的。  
用户：EMS啊，好的，谢谢。",咨询（含查询）电商货品信息,0,0,"对话内容：您好[SEP]中国移动客服[SEP]很高兴为您服务[SEP]  
用户：你好[SEP]我兑换了一个雨伞[SEP]想问下快递是哪个公司的[SEP]  
客服：请问您有订单号吗[SEP]  
用户：没有[SEP]我是在微信上兑换的[SEP]  
客服：那您能告诉我兑换时间吗[SEP]  
用户：大概是上个月月底[SEP]  
客服：好的[SEP]我帮您查一下[SEP]您的快递是通过EMS发出的[SEP]  
用户：EMS啊[SEP]好的[SEP]谢谢[SEP]"
"对话内容：您好，中国移动客服，很高兴为您服务。  
用户：你好，我兑换了一个书包，想问下快递是哪个公司的。  
客服：请问您有订单号吗？  
用户：有的，订单号是202309100001。  
客服：好的，我帮您查一下，您的快递是通过韵达发出的。  
用户：韵达啊，好的，谢谢。",咨询（含查询）电商货品信息,0,0,"对话内容：您好[SEP]中国移动客服[SEP]很高兴为您服务[SEP]  
用户：你好[SEP]我兑换了一个书包[SEP]想问下快递是哪个公司的[SEP]  
客服：请问您有订单号吗[SEP]  
用户：有的[SEP]订单号是202309100001[SEP]  
客服：好的[SEP]我帮您查一下[SEP]您的快递是通过韵达发出的[SEP]  
用户：韵达啊[SEP]好的[SEP]谢谢[SEP]"
"对话内容：您好，中国移动客服，很高兴为您服务。  
用户：你好，我兑换了一个杯子，想问下快递是哪个公司的。  
客服：请问您有订单号吗？  
用户：没有，我是在营业厅兑换的。  
客服：那您能告诉我兑换时间吗？  
用户：大概是上个月十五号左右。  
客服：好的，我帮您查一下，您的快递是通过德邦发出的。  
用户：德邦啊，好的，谢谢。",咨询（含查询）电商货品信息,0,0,"对话内容：您好[SEP]中国移动客服[SEP]很高兴为您服务[SEP]  
用户：你好[SEP]我兑换了一个杯子[SEP]想问下快递是哪个公司的[SEP]  
客服：请问您有订单号吗[SEP]  
用户：没有[SEP]我是在营业厅兑换的[SEP]  
客服：那您能告诉我兑换时间吗[SEP]  
用户：大概是上个月十五号左右[SEP]  
客服：好的[SEP]我帮您查一下[SEP]您的快递是通过德邦发出的[SEP]  
用户：德邦啊[SEP]好的[SEP]谢谢[SEP]"
"对话内容：您好，中国移动客服，很高兴为您服务。  
用户：你好，我想问一下积分兑换的礼品快递是哪个公司的。  
客服：请问您有订单号吗？  
用户：有的，订单号是202309",咨询（含查询）电商货品信息,0,0,"对话内容：您好[SEP]中国移动客服[SEP]很高兴为您服务[SEP]  
用户：你好[SEP]我想问一下积分兑换的礼品快递是哪个公司的[SEP]  
客服：请问您有订单号吗[SEP]  
用户：有的[SEP]订单号是202309"
